,1s,1s,1s,2p,2p,2p,2s,2s,2s
,x,y,z,x,y,z,x,y,z
0,,,,,,,,,
27.21,,,,8.4109,8.4187,8.4016,,,
40.81,,,,7.0017,7.009,7.0329,,,
54.42,,,,5.5425,5.5551,5.5877,0.56336,0.56182,0.49344
68.02,,,,4.2853,4.2945,4.3251,0.51584,0.51466,0.46076
81.63,,,,3.2874,3.2982,3.324,0.46546,0.46458,0.42162
95.23,,,,2.5371,2.5475,2.5683,0.41698,0.41635,0.3817
108.84,,,,1.9836,1.9914,2.008,0.37257,0.37214,0.34387
122.44,,,,1.5716,1.5793,1.5927,0.33295,0.33269,0.30936
136.05,,,,1.263,1.2711,1.2818,0.29814,0.29802,0.27855
149.65,,,,1.0304,1.037,1.0456,0.26779,0.26777,0.25136
163.26,,,,0.85094,0.85641,0.86338,0.24139,0.24147,0.22749
176.86,,,,0.70932,0.71483,0.72052,0.21842,0.21858,0.20657
190.47,,,,0.59661,0.60227,0.60687,0.19839,0.1986,0.1882
204.07,,,,0.50657,0.51159,0.51529,0.18083,0.1811,0.17202
217.68,,,,0.43353,0.43767,0.44066,0.16539,0.1657,0.15772
231.28,,,,0.37305,0.37683,0.37924,0.15173,0.15208,0.14502
244.89,,,,0.32248,0.32635,0.32828,0.13959,0.13997,0.1337
258.49,,,,0.28034,0.28419,0.2857,0.12875,0.12915,0.12355
272.1,,,,0.24528,0.24873,0.24988,0.11902,0.11945,0.11442
285.7,,,,0.21581,0.21873,0.2196,0.11027,0.11071,0.10618
299.31,,,,0.1906,0.19321,0.19386,0.10236,0.10281,0.098716
312.91,,,,0.16883,0.17141,0.17187,0.095192,0.095657,0.091939
326.52,,,,0.15008,0.15271,0.153,0.088681,0.089156,0.08577
340.12,,,,0.13406,0.13659,0.13673,0.082754,0.083236,0.080143
353.73,,,,0.12038,0.12263,0.12264,0.077348,0.077835,0.075001
367.33,,,,0.10854,0.11048,0.1104,0.072409,0.072899,0.070295
380.94,,,,0.098096,0.099856,0.099698,0.067888,0.068381,0.065982
394.54,,,,0.088807,0.09054,0.090317,0.063744,0.064238,0.062022
408.15,,,,0.080572,0.082338,0.082057,0.05994,0.060435,0.058382
421.75,,,,0.073349,0.075088,0.074755,0.056442,0.056937,0.055031
435.36,,,,0.067045,0.068654,0.068276,0.053222,0.053716,0.051943
448.96,,,,0.061503,0.062919,0.062506,0.050253,0.050745,0.049091
462.57,,,,0.056541,0.05779,0.057351,0.04751,0.048,0.046453
476.17,,,,0.052024,0.053189,0.052731,0.044973,0.045459,0.044011
489.78,,,,0.047891,0.049051,0.048577,0.042621,0.043104,0.041745
503.38,,,,0.044141,0.045321,0.044832,0.040438,0.040918,0.039639
516.99,,,,0.040784,0.04195,0.041447,0.038408,0.038884,0.03768
530.59,,,,0.037803,0.038894,0.03838,0.036517,0.036989,0.035852
544.2,,,,0.035143,0.036116,0.035595,0.034753,0.035221,0.034146
557.8,,,,0.032729,0.033585,0.033061,0.033104,0.033567,0.03255
571.41,,,,0.030497,0.031275,0.030751,0.031562,0.03202,0.031055
585.01,,,,0.028412,0.029164,0.028641,0.030116,0.030569,0.029653
598.62,,,,0.026471,0.027232,0.02671,0.028759,0.029206,0.028335
612.22,,,,0.024692,0.025462,0.024942,0.027483,0.027925,0.027096
625.83,,,,0.023084,0.023837,0.023318,0.026282,0.026719,0.025928
639.43,,,,0.021643,0.022343,0.021826,0.025151,0.025583,0.024828
653.04,,,,0.020343,0.020965,0.020453,0.024084,0.024511,0.023789
666.64,,,,0.019148,0.019694,0.019188,0.023077,0.023498,0.022807
680.25,,,,0.018028,0.01852,0.01802,0.022126,0.022541,0.021879
693.85,,,,0.016964,0.017433,0.016941,0.021226,0.021635,0.021001
707.46,,,,0.015956,0.016428,0.015942,0.020375,0.020777,0.020169
721.06,,,,0.015015,0.015496,0.015017,0.019568,0.019965,0.01938
734.67,,,,0.014151,0.014631,0.01416,0.018804,0.019195,0.018632
748.27,,,,0.01337,0.013828,0.013363,0.018078,0.018464,0.017922
761.88,,,,0.012664,0.013081,0.012622,0.01739,0.01777,0.017248
775.48,,,,0.01202,0.012384,0.011933,0.016737,0.017111,0.016608
789.09,,,,0.011418,0.011734,0.011291,0.016117,0.016485,0.015999
802.69,,,,0.010843,0.011127,0.010692,0.015527,0.015889,0.01542
816.3,,,,0.010288,0.010559,0.010132,0.014966,0.015322,0.014869
829.9,,,,0.0097541,0.010028,0.0096094,0.014432,0.014783,0.014344
843.51,,,,0.009249,0.0095305,0.0091201,0.013924,0.014269,0.013844
857.11,0.062164,0.060243,0.059024,0.0087807,0.0090648,0.0086619,0.01344,0.013779,0.013367
870.72,0.060893,0.058977,0.057794,0.008354,0.0086281,0.0082323,0.012978,0.013312,0.012913
884.32,0.059657,0.057747,0.056599,0.0079678,0.0082179,0.0078293,0.012538,0.012866,0.012479
897.93,0.058455,0.056551,0.055438,0.0076155,0.0078321,0.0074508,0.012118,0.01244,0.012064
911.53,0.057286,0.055387,0.054308,0.0072871,0.0074689,0.0070951,0.011717,0.012034,0.011669
925.14,0.056147,0.054256,0.05321,0.0069729,0.0071265,0.0067606,0.011334,0.011645,0.01129
938.74,0.055039,0.053155,0.052141,0.0066665,0.0068038,0.0064457,0.010968,0.011274,0.010928
952.35,0.053959,0.052083,0.0511,0.0063662,0.0064996,0.0061491,0.010617,0.010918,0.010582
965.95,0.052909,0.051041,0.050089,0.0060749,0.0062127,0.0058696,0.010282,0.010578,0.01025
979.56,0.051885,0.050026,0.049103,0.0057977,0.0059419,0.0056059,0.0099612,0.010252,0.0099326
993.16,0.050887,0.049037,0.048143,0.00554,0.0056863,0.005357,0.0096537,0.009939,0.009628
1006.77,0.049914,0.048073,0.047207,0.0053049,0.0054447,0.0051219,0.0093589,0.0096391,0.0093359
1020.37,0.048966,0.047134,0.046296,0.0050922,0.0052162,0.0048998,0.0090764,0.0093516,0.0090558
1033.98,0.04804,0.046218,0.045407,0.0048981,0.0049997,0.0046898,0.0088052,0.0090755,0.0087867
1047.58,0.047137,0.045326,0.044541,0.004717,0.0047945,0.004491,0.008545,0.0088103,0.0085283
1061.19,0.046256,0.044455,0.043696,0.0045429,0.0045997,0.0043029,0.0082952,0.0085555,0.00828
1074.79,0.045395,0.043605,0.042871,0.0043715,0.0044149,0.0041246,0.0080551,0.0083105,0.0080413
1088.4,0.044556,0.042777,0.042067,0.0042012,0.0042395,0.0039557,0.0078245,0.0080751,0.0078118
1102.0,0.043735,0.041968,0.041282,0.0040328,0.0040731,0.0037956,0.0076026,0.0078485,0.007591
1115.61,0.042934,0.041179,0.040516,0.0038693,0.0039151,0.0036435,0.0073892,0.0076304,0.0073784
1129.21,0.042152,0.040408,0.039768,0.0037146,0.003765,0.0034992,0.0071838,0.0074204,0.0071738
1142.82,0.041388,0.039656,0.039039,0.0035718,0.0036225,0.0033622,0.0069861,0.0072182,0.0069768
1156.42,0.040641,0.038922,0.038326,0.003442,0.0034868,0.0032318,0.0067957,0.0070233,0.0067869
1170.03,0.039912,0.038205,0.03763,0.0033249,0.0033576,0.0031079,0.0066123,0.0068355,0.0066039
1183.63,0.039199,0.037505,0.03695,0.0032177,0.0032344,0.00299,0.0064357,0.0066544,0.0064274
1197.24,0.038502,0.036821,0.036286,0.0031168,0.0031168,0.0028778,0.0062655,0.0064798,0.0062573
1210.84,0.037821,0.036153,0.035638,0.0030188,0.0030047,0.0027709,0.0061015,0.0063114,0.0060932
1224.45,0.037156,0.035501,0.035005,0.0029208,0.0028975,0.0026689,0.0059433,0.0061489,0.0059349
1238.05,0.036506,0.034864,0.034387,0.0028218,0.0027951,0.0025718,0.0057906,0.005992,0.005782
1251.66,0.03587,0.034242,0.033783,0.0027224,0.0026974,0.002479,0.0056433,0.0058404,0.0056344
1265.26,0.035248,0.033634,0.033192,0.0026245,0.0026041,0.0023905,0.0055011,0.0056941,0.0054919
1278.87,0.034641,0.03304,0.032616,0.0025307,0.002515,0.002306,0.0053638,0.0055528,0.0053543
1292.47,0.034047,0.03246,0.032053,0.0024432,0.0024297,0.0022252,0.0052312,0.0054163,0.0052213
1306.08,0.033466,0.031893,0.031502,0.0023634,0.0023482,0.002148,0.0051031,0.0052843,0.0050928
1319.68,0.032899,0.031339,0.030964,0.0022916,0.0022701,0.0020742,0.0049793,0.0051566,0.0049685
1333.29,0.032343,0.030798,0.030439,0.0022266,0.0021952,0.0020035,0.0048597,0.0050331,0.0048483
1346.89,0.031801,0.030269,0.029925,0.0021665,0.0021234,0.0019358,0.0047442,0.0049138,0.0047322
1360.5,0.031269,0.029752,0.029423,0.0021088,0.0020544,0.001871,0.0046324,0.0047982,0.0046196
1374.1,0.03075,0.029247,0.028932,0.0020513,0.0019882,0.0018089,0.0045243,0.0046863,0.0045108
1387.71,0.030242,0.028753,0.028452,0.0019927,0.0019245,0.0017493,0.0044197,0.004578,0.0044054
1401.31,0.029744,0.028269,0.027983,0.0019326,0.0018634,0.0016922,0.0043184,0.0044731,0.0043033
1414.92,0.029257,0.027796,0.027523,0.0018715,0.0018047,0.0016374,0.0042202,0.0043714,0.0042044
1428.52,0.028781,0.027335,0.027075,0.0018109,0.0017484,0.0015849,0.0041253,0.004273,0.0041087
1442.13,0.028315,0.026883,0.026636,0.0017525,0.0016943,0.0015344,0.0040333,0.0041775,0.0040159
1455.73,0.027859,0.026441,0.026206,0.001698,0.0016423,0.0014859,0.0039441,0.0040849,0.0039258
1469.34,0.027412,0.026009,0.025785,0.0016483,0.0015923,0.0014392,0.0038576,0.0039951,0.0038385
1482.94,0.026973,0.025585,0.025373,0.0016037,0.0015441,0.0013944,0.0037737,0.0039079,0.0037538
1496.55,0.026546,0.025171,0.024971,0.0015638,0.0014978,0.0013514,0.0036925,0.0038235,0.0036717
1510.15,0.026126,0.024765,0.024577,0.0015271,0.0014532,0.00131,0.0036136,0.0037413,0.0035919
1523.76,0.025714,0.024368,0.02419,0.0014923,0.0014101,0.0012701,0.0035371,0.0036616,0.0035144
1537.36,0.025311,0.023979,0.023812,0.0014576,0.0013685,0.0012317,0.0034629,0.0035841,0.0034392
1550.97,0.024916,0.023599,0.023442,0.0014221,0.0013284,0.0011948,0.0033908,0.0035089,0.0033662
1564.57,0.024528,0.023225,0.023078,0.001385,0.0012897,0.0011592,0.0033206,0.0034356,0.0032951
1578.18,0.024149,0.02286,0.022724,0.0013465,0.0012524,0.001125,0.0032527,0.0033647,0.0032262
1591.78,0.023777,0.022502,0.022375,0.0013073,0.0012164,0.001092,0.0031865,0.0032955,0.0031591
1605.39,0.023412,0.022152,0.022034,0.0012686,0.0011817,0.0010601,0.0031222,0.0032282,0.0030938
1618.99,0.023054,0.021808,0.021699,0.0012315,0.0011483,0.0010295,0.0030597,0.0031628,0.0030304
1632.6,0.022703,0.021471,0.021371,0.0011971,0.001116,0.00099988,0.0029989,0.0030992,0.0029686
1646.2,0.022359,0.021141,0.02105,0.0011662,0.001085,0.00097139,0.0029398,0.0030373,0.0029086
1659.81,0.022021,0.020817,0.020735,0.0011385,0.0010549,0.00094385,0.0028822,0.0029769,0.0028501
1673.41,0.02169,0.0205,0.020425,0.0011139,0.0010258,0.00091729,0.0028262,0.0029182,0.0027932
1687.02,0.021365,0.020189,0.020122,0.0010915,0.00099771,0.00089165,0.0027717,0.0028609,0.0027378
1700.62,0.021046,0.019884,0.019825,0.0010701,0.00097049,0.0008669,0.0027187,0.0028052,0.0026838
1714.23,0.020733,0.019585,0.019534,0.0010487,0.00094412,0.00084297,0.0026671,0.002751,0.0026312
1727.83,0.020426,0.019292,0.019248,0.0010265,0.00091866,0.00081992,0.0026168,0.0026981,0.0025801
1741.44,0.020124,0.019004,0.018967,0.001003,0.00089396,0.0007976,0.0025679,0.0026465,0.0025302
1755.04,0.019828,0.018722,0.018692,0.00097813,0.00087007,0.00077603,0.0025202,0.0025963,0.0024815
1768.65,0.019538,0.018445,0.018422,0.00095238,0.00084697,0.0007552,0.0024736,0.0025472,0.0024341
1782.25,0.019252,0.018173,0.018157,0.00092647,0.00082463,0.00073505,0.0024283,0.0024994,0.0023879
1795.86,0.018973,0.017907,0.017897,0.00090122,0.00080301,0.00071554,0.0023842,0.0024529,0.0023429
1809.46,0.018698,0.017646,0.017642,0.00087755,0.00078216,0.00069673,0.0023411,0.0024074,0.002299
1823.07,0.018428,0.01739,0.017392,0.00085593,0.00076192,0.00067848,0.0022991,0.0023631,0.0022561
1836.67,0.018164,0.017138,0.017147,0.00083672,0.00074233,0.00066083,0.0022582,0.0023199,0.0022144
1850.28,0.017903,0.016891,0.016905,0.00081983,0.00072336,0.00064375,0.0022182,0.0022776,0.0021736
1863.88,0.017648,0.016649,0.016669,0.00080484,0.00070495,0.00062721,0.0021793,0.0022364,0.0021338
1877.49,0.017397,0.016411,0.016436,0.00079108,0.00068708,0.0006112,0.0021413,0.0021962,0.002095
1891.09,0.017151,0.016178,0.016209,0.0007778,0.00066976,0.00059571,0.0021043,0.002157,0.0020571
1904.7,0.016909,0.01595,0.015985,0.00076421,0.00065291,0.00058068,0.0020682,0.0021187,0.0020202
1918.3,0.016672,0.015725,0.015766,0.00074978,0.00063655,0.00056612,0.002033,0.0020812,0.0019841
1931.91,0.016438,0.015505,0.01555,0.00073422,0.00062067,0.00055201,0.0019986,0.0020447,0.0019489
1945.51,0.016209,0.015288,0.015338,0.00071756,0.00060526,0.00053834,0.0019649,0.002009,0.0019145
1959.12,0.015984,0.015075,0.01513,0.0007001,0.00059033,0.00052509,0.0019321,0.0019741,0.0018808
1972.72,0.015763,0.014868,0.014927,0.00068237,0.00057585,0.00051225,0.0019002,0.0019401,0.0018481
1986.33,0.015546,0.014662,0.014726,0.00066498,0.00056181,0.00049979,0.0018688,0.0019068,0.001816
1999.93,0.015332,0.014461,0.014529,0.00064853,0.00054819,0.0004877,0.0018382,0.0018742,0.0017847
2013.54,0.015122,0.014264,0.014336,0.0006335,0.00053497,0.00047596,0.0018084,0.0018424,0.0017541
2027.14,0.014916,0.01407,0.014146,0.00062015,0.00052215,0.00046458,0.0017792,0.0018113,0.0017242
2040.75,0.014713,0.013879,0.013959,0.00060853,0.00050969,0.00045354,0.0017506,0.0017809,0.001695
2054.35,0.014513,0.013691,0.013774,0.00059839,0.00049758,0.00044282,0.0017226,0.0017511,0.0016663
2067.96,0.014319,0.013509,0.013596,0.00058933,0.00048581,0.00043243,0.0016956,0.0017222,0.0016385
2081.56,0.014126,0.013328,0.013418,0.0005808,0.00047435,0.00042233,0.001669,0.0016937,0.0016112
2095.17,0.013937,0.013151,0.013244,0.00057224,0.00046319,0.00041252,0.001643,0.0016659,0.0015845
2108.77,0.013751,0.012977,0.013074,0.00056317,0.00045233,0.00040299,0.0016175,0.0016387,0.0015584
2122.38,0.013568,0.012806,0.012905,0.00055327,0.00044176,0.00039373,0.0015927,0.0016121,0.0015329
2135.98,0.013388,0.012637,0.01274,0.00054241,0.00043147,0.00038473,0.0015683,0.001586,0.0015078
2149.59,0.013213,0.012473,0.012579,0.00053071,0.00042149,0.00037601,0.0015446,0.0015606,0.0014835
2163.19,0.013038,0.01231,0.012418,0.00051841,0.00041177,0.00036752,0.0015213,0.0015356,0.0014595
2176.8,0.012867,0.01215,0.012261,0.00050594,0.00040233,0.00035928,0.0014984,0.0015111,0.0014361
2190.4,0.012698,0.011993,0.012107,0.00049376,0.00039316,0.00035126,0.0014761,0.0014872,0.0014132
2204.01,0.012533,0.011838,0.011955,0.00048229,0.00038425,0.00034346,0.0014543,0.0014638,0.0013908
2217.61,0.01237,0.011686,0.011805,0.00047186,0.00037558,0.00033587,0.0014329,0.0014408,0.0013688
2231.22,0.012209,0.011537,0.011658,0.00046268,0.00036715,0.00032849,0.0014119,0.0014183,0.0013472
2244.82,0.012053,0.011391,0.011514,0.0004548,0.00035897,0.00032134,0.0013915,0.0013964,0.0013263
2258.43,0.011897,0.011246,0.011372,0.000448,0.00035099,0.00031436,0.0013713,0.0013748,0.0013056
2272.03,0.011744,0.011104,0.011232,0.00044202,0.0003432,0.00030758,0.0013517,0.0013536,0.0012854
2285.64,0.011594,0.010964,0.011094,0.00043648,0.00033562,0.00030097,0.0013324,0.0013329,0.0012656
2299.24,0.011446,0.010826,0.010959,0.00043096,0.00032821,0.00029454,0.0013135,0.0013126,0.0012462
2312.85,0.0113,0.010691,0.010826,0.00042508,0.00032098,0.00028828,0.0012951,0.0012927,0.0012273
2326.45,0.011157,0.010558,0.010694,0.00041853,0.0003139,0.00028216,0.0012769,0.0012732,0.0012086
2340.06,0.011016,0.010428,0.010566,0.00041133,0.00030709,0.00027628,0.0012593,0.0012541,0.0011905
2353.66,0.010877,0.010299,0.010438,0.0004033,0.00030039,0.0002705,0.0012419,0.0012354,0.0011726
2367.27,0.01074,0.010172,0.010313,0.00039468,0.00029388,0.00026488,0.0012248,0.001217,0.001155
2380.87,0.010606,0.010047,0.01019,0.00038573,0.00028754,0.00025941,0.0012081,0.0011989,0.0011378
2394.48,0.010473,0.0099245,0.010069,0.00037677,0.00028136,0.00025407,0.0011917,0.0011812,0.001121
2408.08,0.010343,0.0098038,0.0099495,0.00036813,0.00027535,0.00024887,0.0011756,0.0011639,0.0011045
2421.69,0.010214,0.009685,0.0098321,0.00036011,0.00026948,0.00024379,0.0011598,0.0011469,0.0010883
2435.29,0.010088,0.0095682,0.0097166,0.000353,0.00026381,0.00023889,0.0011444,0.0011302,0.0010725
2448.9,0.0099631,0.0094531,0.0096028,0.00034678,0.00025825,0.00023407,0.0011292,0.0011139,0.0010569
2462.5,0.0098403,0.0093397,0.0094906,0.00034149,0.00025283,0.00022938,0.0011143,0.0010978,0.0010416
2476.11,0.0097192,0.009228,0.00938,0.000337,0.00024755,0.00022481,0.0010997,0.001082,0.0010267
2489.71,0.0096001,0.0091181,0.0092712,0.00033307,0.00024239,0.00022035,0.0010853,0.0010665,0.001012
2503.32,0.0094828,0.0090099,0.0091641,0.00032942,0.00023734,0.000216,0.0010713,0.0010514,0.00099754
2516.92,0.0093675,0.0089037,0.0090588,0.00032569,0.00023238,0.00021173,0.0010575,0.0010365,0.00098342
2530.53,0.0092539,0.008799,0.0089551,0.00032176,0.00022759,0.00020763,0.001044,0.0010219,0.00096957
2544.13,0.009142,0.008696,0.0088529,0.00031725,0.00022288,0.00020359,0.0010308,0.0010075,0.00095597
2557.74,0.0090317,0.0085944,0.0087522,0.00031212,0.00021827,0.00019964,0.0010177,0.00099345,0.00094261
2571.34,0.0089229,0.0084943,0.0086529,0.00030638,0.00021378,0.0001958,0.0010049,0.0009796,0.0009295
2584.95,0.0088156,0.0083957,0.008555,0.00030012,0.00020939,0.00019204,0.00099236,0.000966,0.00091661
2598.55,0.0087099,0.0082985,0.0084585,0.00029354,0.00020511,0.00018838,0.00098,0.00095263,0.00090396
2612.16,0.0086057,0.0082028,0.0083635,0.00028686,0.00020093,0.0001848,0.00096786,0.00093951,0.00089154
2625.76,0.008504,0.0081094,0.0082706,0.00028036,0.00019688,0.00018132,0.00095603,0.00092672,0.00087944
2639.37,0.0084031,0.0080167,0.0081786,0.00027425,0.00019291,0.0001779,0.00094433,0.00091408,0.0008675
2652.97,0.0083038,0.0079256,0.008088,0.00026871,0.00018904,0.00017456,0.00093286,0.00090168,0.00085577
2666.58,0.0082059,0.0078358,0.0079986,0.00026387,0.00018525,0.0001713,0.00092158,0.00088949,0.00084426
2680.18,0.0081093,0.0077472,0.0079105,0.00025976,0.00018156,0.00016812,0.00091048,0.0008775,0.00083293
2693.79,0.008014,0.0076597,0.0078235,0.00025631,0.00017796,0.00016501,0.00089956,0.00086571,0.0008218
2707.39,0.0079194,0.007573,0.0077371,0.00025339,0.00017443,0.00016198,0.00088877,0.00085405,0.0008108
2721.0,0.0078286,0.0074899,0.0076544,0.0002508,0.00017098,0.00015901,0.00087844,0.00084285,0.00080023
2734.6,0.0077372,0.0074062,0.0075709,0.00024833,0.0001676,0.00015611,0.00086808,0.00083164,0.00078966
2748.21,0.0076475,0.007324,0.007489,0.00024574,0.00016429,0.00015327,0.00085794,0.00082066,0.00077931
2761.81,0.0075592,0.0072432,0.0074084,0.00024284,0.00016104,0.0001505,0.00084798,0.00080988,0.00076916
2775.42,0.0074721,0.0071635,0.0073289,0.0002395,0.00015787,0.00014778,0.00083819,0.00079928,0.00075917
2789.02,0.0073861,0.0070848,0.0072504,0.00023566,0.00015476,0.00014513,0.00082855,0.00078884,0.00074934
2802.63,0.007301,0.007007,0.0071727,0.00023134,0.00015172,0.00014253,0.00081903,0.00077855,0.00073965
2816.23,0.0072171,0.0069303,0.0070961,0.00022662,0.00014876,0.00014,0.00080966,0.00076842,0.00073012
2829.84,0.007136,0.0068561,0.0070221,0.00022165,0.00014586,0.00013752,0.00080062,0.00075863,0.00072092
2843.44,0.0070546,0.0067817,0.0069477,0.0002166,0.00014303,0.00013509,0.00079156,0.00074885,0.00071172
2857.05,0.0069745,0.0067086,0.0068746,0.00021166,0.00014026,0.00013271,0.00078268,0.00073926,0.00070271
2870.65,0.0068957,0.0066367,0.0068026,0.00020702,0.00013756,0.00013039,0.00077394,0.00072983,0.00069385
2884.26,0.006818,0.0065657,0.0067317,0.0002028,0.00013492,0.00012811,0.00076535,0.00072056,0.00068515
2897.86,0.0067413,0.0064956,0.0066615,0.0001991,0.00013234,0.00012588,0.00075688,0.00071143,0.00067657
2911.47,0.0066649,0.0064259,0.0065917,0.00019595,0.00012981,0.00012369,0.00074847,0.00070237,0.00066808
2925.07,0.006592,0.0063595,0.0065252,0.00019335,0.00012736,0.00012157,0.00074046,0.00069371,0.00065996
2938.68,0.0065178,0.0062917,0.0064573,0.00019116,0.00012494,0.00011948,0.00073232,0.00068494,0.00065173
2952.28,0.006445,0.0062253,0.0063907,0.00018928,0.00012257,0.00011744,0.00072436,0.00067636,0.00064369
2965.89,0.0063733,0.0061599,0.0063252,0.00018754,0.00012025,0.00011544,0.00071654,0.00066793,0.00063579
2979.49,0.0063028,0.0060956,0.0062606,0.00018578,0.00011797,0.00011348,0.00070886,0.00065964,0.00062803
2993.1,0.0062333,0.0060322,0.006197,0.00018382,0.00011574,0.00011155,0.0007013,0.00065149,0.0006204
3006.7,0.0061646,0.0059696,0.0061342,0.00018155,0.00011355,0.00010967,0.00069385,0.00064346,0.00061288
3020.31,0.0060966,0.0059076,0.0060718,0.00017891,0.0001114,0.00010782,0.00068648,0.00063552,0.00060545
3033.91,0.0060306,0.0058475,0.0060115,0.0001759,0.00010932,0.00010603,0.00067935,0.00062783,0.00059826
3047.52,0.0059644,0.0057871,0.0059508,0.0001725,0.00010726,0.00010426,0.0006722,0.00062013,0.00059106
3061.12,0.0058991,0.0057277,0.005891,0.00016882,0.00010525,0.00010253,0.00066516,0.00061256,0.00058398
3074.73,0.0058348,0.0056691,0.0058321,0.00016499,0.00010328,0.00010084,0.00065823,0.00060511,0.00057703
3088.33,0.0057714,0.0056113,0.005774,0.00016114,0.00010136,9.9175e-05,0.0006514,0.00059779,0.00057019
3101.94,0.005709,0.0055545,0.0057167,0.0001574,9.9482e-05,9.7545e-05,0.00064469,0.00059058,0.00056346
3115.54,0.0056475,0.0054984,0.0056603,0.0001539,9.764e-05,9.5944e-05,0.00063807,0.00058349,0.00055684
3129.15,0.0055866,0.0054429,0.0056044,0.00015074,9.5834e-05,9.4369e-05,0.00063153,0.00057649,0.00055031
3142.75,0.005527,0.0053886,0.0055497,0.00014803,9.41e-05,9.2861e-05,0.00062514,0.00056964,0.00054392
3156.36,0.0054677,0.0053346,0.0054952,0.0001457,9.2376e-05,9.1353e-05,0.00061879,0.00056285,0.00053759
3169.96,0.0054091,0.0052813,0.0054414,0.00014378,9.069e-05,8.9879e-05,0.00061252,0.00055615,0.00053134
3183.57,0.0053513,0.0052286,0.0053882,0.00014219,8.904e-05,8.8437e-05,0.00060634,0.00054955,0.00052519
3197.17,0.0052942,0.0051766,0.0053358,0.00014083,8.7421e-05,8.7022e-05,0.00060026,0.00054304,0.00051913
3210.78,0.005238,0.0051254,0.0052841,0.00013959,8.5832e-05,8.5635e-05,0.00059427,0.00053665,0.00051317
3224.38,0.0051826,0.005075,0.0052331,0.00013834,8.4269e-05,8.4271e-05,0.00058838,0.00053035,0.00050731
3237.99,0.0051281,0.0050253,0.0051829,0.00013694,8.2728e-05,8.2926e-05,0.00058258,0.00052415,0.00050155
3251.59,0.0050742,0.0049762,0.0051333,0.00013539,8.1249e-05,8.1641e-05,0.00057686,0.00051805,0.00049587
3265.2,0.005021,0.0049277,0.0050843,0.00013349,7.977e-05,8.0352e-05,0.00057122,0.00051203,0.00049027
3278.8,0.0049684,0.0048798,0.0050358,0.0001313,7.8323e-05,7.9091e-05,0.00056564,0.00050608,0.00048474
3292.41,0.0049163,0.0048324,0.0049878,0.00012881,7.6908e-05,7.7857e-05,0.00056013,0.00050021,0.00047929
3306.01,0.0048649,0.0047855,0.0049403,0.00012609,7.5522e-05,7.6647e-05,0.00055469,0.00049443,0.00047391
3319.62,0.0048142,0.0047393,0.0048935,0.0001232,7.4166e-05,7.546e-05,0.00054931,0.00048872,0.00046861
3333.22,0.0047642,0.0046937,0.0048473,0.00012025,7.2838e-05,7.4295e-05,0.00054401,0.0004831,0.00046339
3346.83,0.004715,0.0046488,0.0048018,0.00011732,7.1533e-05,7.3147e-05,0.0005388,0.00047758,0.00045826
3360.43,0.0046666,0.0046047,0.0047571,0.00011457,7.0279e-05,7.2041e-05,0.00053368,0.00047215,0.00045323
3374.04,0.0046186,0.004561,0.0047127,0.00011201,6.903e-05,7.0936e-05,0.0005286,0.00046679,0.00044825
3387.64,0.0045713,0.0045178,0.0046689,0.00010974,6.781e-05,6.9853e-05,0.00052359,0.0004615,0.00044334
3401.25,0.0045245,0.0044752,0.0046256,0.00010778,6.6617e-05,6.8792e-05,0.00051863,0.00045627,0.0004385
3414.85,0.0044782,0.0044329,0.0045827,0.00010614,6.5449e-05,6.7752e-05,0.00051373,0.00045112,0.00043372
3428.46,0.0044324,0.0043912,0.0045403,0.00010479,6.4305e-05,6.6732e-05,0.00050889,0.00044602,0.000429
3442.06,0.0043872,0.0043498,0.0044983,0.00010367,6.3183e-05,6.5732e-05,0.00050411,0.00044099,0.00042433
3455.67,0.0043422,0.0043088,0.0044565,0.00010272,6.2078e-05,6.4747e-05,0.00049935,0.000436,0.00041971
3469.27,0.0042995,0.0042699,0.004417,0.00010185,6.1006e-05,6.3792e-05,0.00049486,0.00043125,0.00041532
3482.88,0.0042558,0.00423,0.0043763,0.00010094,5.9939e-05,6.2842e-05,0.00049025,0.00042642,0.00041084
3496.48,0.0042131,0.0041909,0.0043366,9.9935e-05,5.8892e-05,6.191e-05,0.00048574,0.00042168,0.00040646
3510.09,0.0041709,0.0041524,0.0042974,9.8753e-05,5.7864e-05,6.0995e-05,0.00048129,0.00041702,0.00040214
3523.69,0.0041292,0.0041143,0.0042586,9.7353e-05,5.6855e-05,6.0097e-05,0.0004769,0.00041242,0.00039788
3537.3,0.004088,0.0040766,0.0042201,9.572e-05,5.5867e-05,5.9216e-05,0.00047254,0.00040787,0.00039367
3550.9,0.0040471,0.0040392,0.004182,9.3864e-05,5.4898e-05,5.8352e-05,0.00046823,0.00040337,0.00038951
3564.51,0.0040065,0.004002,0.0041441,9.1822e-05,5.3948e-05,5.7505e-05,0.00046394,0.0003989,0.00038538
3578.11,0.0039659,0.0039649,0.0041062,8.9649e-05,5.3016e-05,5.6671e-05,0.00045965,0.00039445,0.00038127
3591.72,0.0039285,0.0039307,0.0040713,8.7418e-05,5.2111e-05,5.5857e-05,0.0004557,0.00039032,0.00037745
3605.32,0.0038896,0.0038951,0.004035,8.5196e-05,5.1219e-05,5.5054e-05,0.00045158,0.00038605,0.00037351
3618.93,0.0038513,0.0038601,0.0039992,8.306e-05,5.0345e-05,5.4264e-05,0.00044754,0.00038186,0.00036964
3632.53,0.0038137,0.0038256,0.003964,8.1072e-05,4.9488e-05,5.3487e-05,0.00044355,0.00037774,0.00036583
3646.14,0.0037765,0.0037915,0.0039291,7.9281e-05,4.865e-05,5.2723e-05,0.0004396,0.00037366,0.00036207
3659.74,0.0037396,0.0037577,0.0038946,7.7719e-05,4.7829e-05,5.1974e-05,0.00043569,0.00036964,0.00035836
3673.35,0.0037031,0.0037242,0.0038603,7.6396e-05,4.7025e-05,5.1238e-05,0.00043181,0.00036565,0.00035467
3686.95,0.0036662,0.0036903,0.0038256,7.5301e-05,4.6236e-05,5.0515e-05,0.00042789,0.00036164,0.00035097
3700.56,0.0036329,0.0036599,0.0037945,7.4413e-05,4.5467e-05,4.9811e-05,0.00042438,0.00035799,0.00034761
3714.16,0.0035971,0.0036269,0.0037607,7.3668e-05,4.4707e-05,4.9114e-05,0.00042057,0.00035409,0.00034401
3727.77,0.0035623,0.0035949,0.003728,7.3016e-05,4.3961e-05,4.843e-05,0.00041687,0.00035031,0.00034052
3741.37,0.003528,0.0035635,0.0036957,7.239e-05,4.3227e-05,4.7757e-05,0.00041323,0.00034658,0.00033709
3754.98,0.0034943,0.0035325,0.0036639,7.1725e-05,4.2505e-05,4.7095e-05,0.00040965,0.00034292,0.00033371
3768.58,0.003461,0.0035018,0.0036325,7.0964e-05,4.1795e-05,4.6444e-05,0.00040612,0.00033931,0.00033038
3782.19,0.0034281,0.0034715,0.0036014,7.0064e-05,4.1097e-05,4.5803e-05,0.00040262,0.00033574,0.00032709
3795.79,0.0033954,0.0034414,0.0035705,6.8998e-05,4.0411e-05,4.5173e-05,0.00039914,0.0003322,0.00032383
3809.4,0.0033627,0.0034113,0.0035396,6.776e-05,3.9739e-05,4.4555e-05,0.00039566,0.00032867,0.00032057
3823.0,0.0033322,0.0033833,0.0035109,6.6377e-05,3.9086e-05,4.3956e-05,0.00039242,0.00032535,0.00031753
3836.61,0.0033004,0.0033539,0.0034807,6.4848e-05,3.8439e-05,4.3359e-05,0.00038902,0.00032192,0.00031436
3850.21,0.0032691,0.0033251,0.0034511,6.3233e-05,3.7805e-05,4.2774e-05,0.00038568,0.00031855,0.00031126
3863.82,0.0032384,0.0032967,0.0034219,6.1579e-05,3.7185e-05,4.2198e-05,0.00038238,0.00031523,0.0003082
3877.42,0.0032081,0.0032687,0.0033931,5.9936e-05,3.6577e-05,4.1632e-05,0.00037914,0.00031196,0.00030519
3891.03,0.0031782,0.0032411,0.0033647,5.8356e-05,3.598e-05,4.1074e-05,0.00037593,0.00030874,0.00030223
3904.63,0.0031487,0.0032138,0.0033366,5.6881e-05,3.5395e-05,4.0524e-05,0.00037276,0.00030557,0.0002993
3918.24,0.0031195,0.0031867,0.0033088,5.5545e-05,3.482e-05,3.9981e-05,0.00036961,0.00030242,0.00029641
3931.84,0.0030902,0.0031596,0.0032808,5.4371e-05,3.4256e-05,3.9446e-05,0.00036645,0.00029928,0.00029352
3945.45,0.0030625,0.0031341,0.0032545,5.3399e-05,3.3718e-05,3.8941e-05,0.00036348,0.0002963,0.00029078
3959.05,0.0030341,0.0031077,0.0032274,5.257e-05,3.3177e-05,3.8427e-05,0.00036041,0.00029325,0.00028798
3972.66,0.0030061,0.0030817,0.0032006,5.1894e-05,3.2648e-05,3.7923e-05,0.00035738,0.00029025,0.00028521
3986.26,0.0029784,0.003056,0.0031741,5.134e-05,3.2128e-05,3.7429e-05,0.00035439,0.00028728,0.00028248
3999.87,0.0029511,0.0030307,0.0031479,5.0867e-05,3.1617e-05,3.6942e-05,0.00035143,0.00028436,0.00027979
4013.47,0.0029242,0.0030057,0.0031221,5.0431e-05,3.1114e-05,3.6463e-05,0.00034852,0.00028148,0.00027714
4027.08,0.0028977,0.002981,0.0030967,4.9986e-05,3.0617e-05,3.599e-05,0.00034565,0.00027864,0.00027453
4040.68,0.0028715,0.0029566,0.0030715,4.9486e-05,3.0127e-05,3.5521e-05,0.00034281,0.00027584,0.00027196
4054.29,0.0028455,0.0029324,0.0030465,4.8894e-05,2.9641e-05,3.5056e-05,0.00033999,0.00027306,0.0002694
4067.89,0.0028202,0.0029088,0.0030221,4.8234e-05,2.9186e-05,3.4627e-05,0.00033724,0.00027035,0.00026691
4081.5,0.0027948,0.0028851,0.0029977,4.7419e-05,2.872e-05,3.4181e-05,0.00033448,0.00026764,0.00026442
4095.1,0.0027696,0.0028617,0.0029734,4.6488e-05,2.8265e-05,3.3746e-05,0.00033173,0.00026496,0.00026195
4108.71,0.0027447,0.0028384,0.0029493,4.5454e-05,2.7819e-05,3.3318e-05,0.00032901,0.00026231,0.00025951
4122.31,0.0027201,0.0028154,0.0029255,4.4339e-05,2.7382e-05,3.2898e-05,0.00032632,0.00025969,0.0002571
4135.92,0.0026958,0.0027926,0.002902,4.3173e-05,2.6952e-05,3.2484e-05,0.00032365,0.0002571,0.00025472
4149.52,0.0026719,0.0027702,0.0028788,4.199e-05,2.6531e-05,3.2076e-05,0.00032102,0.00025455,0.00025238
4163.13,0.0026483,0.0027481,0.0028559,4.0822e-05,2.6115e-05,3.1672e-05,0.00031842,0.00025204,0.00025007
4176.73,0.002625,0.0027263,0.0028333,3.9702e-05,2.5706e-05,3.127e-05,0.00031586,0.00024957,0.0002478
4190.34,0.002602,0.0027047,0.002811,3.869e-05,2.5323e-05,3.0898e-05,0.00031331,0.00024712,0.00024555
4203.94,0.0025793,0.0026834,0.0027888,3.7751e-05,2.4931e-05,3.0511e-05,0.00031079,0.00024471,0.00024333
4217.55,0.0025567,0.0026622,0.0027669,3.693e-05,2.4548e-05,3.0132e-05,0.00030829,0.00024231,0.00024113
4231.15,0.0025344,0.0026411,0.0027451,3.623e-05,2.4173e-05,2.976e-05,0.00030581,0.00023994,0.00023895
4244.76,0.0025122,0.0026203,0.0027234,3.5647e-05,2.3806e-05,2.9394e-05,0.00030334,0.00023759,0.00023679
4258.36,0.0024903,0.0025996,0.0027019,3.517e-05,2.3445e-05,2.9035e-05,0.00030089,0.00023527,0.00023465
4271.97,0.0024686,0.0025791,0.0026807,3.4779e-05,2.309e-05,2.8682e-05,0.00029847,0.00023297,0.00023253
4285.57,0.0024471,0.0025588,0.0026597,3.4448e-05,2.2739e-05,2.8332e-05,0.00029608,0.0002307,0.00023045
4299.18,0.0024261,0.002539,0.002639,3.4147e-05,2.2393e-05,2.7986e-05,0.00029372,0.00022848,0.0002284
4312.78,0.0024056,0.0025196,0.002619,3.3865e-05,2.2063e-05,2.7659e-05,0.00029144,0.0002263,0.00022641
4326.39,0.002385,0.0025001,0.0025987,3.3539e-05,2.1726e-05,2.7321e-05,0.00028912,0.00022412,0.0002244
4339.99,0.0023647,0.0024809,0.0025787,3.3164e-05,2.1396e-05,2.6991e-05,0.00028685,0.00022198,0.00022243
4353.6,0.0023446,0.0024619,0.0025589,3.2722e-05,2.1072e-05,2.6666e-05,0.00028459,0.00021985,0.00022047
4367.2,0.0023247,0.002443,0.0025393,3.2203e-05,2.0753e-05,2.6346e-05,0.00028234,0.00021775,0.00021854
4380.81,0.002305,0.0024242,0.0025198,3.1605e-05,2.044e-05,2.6032e-05,0.00028011,0.00021567,0.00021662
4394.41,0.0022854,0.0024055,0.0025004,3.0934e-05,2.0133e-05,2.5723e-05,0.00027789,0.0002136,0.00021472
4408.02,0.0022659,0.002387,0.0024811,3.0203e-05,1.9832e-05,2.5419e-05,0.00027568,0.00021155,0.00021283
4421.62,0.0022465,0.0023684,0.0024617,2.9429e-05,1.9534e-05,2.5119e-05,0.00027345,0.0002095,0.00021094
4435.23,0.0022293,0.0023522,0.0024449,2.8646e-05,1.9252e-05,2.483e-05,0.00027151,0.00020767,0.00020927
4448.83,0.0022099,0.0023336,0.0024255,2.7848e-05,1.8963e-05,2.4536e-05,0.00026928,0.00020563,0.00020739
4462.44,0.0021915,0.002316,0.0024071,2.7075e-05,1.8682e-05,2.4248e-05,0.00026716,0.00020369,0.0002056
4476.04,0.0021734,0.0022986,0.002389,2.6342e-05,1.8406e-05,2.3963e-05,0.00026508,0.00020178,0.00020384
4489.65,0.0021554,0.0022815,0.0023712,2.5665e-05,1.8136e-05,2.3683e-05,0.00026301,0.00019989,0.0002021
4503.25,0.0021377,0.0022644,0.0023534,2.5055e-05,1.7871e-05,2.3407e-05,0.00026095,0.00019802,0.00020038
4516.86,0.0021201,0.0022475,0.0023358,2.452e-05,1.7612e-05,2.3135e-05,0.00025891,0.00019616,0.00019867
4530.46,0.0021026,0.0022307,0.0023182,2.4062e-05,1.7357e-05,2.2868e-05,0.00025687,0.00019432,0.00019697
4544.07,0.002085,0.0022138,0.0023006,2.3679e-05,1.7107e-05,2.2605e-05,0.00025483,0.00019248,0.00019527
4557.67,0.0020677,0.002197,0.0022831,2.3364e-05,1.686e-05,2.2347e-05,0.00025281,0.00019066,0.00019359
4571.28,0.0020522,0.0021822,0.0022677,2.3109e-05,1.6621e-05,2.2093e-05,0.000251,0.00018901,0.00019208
4584.88,0.0020352,0.0021657,0.0022505,2.2892e-05,1.6381e-05,2.1841e-05,0.00024901,0.00018722,0.00019043
4598.49,0.0020186,0.0021497,0.0022338,2.2699e-05,1.6146e-05,2.1592e-05,0.00024707,0.00018548,0.00018882
4612.09,0.0020024,0.002134,0.0022173,2.2513e-05,1.5913e-05,2.1346e-05,0.00024516,0.00018377,0.00018725
4625.7,0.0019864,0.0021185,0.0022011,2.2314e-05,1.5684e-05,2.1103e-05,0.00024327,0.00018209,0.00018569
4639.3,0.0019705,0.0021031,0.0021851,2.2089e-05,1.5458e-05,2.0864e-05,0.0002414,0.00018042,0.00018416
4652.91,0.0019548,0.0020879,0.0021691,2.1827e-05,1.5235e-05,2.0628e-05,0.00023954,0.00017877,0.00018263
4666.51,0.0019391,0.0020726,0.0021532,2.1521e-05,1.5017e-05,2.0395e-05,0.00023769,0.00017712,0.00018111
4680.12,0.0019233,0.0020572,0.002137,2.1169e-05,1.4801e-05,2.0166e-05,0.0002358,0.00017546,0.00017957
4693.72,0.0019071,0.0020413,0.0021205,2.0774e-05,1.459e-05,1.9941e-05,0.00023387,0.00017377,0.00017801
4707.33,0.001894,0.0020287,0.0021073,2.0346e-05,1.4385e-05,1.9721e-05,0.00023231,0.00017237,0.00017673
4720.93,0.0018788,0.0020138,0.0020917,1.9888e-05,1.4181e-05,1.9502e-05,0.00023048,0.00017078,0.00017525
4734.54,0.0018639,0.0019993,0.0020765,1.9413e-05,1.3981e-05,1.9287e-05,0.00022869,0.00016922,0.00017381
4748.14,0.0018493,0.001985,0.0020616,1.8932e-05,1.3784e-05,1.9073e-05,0.00022693,0.00016769,0.00017239
4761.75,0.001835,0.0019709,0.0020468,1.8456e-05,1.359e-05,1.8862e-05,0.00022519,0.00016617,0.000171
4775.35,0.0018208,0.001957,0.0020322,1.7996e-05,1.34e-05,1.8654e-05,0.00022346,0.00016468,0.00016962
4788.96,0.0018067,0.0019432,0.0020178,1.756e-05,1.3213e-05,1.8447e-05,0.00022175,0.00016321,0.00016825
4802.56,0.0017927,0.0019294,0.0020034,1.7156e-05,1.303e-05,1.8244e-05,0.00022004,0.00016174,0.00016689
4816.17,0.0017785,0.0019153,0.0019886,1.6789e-05,1.2849e-05,1.8041e-05,0.00021829,0.00016025,0.00016551
4829.77,0.0017666,0.0019037,0.0019765,1.6473e-05,1.2679e-05,1.7857e-05,0.00021683,0.00015897,0.00016434
4843.38,0.0017522,0.0018895,0.0019616,1.6191e-05,1.2504e-05,1.7658e-05,0.00021506,0.00015748,0.00016295
4856.98,0.0017387,0.001876,0.0019474,1.5956e-05,1.2333e-05,1.7466e-05,0.00021338,0.00015605,0.00016163
4870.59,0.0017253,0.0018628,0.0019336,1.5762e-05,1.2165e-05,1.7278e-05,0.00021173,0.00015465,0.00016033
4884.19,0.0017121,0.0018497,0.0019199,1.5604e-05,1.2e-05,1.7092e-05,0.0002101,0.00015327,0.00015905
4897.8,0.0016992,0.0018368,0.0019064,1.5474e-05,1.1837e-05,1.6908e-05,0.00020849,0.00015191,0.00015778
4911.4,0.0016864,0.0018241,0.001893,1.5363e-05,1.1675e-05,1.6726e-05,0.0002069,0.00015057,0.00015654
4925.01,0.0016738,0.0018116,0.0018799,1.5262e-05,1.1516e-05,1.6546e-05,0.00020533,0.00014925,0.00015531
4938.61,0.0016613,0.0017991,0.0018669,1.5162e-05,1.1358e-05,1.6367e-05,0.00020376,0.00014794,0.0001541
4952.22,0.0016488,0.0017866,0.0018537,1.5051e-05,1.12e-05,1.6185e-05,0.00020219,0.00014662,0.00015287
4965.82,0.0016373,0.0017752,0.0018417,1.4943e-05,1.1059e-05,1.6033e-05,0.00020074,0.0001454,0.00015175
4979.43,0.0016249,0.0017627,0.0018287,1.48e-05,1.0905e-05,1.5855e-05,0.00019918,0.0001441,0.00015054
4993.03,0.0016128,0.0017506,0.0018159,1.4641e-05,1.0757e-05,1.5687e-05,0.00019765,0.00014283,0.00014936
5006.64,0.0016008,0.0017385,0.0018032,1.4463e-05,1.0612e-05,1.5521e-05,0.00019612,0.00014157,0.00014818
5020.24,0.0015889,0.0017266,0.0017907,1.4268e-05,1.047e-05,1.5359e-05,0.00019461,0.00014033,0.00014702
5033.85,0.0015772,0.0017147,0.0017783,1.4057e-05,1.033e-05,1.5198e-05,0.00019311,0.0001391,0.00014588
5047.45,0.0015657,0.0017031,0.0017661,1.3833e-05,1.0192e-05,1.5039e-05,0.00019163,0.00013789,0.00014475
5061.06,0.0015543,0.0016916,0.001754,1.3601e-05,1.0056e-05,1.4881e-05,0.00019016,0.0001367,0.00014364
5074.66,0.0015431,0.0016803,0.0017421,1.3362e-05,9.922e-06,1.4725e-05,0.00018871,0.00013552,0.00014254
5088.27,0.0015321,0.0016691,0.0017304,1.3118e-05,9.7875e-06,1.4565e-05,0.00018728,0.00013435,0.00014145
5101.87,0.0015212,0.0016581,0.0017188,1.2896e-05,9.6732e-06,1.4437e-05,0.00018586,0.00013321,0.00014039
5115.48,0.0015103,0.001647,0.0017072,1.2658e-05,9.5414e-06,1.4277e-05,0.00018444,0.00013207,0.00013932
5129.08,0.0014995,0.0016361,0.0016957,1.2435e-05,9.4168e-06,1.4128e-05,0.00018302,0.00013093,0.00013826
5142.69,0.0014888,0.0016251,0.0016842,1.2226e-05,9.2951e-06,1.3982e-05,0.00018162,0.00012981,0.00013721
5156.29,0.0014782,0.0016142,0.0016727,1.2037e-05,9.1758e-06,1.3838e-05,0.00018021,0.00012869,0.00013616
5169.9,0.0014676,0.0016034,0.0016614,1.187e-05,9.0585e-06,1.3697e-05,0.00017882,0.00012758,0.00013512
5183.5,0.0014571,0.0015927,0.0016501,1.1728e-05,8.9428e-06,1.3558e-05,0.00017743,0.00012648,0.0001341
5197.11,0.0014468,0.0015821,0.001639,1.1611e-05,8.8286e-06,1.342e-05,0.00017606,0.0001254,0.00013308
5210.71,0.0014367,0.0015717,0.001628,1.152e-05,8.7153e-06,1.3283e-05,0.00017471,0.00012433,0.00013208
5224.32,0.0014266,0.0015614,0.0016172,1.145e-05,8.6016e-06,1.3145e-05,0.00017338,0.00012328,0.00013109
5237.92,0.0014169,0.0015513,0.0016066,1.14e-05,8.4876e-06,1.3005e-05,0.00017206,0.00012225,0.00013013
5251.53,0.0014071,0.0015413,0.0015961,1.1386e-05,8.3895e-06,1.289e-05,0.00017076,0.00012122,0.00012917
5265.13,0.0013975,0.0015313,0.0015856,1.137e-05,8.2811e-06,1.2758e-05,0.00016946,0.0001202,0.00012821
5278.74,0.0013879,0.0015214,0.0015751,1.1363e-05,8.1751e-06,1.2628e-05,0.00016817,0.00011919,0.00012726
5292.34,0.0013784,0.0015115,0.0015648,1.1361e-05,8.071e-06,1.2501e-05,0.00016688,0.00011819,0.00012632
5305.95,0.0013689,0.0015016,0.0015544,1.1361e-05,7.9688e-06,1.2377e-05,0.00016559,0.0001172,0.00012538
5319.55,0.0013594,0.0014918,0.0015441,1.136e-05,7.8683e-06,1.2254e-05,0.0001643,0.0001162,0.00012445
5333.16,0.0013501,0.001482,0.0015338,1.1353e-05,7.7694e-06,1.2133e-05,0.00016303,0.00011522,0.00012352
5346.76,0.0013408,0.0014724,0.0015236,1.134e-05,7.672e-06,1.2013e-05,0.00016175,0.00011425,0.00012261
5360.37,0.0013316,0.0014627,0.0015135,1.1315e-05,7.5755e-06,1.1894e-05,0.00016049,0.00011328,0.0001217
5373.97,0.0013227,0.0014534,0.0015037,1.1277e-05,7.4801e-06,1.1775e-05,0.00015926,0.00011235,0.00012081
5387.58,0.0013143,0.0014446,0.0014944,1.1239e-05,7.3936e-06,1.1667e-05,0.00015808,0.00011145,0.00011997
5401.18,0.0013055,0.0014353,0.0014847,1.117e-05,7.3013e-06,1.155e-05,0.00015685,0.00011052,0.00011909
5414.79,0.0012968,0.0014262,0.0014751,1.1086e-05,7.2115e-06,1.1436e-05,0.00015564,0.00010961,0.00011823
5428.39,0.0012883,0.0014172,0.0014657,1.0986e-05,7.1236e-06,1.1323e-05,0.00015444,0.00010871,0.00011738
5442.0,0.0012798,0.0014083,0.0014562,1.0872e-05,7.0375e-06,1.1213e-05,0.00015325,0.00010782,0.00011654
5455.6,0.0012714,0.0013993,0.0014468,1.0747e-05,6.9531e-06,1.1103e-05,0.00015206,0.00010693,0.0001157
5469.21,0.0012629,0.0013904,0.0014374,1.0616e-05,6.8703e-06,1.0996e-05,0.00015087,0.00010604,0.00011486
5482.81,0.0012545,0.0013815,0.0014281,1.0486e-05,6.7889e-06,1.089e-05,0.00014968,0.00010516,0.00011402
5496.42,0.0012462,0.0013726,0.0014187,1.0361e-05,6.7087e-06,1.0786e-05,0.00014849,0.00010428,0.00011318
5510.02,0.0012375,0.0013633,0.0014089,1.0246e-05,6.6286e-06,1.0682e-05,0.00014726,0.00010338,0.00011232
5523.63,0.0012313,0.0013568,0.0014021,1.0169e-05,6.5551e-06,1.0584e-05,0.00014634,0.00010269,0.00011169
5537.23,0.0012226,0.0013475,0.0013923,1.0094e-05,6.4762e-06,1.0482e-05,0.00014511,0.00010179,0.00011082
5550.84,0.0012147,0.001339,0.0013833,1.005e-05,6.3996e-06,1.0382e-05,0.00014397,0.00010096,0.00011003
5564.44,0.0012069,0.0013307,0.0013746,1.0035e-05,6.324e-06,1.0282e-05,0.00014286,0.00010014,0.00010925
5578.05,0.0011993,0.0013225,0.001366,1.0048e-05,6.2494e-06,1.0184e-05,0.00014175,9.9337e-05,0.00010848
5591.65,0.0011917,0.0013143,0.0013574,1.0088e-05,6.1758e-06,1.0087e-05,0.00014065,9.8538e-05,0.00010772
5605.26,0.0011842,0.0013062,0.0013489,1.0152e-05,6.1033e-06,9.9913e-06,0.00013956,9.7745e-05,0.00010697
5618.86,0.0011767,0.0012981,0.0013403,1.0238e-05,6.032e-06,9.897e-06,0.00013847,9.6954e-05,0.00010621
5632.47,0.0011692,0.0012899,0.0013318,1.0341e-05,5.962e-06,9.8042e-06,0.00013737,9.6164e-05,0.00010545
5646.07,0.0011615,0.0012816,0.001323,1.0457e-05,5.8931e-06,9.7128e-06,0.00013626,9.5365e-05,0.00010469
5659.68,0.001154,0.0012735,0.0013145,1.0578e-05,5.8253e-06,9.6228e-06,0.00013516,9.4581e-05,0.00010393
5673.28,0.0011482,0.0012672,0.0013079,1.0707e-05,5.7598e-06,9.5344e-06,0.00013426,9.3938e-05,0.00010333
5686.89,0.0011406,0.0012589,0.0012992,1.0824e-05,5.6942e-06,9.4463e-06,0.00013315,9.315e-05,0.00010257
5700.49,0.0011334,0.0012511,0.0012909,1.0929e-05,5.6297e-06,9.3591e-06,0.00013209,9.2397e-05,0.00010185
5714.1,0.0011265,0.0012435,0.0012829,1.1016e-05,5.5663e-06,9.2726e-06,0.00013105,9.1661e-05,0.00010114
5727.7,0.0011196,0.0012359,0.001275,1.1078e-05,5.504e-06,9.1867e-06,0.00013002,9.0936e-05,0.00010045
5741.31,0.0011128,0.0012285,0.0012672,1.1112e-05,5.4427e-06,9.1016e-06,0.000129,9.0221e-05,9.9762e-05
5754.91,0.0011061,0.0012211,0.0012594,1.1116e-05,5.3827e-06,9.0174e-06,0.00012798,8.9513e-05,9.908e-05
5768.52,0.0010994,0.0012138,0.0012517,1.1088e-05,5.3238e-06,8.9342e-06,0.00012697,8.8807e-05,9.8401e-05
5782.12,0.0010927,0.0012063,0.0012439,1.1031e-05,5.2661e-06,8.8521e-06,0.00012595,8.8101e-05,9.772e-05
5795.73,0.0010857,0.0011987,0.0012358,1.0949e-05,5.2093e-06,8.771e-06,0.00012491,8.7378e-05,9.7019e-05
5809.33,0.0010788,0.001191,0.0012277,1.0849e-05,5.1541e-06,8.6922e-06,0.00012387,8.6657e-05,9.6317e-05
5822.94,0.0010739,0.0011855,0.001222,1.074e-05,5.1005e-06,8.6157e-06,0.00012306,8.61e-05,9.5797e-05
5836.54,0.0010671,0.001178,0.0012141,1.0629e-05,5.0467e-06,8.5382e-06,0.00012204,8.5399e-05,9.5115e-05
5850.15,0.0010606,0.0011708,0.0012065,1.0526e-05,4.9937e-06,8.4617e-06,0.00012105,8.472e-05,9.4456e-05
5863.75,0.0010543,0.0011637,0.0011991,1.0439e-05,4.9412e-06,8.386e-06,0.00012008,8.4055e-05,9.3811e-05
5877.36,0.0010481,0.0011568,0.0011918,1.0376e-05,4.8893e-06,8.3109e-06,0.00011912,8.3401e-05,9.3178e-05
5890.96,0.001042,0.00115,0.0011846,1.0343e-05,4.8379e-06,8.2362e-06,0.00011818,8.2757e-05,9.2554e-05
5904.57,0.001036,0.0011432,0.0011775,1.0343e-05,4.787e-06,8.1621e-06,0.00011724,8.2122e-05,9.1937e-05
5918.17,0.00103,0.0011365,0.0011705,1.038e-05,4.7366e-06,8.0886e-06,0.00011631,8.1492e-05,9.1326e-05
5931.78,0.001024,0.0011298,0.0011634,1.0454e-05,4.6868e-06,8.0156e-06,0.00011538,8.0864e-05,9.0715e-05
5945.38,0.0010179,0.0011229,0.0011562,1.0563e-05,4.6373e-06,7.9423e-06,0.00011444,8.0223e-05,9.0088e-05
5958.99,0.0010116,0.0011157,0.0011487,1.0705e-05,4.5895e-06,7.872e-06,0.00011347,7.957e-05,8.9447e-05
5972.59,0.0010071,0.0011106,0.0011433,1.0874e-05,4.5451e-06,7.8087e-06,0.0001127,7.9059e-05,8.8964e-05
5986.2,0.0010011,0.0011038,0.0011362,1.1064e-05,4.4986e-06,7.7395e-06,0.00011177,7.8437e-05,8.8354e-05
5999.8,0.00099525,0.0010972,0.0011292,1.1268e-05,4.4532e-06,7.6719e-06,0.00011085,7.7827e-05,8.7756e-05
6013.41,0.00098951,0.0010906,0.0011224,1.1476e-05,4.4086e-06,7.6052e-06,0.00010995,7.7226e-05,8.7167e-05
6027.01,0.00098387,0.0010842,0.0011156,1.1681e-05,4.3648e-06,7.5393e-06,0.00010906,7.6634e-05,8.6587e-05
6040.62,0.00097833,0.0010779,0.001109,1.1872e-05,4.3218e-06,7.4738e-06,0.00010817,7.6051e-05,8.6016e-05
6054.22,0.00097289,0.0010717,0.0011025,1.2041e-05,4.2794e-06,7.4086e-06,0.0001073,7.5478e-05,8.5454e-05
6067.83,0.00096753,0.0010655,0.001096,1.2179e-05,4.2376e-06,7.3438e-06,0.00010643,7.4912e-05,8.49e-05
6081.43,0.00096222,0.0010594,0.0010896,1.228e-05,4.1964e-06,7.2789e-06,0.00010558,7.4353e-05,8.4351e-05
6095.04,0.00095689,0.0010533,0.0010832,1.2339e-05,4.155e-06,7.2127e-06,0.00010472,7.3793e-05,8.38e-05
6108.64,0.00095143,0.001047,0.0010766,1.2359e-05,4.1155e-06,7.149e-06,0.00010384,7.3223e-05,8.3237e-05
6122.25,0.00094682,0.0010416,0.0010709,1.2342e-05,4.0822e-06,7.0975e-06,0.00010306,7.2721e-05,8.2749e-05
6135.85,0.00094157,0.0010355,0.0010646,1.2282e-05,4.044e-06,7.0351e-06,0.00010221,7.2172e-05,8.2207e-05
6149.46,0.00093637,0.0010295,0.0010583,1.2192e-05,4.0071e-06,6.9747e-06,0.00010136,7.1627e-05,8.1668e-05
6163.06,0.0009312,0.0010235,0.001052,1.208e-05,3.9711e-06,6.9155e-06,0.00010052,7.1087e-05,8.1133e-05
6176.67,0.00092608,0.0010176,0.0010458,1.1957e-05,3.9357e-06,6.8572e-06,9.9691e-05,7.0552e-05,8.0603e-05
6190.27,0.00092103,0.0010117,0.0010396,1.1833e-05,3.9007e-06,6.7995e-06,9.8866e-05,7.0023e-05,8.0078e-05
6203.88,0.00091606,0.0010059,0.0010335,1.1718e-05,3.8661e-06,6.7422e-06,9.8051e-05,6.9502e-05,7.9562e-05
6217.48,0.00091118,0.0010002,0.0010275,1.1623e-05,3.8318e-06,6.6851e-06,9.7247e-05,6.8989e-05,7.9053e-05
6231.09,0.00090639,0.00099453,0.0010216,1.1557e-05,3.7974e-06,6.628e-06,9.6454e-05,6.8485e-05,7.8553e-05
6244.69,0.00090167,0.00098898,0.0010158,1.1523e-05,3.7625e-06,6.5695e-06,9.5669e-05,6.7987e-05,7.8059e-05
6258.3,0.00089698,0.00098345,0.0010101,1.1533e-05,3.7286e-06,6.5124e-06,9.4889e-05,6.7493e-05,7.7568e-05
6271.9,0.0008924,0.00097804,0.0010044,1.16e-05,3.7018e-06,6.4684e-06,9.4121e-05,6.7009e-05,7.7087e-05
6285.51,0.00088779,0.00097259,0.00099868,1.1694e-05,3.6684e-06,6.4118e-06,9.3351e-05,6.6524e-05,7.6604e-05
6299.11,0.00088319,0.00096713,0.00099298,1.1831e-05,3.6363e-06,6.3574e-06,9.2582e-05,6.604e-05,7.6121e-05
6312.72,0.00087858,0.00096167,0.00098727,1.2007e-05,3.6052e-06,6.3043e-06,9.1813e-05,6.5558e-05,7.5639e-05
6326.32,0.00087398,0.0009562,0.00098156,1.2214e-05,3.5747e-06,6.2522e-06,9.1046e-05,6.5077e-05,7.5157e-05
6339.93,0.00086939,0.00095075,0.00097586,1.2445e-05,3.545e-06,6.2009e-06,9.0281e-05,6.46e-05,7.4678e-05
6353.53,0.00086485,0.00094534,0.00097021,1.2691e-05,3.5158e-06,6.1502e-06,8.9521e-05,6.4126e-05,7.4202e-05
6367.14,0.00086036,0.00093998,0.00096461,1.2941e-05,3.4872e-06,6.0999e-06,8.8767e-05,6.3658e-05,7.3732e-05
6380.74,0.00085595,0.0009347,0.0009591,1.3184e-05,3.459e-06,6.0498e-06,8.8021e-05,6.3197e-05,7.3268e-05
6394.35,0.0008516,0.00092948,0.00095365,1.3406e-05,3.4308e-06,5.9992e-06,8.7283e-05,6.2743e-05,7.2811e-05
6407.95,0.00084743,0.00092445,0.0009484,1.3604e-05,3.4032e-06,5.9488e-06,8.6564e-05,6.2302e-05,7.2369e-05
6421.56,0.00084332,0.00091949,0.00094322,1.3791e-05,3.3823e-06,5.9093e-06,8.5851e-05,6.1868e-05,7.1932e-05
6435.16,0.00083915,0.00091444,0.00093795,1.3902e-05,3.3547e-06,5.8578e-06,8.5133e-05,6.143e-05,7.1491e-05
6448.77,0.00083503,0.00090946,0.00093276,1.3972e-05,3.3289e-06,5.809e-06,8.4422e-05,6.0998e-05,7.1055e-05
6462.37,0.00083094,0.0009045,0.00092757,1.3993e-05,3.3041e-06,5.7612e-06,8.3713e-05,6.0568e-05,7.0621e-05
6475.98,0.00082684,0.00089952,0.00092239,1.3967e-05,3.28e-06,5.7142e-06,8.3006e-05,6.0139e-05,7.0187e-05
6489.58,0.00082274,0.00089454,0.00091719,1.3898e-05,3.2566e-06,5.668e-06,8.2299e-05,5.9712e-05,6.9753e-05
6503.19,0.00081863,0.00088954,0.00091199,1.3792e-05,3.2337e-06,5.6226e-06,8.1593e-05,5.9285e-05,6.9319e-05
6516.79,0.00081453,0.00088455,0.00090679,1.3658e-05,3.2114e-06,5.5778e-06,8.089e-05,5.886e-05,6.8887e-05
6530.4,0.00081045,0.00087958,0.00090161,1.3508e-05,3.1894e-06,5.5336e-06,8.019e-05,5.8439e-05,6.8456e-05
6544.0,0.00080639,0.00087463,0.00089645,1.3352e-05,3.1675e-06,5.4895e-06,7.9495e-05,5.8019e-05,6.8027e-05
6557.61,0.0008022,0.00086953,0.00089115,1.3196e-05,3.1451e-06,5.4444e-06,7.8788e-05,5.7592e-05,6.7589e-05
6571.21,0.00079844,0.0008649,0.00088633,1.3058e-05,3.1223e-06,5.3985e-06,7.8127e-05,5.7198e-05,6.7187e-05
6584.82,0.00079523,0.00086086,0.00088211,1.2986e-05,3.1058e-06,5.3627e-06,7.7519e-05,5.6843e-05,6.6832e-05
6598.42,0.00079142,0.00085615,0.00087722,1.2917e-05,3.0844e-06,5.3192e-06,7.6855e-05,5.6447e-05,6.6426e-05
6612.03,0.00078771,0.00085156,0.00087244,1.2892e-05,3.0636e-06,5.2765e-06,7.6202e-05,5.6059e-05,6.6029e-05
6625.63,0.00078405,0.00084701,0.00086771,1.2914e-05,3.0431e-06,5.2342e-06,7.5555e-05,5.5676e-05,6.5636e-05
6639.24,0.00078039,0.00084247,0.00086299,1.2984e-05,3.023e-06,5.1924e-06,7.4911e-05,5.5295e-05,6.5245e-05
6652.84,0.00077673,0.00083792,0.00085826,1.31e-05,3.0033e-06,5.1513e-06,7.4267e-05,5.4914e-05,6.4854e-05
6666.45,0.00077306,0.00083335,0.00085351,1.3258e-05,2.9842e-06,5.1108e-06,7.3624e-05,5.4534e-05,6.4462e-05
6680.05,0.00076936,0.00082876,0.00084874,1.3454e-05,2.9655e-06,5.071e-06,7.2979e-05,5.4153e-05,6.4068e-05
6693.66,0.00076563,0.00082412,0.00084393,1.368e-05,2.9474e-06,5.0318e-06,7.2333e-05,5.3771e-05,6.3672e-05
6707.26,0.0007618,0.00081938,0.00083901,1.3924e-05,2.9297e-06,4.9929e-06,7.1679e-05,5.3384e-05,6.3269e-05
6720.87,0.00075825,0.00081494,0.0008344,1.4178e-05,2.9122e-06,4.9542e-06,7.1052e-05,5.3017e-05,6.2889e-05
6734.47,0.00075593,0.00081181,0.00083114,1.445e-05,2.8967e-06,4.9178e-06,7.0541e-05,5.2737e-05,6.2611e-05
6748.08,0.00075203,0.00080699,0.00082615,1.4686e-05,2.88e-06,4.8795e-06,6.9885e-05,5.2349e-05,6.2204e-05
6761.68,0.00074853,0.00080259,0.00082158,1.4902e-05,2.8638e-06,4.8417e-06,6.9266e-05,5.1989e-05,6.1829e-05
6775.29,0.00074515,0.00079832,0.00081716,1.5084e-05,2.8481e-06,4.804e-06,6.8659e-05,5.1639e-05,6.1466e-05
6788.89,0.00074184,0.00079412,0.0008128,1.5224e-05,2.8328e-06,4.7665e-06,6.8061e-05,5.1295e-05,6.1108e-05
6802.5,0.00073857,0.00078996,0.00080849,1.5315e-05,2.8179e-06,4.7294e-06,6.7467e-05,5.0955e-05,6.0753e-05
6816.1,0.0007353,0.00078581,0.00080419,1.5354e-05,2.8034e-06,4.6926e-06,6.6876e-05,5.0616e-05,6.04e-05
6829.71,0.00073202,0.00078163,0.00079987,1.5341e-05,2.7895e-06,4.6563e-06,6.6284e-05,5.0277e-05,6.0046e-05
6843.31,0.0007287,0.00077742,0.00079551,1.5278e-05,2.776e-06,4.6206e-06,6.5692e-05,4.9937e-05,5.969e-05
6856.92,0.00072531,0.00077313,0.00079106,1.517e-05,2.763e-06,4.5854e-06,6.5094e-05,4.9594e-05,5.9328e-05
6870.52,0.00072165,0.00076855,0.00078633,1.5025e-05,2.7504e-06,4.5508e-06,6.4475e-05,4.9233e-05,5.8944e-05
6884.13,0.00071828,0.00076428,0.00078192,1.4851e-05,2.7382e-06,4.5168e-06,6.3884e-05,4.8893e-05,5.8585e-05
6897.73,0.00071662,0.00076183,0.00077937,1.4672e-05,2.7264e-06,4.4833e-06,6.3447e-05,4.8671e-05,5.8366e-05
6911.34,0.00071311,0.0007574,0.0007748,1.448e-05,2.7145e-06,4.4498e-06,6.2847e-05,4.8323e-05,5.7996e-05
6924.94,0.00070988,0.00075327,0.00077053,1.4296e-05,2.7027e-06,4.4164e-06,6.2274e-05,4.7996e-05,5.7649e-05
6938.55,0.00070677,0.00074928,0.0007664,1.4132e-05,2.691e-06,4.3832e-06,6.1715e-05,4.7678e-05,5.7313e-05
6952.15,0.00070375,0.00074537,0.00076237,1.3996e-05,2.6793e-06,4.35e-06,6.1164e-05,4.7367e-05,5.6984e-05
6965.76,0.00070078,0.00074152,0.00075839,1.3898e-05,2.6676e-06,4.317e-06,6.0621e-05,4.7061e-05,5.6661e-05
6979.36,0.00069785,0.0007377,0.00075446,1.3843e-05,2.656e-06,4.2841e-06,6.0083e-05,4.6758e-05,5.634e-05
6992.97,0.00069492,0.0007339,0.00075053,1.3835e-05,2.6446e-06,4.2514e-06,5.9548e-05,4.6457e-05,5.6021e-05
7006.57,0.00069197,0.00073006,0.00074657,1.3876e-05,2.6335e-06,4.2192e-06,5.9012e-05,4.6156e-05,5.57e-05
7020.18,0.00068894,0.00072614,0.00074253,1.3964e-05,2.6226e-06,4.1872e-06,5.847e-05,4.5849e-05,5.5373e-05
7033.78,0.00068556,0.00072186,0.00073812,1.4096e-05,2.6118e-06,4.1553e-06,5.7902e-05,4.5521e-05,5.5018e-05
7047.39,0.00068233,0.00071773,0.00073387,1.4267e-05,2.6023e-06,4.1254e-06,5.7348e-05,4.5205e-05,5.4677e-05
7060.99,0.00068107,0.00071568,0.00073174,1.4471e-05,2.5937e-06,4.0967e-06,5.6961e-05,4.5019e-05,5.4493e-05
7074.6,0.00067791,0.00071162,0.00072757,1.4695e-05,2.5843e-06,4.0664e-06,5.6416e-05,4.4709e-05,5.4158e-05
7088.2,0.00067494,0.00070777,0.00072361,1.4929e-05,2.5754e-06,4.0367e-06,5.5889e-05,4.4413e-05,5.3839e-05
7101.81,0.00067207,0.00070402,0.00071975,1.5164e-05,2.5669e-06,4.0072e-06,5.5371e-05,4.4123e-05,5.3527e-05
7115.41,0.00066927,0.00070035,0.00071597,1.5387e-05,2.5586e-06,3.9778e-06,5.4861e-05,4.384e-05,5.3222e-05
7129.02,0.00066654,0.00069675,0.00071227,1.5587e-05,2.5506e-06,3.9485e-06,5.4358e-05,4.3563e-05,5.2924e-05
7142.62,0.00066387,0.00069321,0.00070863,1.5755e-05,2.5428e-06,3.9192e-06,5.3861e-05,4.329e-05,5.263e-05
7156.23,0.00066124,0.00068971,0.00070503,1.588e-05,2.5352e-06,3.8899e-06,5.3369e-05,4.3021e-05,5.2339e-05
7169.83,0.00065861,0.00068622,0.00070145,1.5958e-05,2.5278e-06,3.8607e-06,5.288e-05,4.2753e-05,5.205e-05
7183.44,0.00065595,0.00068269,0.00069783,1.5984e-05,2.5206e-06,3.8315e-06,5.239e-05,4.2484e-05,5.1759e-05
7197.04,0.00065307,0.00067893,0.00069397,1.5954e-05,2.5128e-06,3.8013e-06,5.1883e-05,4.2202e-05,5.145e-05
7210.65,0.00065015,0.00067514,0.00069008,1.5879e-05,2.5071e-06,3.7742e-06,5.1376e-05,4.1918e-05,5.1139e-05
7224.25,0.0006487,0.00067287,0.00068775,1.5763e-05,2.5047e-06,3.7517e-06,5.0988e-05,4.173e-05,5.0945e-05
7237.86,0.00064592,0.00066923,0.00068402,1.5597e-05,2.4986e-06,3.7238e-06,5.0496e-05,4.1457e-05,5.0646e-05
7251.46,0.00064323,0.00066568,0.00068038,1.54e-05,2.4932e-06,3.6968e-06,5.0014e-05,4.1192e-05,5.0355e-05
7265.07,0.00064059,0.00066218,0.00067679,1.5182e-05,2.4881e-06,3.6704e-06,4.9537e-05,4.093e-05,5.0068e-05
7278.67,0.000638,0.00065872,0.00067325,1.4954e-05,2.4832e-06,3.6442e-06,4.9067e-05,4.0672e-05,4.9785e-05
7292.28,0.00063545,0.00065533,0.00066978,1.4728e-05,2.4783e-06,3.6182e-06,4.8603e-05,4.0418e-05,4.9507e-05
7305.88,0.00063297,0.000652,0.00066637,1.4514e-05,2.4733e-06,3.5922e-06,4.8146e-05,4.017e-05,4.9234e-05
7319.49,0.00063055,0.00064873,0.00066302,1.4322e-05,2.4682e-06,3.5661e-06,4.7695e-05,3.9926e-05,4.8966e-05
7333.09,0.00062817,0.00064551,0.00065973,1.4161e-05,2.463e-06,3.54e-06,4.7251e-05,3.9686e-05,4.8703e-05
7346.7,0.00062582,0.00064232,0.00065647,1.4039e-05,2.4575e-06,3.5136e-06,4.681e-05,3.9448e-05,4.8441e-05
7360.3,0.00062344,0.00063909,0.00065317,1.3955e-05,2.4509e-06,3.4857e-06,4.6369e-05,3.9209e-05,4.8178e-05
7373.91,0.00062096,0.00063577,0.00064978,1.3927e-05,2.4461e-06,3.4605e-06,4.5923e-05,3.8966e-05,4.7908e-05
7387.51,0.00061907,0.00063305,0.000647,1.3963e-05,2.4471e-06,3.4433e-06,4.5523e-05,3.876e-05,4.7683e-05
7401.12,0.00061667,0.00062982,0.00064371,1.4021e-05,2.4416e-06,3.4171e-06,4.5087e-05,3.8523e-05,4.7421e-05
7414.72,0.00061429,0.00062661,0.00064043,1.4124e-05,2.4372e-06,3.3924e-06,4.4654e-05,3.8288e-05,4.716e-05
7428.33,0.00061191,0.00062339,0.00063714,1.4263e-05,2.4334e-06,3.3683e-06,4.4223e-05,3.8054e-05,4.6899e-05
7441.93,0.00060953,0.00062018,0.00063387,1.443e-05,2.43e-06,3.3447e-06,4.3794e-05,3.7821e-05,4.6639e-05
7455.54,0.00060716,0.00061699,0.00063062,1.4616e-05,2.4269e-06,3.3214e-06,4.3368e-05,3.7591e-05,4.6381e-05
7469.14,0.00060484,0.00061384,0.00062741,1.4811e-05,2.4241e-06,3.2983e-06,4.2946e-05,3.7363e-05,4.6126e-05
7482.75,0.00060255,0.00061074,0.00062425,1.5004e-05,2.4215e-06,3.2752e-06,4.253e-05,3.7139e-05,4.5875e-05
7496.35,0.00060033,0.00060769,0.00062115,1.5184e-05,2.419e-06,3.252e-06,4.2119e-05,3.6919e-05,4.5629e-05
7509.96,0.00059816,0.00060471,0.00061811,1.5339e-05,2.4164e-06,3.2286e-06,4.1714e-05,3.6704e-05,4.5387e-05
7523.56,0.00059604,0.00060177,0.00061512,1.5457e-05,2.4132e-06,3.2041e-06,4.1314e-05,3.6492e-05,4.515e-05
7537.17,0.00059395,0.00059887,0.00061217,1.5543e-05,2.411e-06,3.181e-06,4.0918e-05,3.6284e-05,4.4916e-05
7550.77,0.00059187,0.00059599,0.00060924,1.5619e-05,2.416e-06,3.167e-06,4.0525e-05,3.6077e-05,4.4683e-05
7564.38,0.0005898,0.00059311,0.00060632,1.5598e-05,2.4127e-06,3.1421e-06,4.0134e-05,3.5871e-05,4.4451e-05
7577.98,0.00058771,0.00059022,0.00060338,1.5534e-05,2.4111e-06,3.1193e-06,3.9743e-05,3.5665e-05,4.4218e-05
7591.59,0.0005856,0.00058731,0.00060043,1.5424e-05,2.41e-06,3.0971e-06,3.9354e-05,3.5458e-05,4.3984e-05
7605.19,0.00058346,0.00058437,0.00059745,1.5269e-05,2.4093e-06,3.0756e-06,3.8965e-05,3.5251e-05,4.3749e-05
7618.8,0.00058131,0.00058143,0.00059446,1.5076e-05,2.409e-06,3.0544e-06,3.8577e-05,3.5044e-05,4.3513e-05
7632.4,0.00057915,0.00057848,0.00059146,1.4852e-05,2.4089e-06,3.0336e-06,3.8191e-05,3.4837e-05,4.3277e-05
7646.01,0.000577,0.00057554,0.00058848,1.4606e-05,2.4089e-06,3.013e-06,3.7808e-05,3.4632e-05,4.3043e-05
7659.61,0.00057488,0.00057263,0.00058553,1.4349e-05,2.4089e-06,2.9925e-06,3.7429e-05,3.4429e-05,4.2811e-05
7673.22,0.00057279,0.00056976,0.00058263,1.409e-05,2.4088e-06,2.972e-06,3.7054e-05,3.4229e-05,4.2582e-05
7686.82,0.00057074,0.00056693,0.00057976,1.3838e-05,2.4082e-06,2.951e-06,3.6685e-05,3.4032e-05,4.2356e-05
7700.43,0.00056862,0.00056403,0.00057683,1.3587e-05,2.4051e-06,2.927e-06,3.6313e-05,3.3832e-05,4.2126e-05
7714.03,0.00056715,0.00056178,0.00057456,1.3454e-05,2.4146e-06,2.919e-06,3.5985e-05,3.3671e-05,4.1944e-05
7727.64,0.00056511,0.00055897,0.00057171,1.3265e-05,2.4108e-06,2.8946e-06,3.5622e-05,3.3477e-05,4.172e-05
7741.24,0.0005632,0.00055629,0.000569,1.3133e-05,2.4097e-06,2.8737e-06,3.5271e-05,3.3292e-05,4.1508e-05
7754.85,0.00056131,0.00055364,0.00056632,1.3047e-05,2.4091e-06,2.8535e-06,3.4922e-05,3.3109e-05,4.1297e-05
7768.45,0.00055942,0.00055098,0.00056363,1.3006e-05,2.4087e-06,2.8337e-06,3.4575e-05,3.2926e-05,4.1085e-05
7782.06,0.0005575,0.0005483,0.00056093,1.3009e-05,2.4086e-06,2.8142e-06,3.4229e-05,3.2743e-05,4.0873e-05
7795.66,0.00055555,0.0005456,0.0005582,1.3052e-05,2.4088e-06,2.7951e-06,3.3883e-05,3.2559e-05,4.0659e-05
7809.27,0.00055358,0.00054287,0.00055545,1.3132e-05,2.4094e-06,2.7764e-06,3.3537e-05,3.2374e-05,4.0444e-05
7822.87,0.00055159,0.00054014,0.00055269,1.324e-05,2.4102e-06,2.758e-06,3.3193e-05,3.2189e-05,4.0228e-05
7836.48,0.0005496,0.0005374,0.00054993,1.337e-05,2.4113e-06,2.7398e-06,3.285e-05,3.2004e-05,4.0012e-05
7850.08,0.00054759,0.00053465,0.00054715,1.3512e-05,2.4125e-06,2.7216e-06,3.2508e-05,3.182e-05,3.9796e-05
7863.69,0.00054549,0.00053181,0.00054429,1.3653e-05,2.4136e-06,2.7031e-06,3.2162e-05,3.1631e-05,3.9574e-05
7877.29,0.00054379,0.00052938,0.00054184,1.3791e-05,2.4146e-06,2.6845e-06,3.1842e-05,3.1466e-05,3.9382e-05
7890.9,0.00054265,0.00052748,0.00053994,1.3948e-05,2.4195e-06,2.6704e-06,3.1556e-05,3.1334e-05,3.9229e-05
7904.5,0.00054066,0.00052477,0.00053721,1.4042e-05,2.4208e-06,2.6518e-06,3.1223e-05,3.1154e-05,3.9017e-05
7918.11,0.00053887,0.00052224,0.00053467,1.4108e-05,2.4225e-06,2.6337e-06,3.0902e-05,3.0985e-05,3.8819e-05
7931.71,0.00053712,0.00051977,0.00053219,1.4137e-05,2.4245e-06,2.6158e-06,3.0586e-05,3.0821e-05,3.8625e-05
7945.32,0.0005354,0.00051732,0.00052973,1.4124e-05,2.4266e-06,2.598e-06,3.0273e-05,3.0658e-05,3.8433e-05
7958.92,0.00053366,0.00051487,0.00052727,1.4065e-05,2.429e-06,2.5805e-06,2.9962e-05,3.0495e-05,3.824e-05
7972.53,0.00053191,0.0005124,0.00052479,1.3961e-05,2.4316e-06,2.5632e-06,2.9652e-05,3.0332e-05,3.8047e-05
7986.13,0.00053012,0.0005099,0.00052228,1.3814e-05,2.4344e-06,2.5463e-06,2.9341e-05,3.0168e-05,3.7852e-05
7999.74,0.00052829,0.00050737,0.00051974,1.3628e-05,2.4375e-06,2.5297e-06,2.9031e-05,3.0002e-05,3.7655e-05
8013.34,0.00052642,0.0005048,0.00051715,1.3408e-05,2.4408e-06,2.5133e-06,2.872e-05,2.9835e-05,3.7455e-05
8026.95,0.00052445,0.00050214,0.00051448,1.3161e-05,2.4443e-06,2.4972e-06,2.8406e-05,2.9663e-05,3.7249e-05
8040.55,0.00052203,0.00049906,0.00051137,1.2892e-05,2.4477e-06,2.481e-06,2.8071e-05,2.9466e-05,3.7011e-05
8054.16,0.00052045,0.00049678,0.00050909,1.2615e-05,2.4507e-06,2.4646e-06,2.7783e-05,2.9317e-05,3.6833e-05
8067.76,0.00052014,0.00049572,0.00050807,1.2363e-05,2.4549e-06,2.4502e-06,2.7564e-05,2.9241e-05,3.6746e-05
8081.37,0.00051822,0.00049312,0.00050546,1.2099e-05,2.4581e-06,2.4343e-06,2.7262e-05,2.9074e-05,3.6545e-05
8094.97,0.00051648,0.00049071,0.00050304,1.1854e-05,2.461e-06,2.4185e-06,2.6972e-05,2.8919e-05,3.6359e-05
8108.58,0.00051484,0.00048838,0.00050071,1.1634e-05,2.4638e-06,2.4027e-06,2.6688e-05,2.877e-05,3.6178e-05
8122.18,0.00051323,0.0004861,0.00049843,1.1446e-05,2.4664e-06,2.3868e-06,2.6409e-05,2.8623e-05,3.6001e-05
8135.79,0.00051164,0.00048384,0.00049617,1.1293e-05,2.4689e-06,2.3711e-06,2.6133e-05,2.8478e-05,3.5826e-05
8149.39,0.00051006,0.00048158,0.00049392,1.1179e-05,2.4713e-06,2.3554e-06,2.5858e-05,2.8334e-05,3.5651e-05
8163.0,0.00050844,0.0004793,0.00049164,1.1104e-05,2.4739e-06,2.34e-06,2.5585e-05,2.8189e-05,3.5476e-05
8176.6,0.00050679,0.00047698,0.00048933,1.1067e-05,2.4766e-06,2.3248e-06,2.5311e-05,2.8042e-05,3.5297e-05
8190.21,0.00050506,0.0004746,0.00048695,1.1066e-05,2.4795e-06,2.3099e-06,2.5035e-05,2.7892e-05,3.5114e-05
8203.81,0.00050317,0.00047208,0.00048443,1.1097e-05,2.4827e-06,2.2953e-06,2.4753e-05,2.7734e-05,3.4921e-05
8217.42,0.0005003,0.00046864,0.00048097,1.1154e-05,2.486e-06,2.2807e-06,2.4426e-05,2.7523e-05,3.466e-05
8231.02,0.00050209,0.00046957,0.00048199,1.1241e-05,2.4905e-06,2.2673e-06,2.4327e-05,2.7569e-05,3.4722e-05
8244.63,0.00049933,0.00046625,0.00047864,1.1331e-05,2.4943e-06,2.253e-06,2.4009e-05,2.7365e-05,3.447e-05
8258.23,0.00049748,0.00046378,0.00047617,1.1428e-05,2.4983e-06,2.239e-06,2.3736e-05,2.7212e-05,3.4282e-05
8271.84,0.0004958,0.00046147,0.00047387,1.1523e-05,2.5025e-06,2.2251e-06,2.3473e-05,2.7068e-05,3.4105e-05
8285.44,0.00049421,0.00045925,0.00047166,1.1606e-05,2.5066e-06,2.2111e-06,2.3217e-05,2.6931e-05,3.3935e-05
8299.05,0.00049268,0.00045709,0.00046951,1.1669e-05,2.5108e-06,2.197e-06,2.2965e-05,2.6797e-05,3.377e-05
8312.65,0.00049119,0.00045498,0.00046741,1.1707e-05,2.5149e-06,2.183e-06,2.2716e-05,2.6666e-05,3.3608e-05
8326.26,0.00048972,0.00045289,0.00046534,1.1713e-05,2.519e-06,2.1689e-06,2.2471e-05,2.6537e-05,3.3449e-05
8339.86,0.00048826,0.00045081,0.00046327,1.1684e-05,2.5231e-06,2.1549e-06,2.2227e-05,2.6409e-05,3.329e-05
8353.47,0.00048677,0.00044871,0.00046119,1.1616e-05,2.5273e-06,2.1409e-06,2.1984e-05,2.628e-05,3.313e-05
8367.07,0.00048523,0.00044656,0.00045905,1.1508e-05,2.5316e-06,2.1272e-06,2.174e-05,2.6149e-05,3.2966e-05
8380.68,0.00048353,0.00044427,0.00045678,1.1362e-05,2.5359e-06,2.1134e-06,2.1491e-05,2.601e-05,3.2793e-05
8394.28,0.00048077,0.00044102,0.00045351,1.1177e-05,2.5384e-06,2.0984e-06,2.1198e-05,2.5815e-05,3.2548e-05
8407.89,0.00048227,0.00044167,0.00045426,1.0978e-05,2.5496e-06,2.0901e-06,2.1093e-05,2.5849e-05,3.2592e-05
8421.49,0.00047992,0.00043881,0.00045138,1.0738e-05,2.5532e-06,2.0762e-06,2.0822e-05,2.5677e-05,3.2377e-05
8435.1,0.00047819,0.00043651,0.0004491,1.0483e-05,2.5581e-06,2.0634e-06,2.058e-05,2.5539e-05,3.2203e-05
8448.7,0.00047658,0.00043433,0.00044693,1.0217e-05,2.5632e-06,2.0508e-06,2.0345e-05,2.5408e-05,3.2038e-05
8462.31,0.00047503,0.00043221,0.00044483,9.9474e-06,2.5682e-06,2.0384e-06,2.0114e-05,2.5281e-05,3.1878e-05
8475.91,0.00047353,0.00043015,0.00044279,9.6823e-06,2.573e-06,2.0259e-06,1.9888e-05,2.5158e-05,3.1722e-05
8489.52,0.00047209,0.00042814,0.0004408,9.4288e-06,2.5775e-06,2.0134e-06,1.9666e-05,2.5038e-05,3.157e-05
8503.12,0.0004707,0.00042617,0.00043885,9.1931e-06,2.5817e-06,2.0009e-06,1.9448e-05,2.4921e-05,3.1422e-05
8516.73,0.00046933,0.00042423,0.00043694,8.981e-06,2.5856e-06,1.9882e-06,1.9234e-05,2.4806e-05,3.1276e-05
8530.33,0.00046798,0.00042232,0.00043505,8.7966e-06,2.5892e-06,1.9756e-06,1.9021e-05,2.4693e-05,3.1131e-05
8543.94,0.00046661,0.00042039,0.00043315,8.6428e-06,2.5925e-06,1.9628e-06,1.881e-05,2.4579e-05,3.0986e-05
8557.54,0.00046517,0.0004184,0.00043118,8.5208e-06,2.5952e-06,1.9498e-06,1.8597e-05,2.4462e-05,3.0837e-05
8571.15,0.00046324,0.00041598,0.00042877,8.4245e-06,2.5941e-06,1.9343e-06,1.8367e-05,2.432e-05,3.0656e-05
8584.75,0.00046354,0.00041556,0.00042843,8.3963e-06,2.6125e-06,1.9324e-06,1.8227e-05,2.4295e-05,3.0623e-05
8598.36,0.0004616,0.00041314,0.00042601,8.3621e-06,2.6118e-06,1.9174e-06,1.8e-05,2.4153e-05,3.0441e-05
8611.96,0.00046005,0.00041108,0.00042397,8.3613e-06,2.6151e-06,1.9052e-06,1.779e-05,2.4033e-05,3.0287e-05
8625.57,0.00045856,0.00040906,0.00042198,8.3834e-06,2.6193e-06,1.8936e-06,1.7584e-05,2.3916e-05,3.0137e-05
8639.17,0.00045708,0.00040708,0.00042002,8.4223e-06,2.6239e-06,1.8823e-06,1.738e-05,2.3801e-05,2.9988e-05
8652.78,0.00045563,0.00040511,0.00041808,8.4719e-06,2.6287e-06,1.8711e-06,1.7179e-05,2.3688e-05,2.9842e-05
8666.38,0.00045422,0.00040319,0.00041618,8.5254e-06,2.6335e-06,1.86e-06,1.6981e-05,2.3576e-05,2.9698e-05
8679.99,0.00045284,0.0004013,0.00041433,8.5763e-06,2.6383e-06,1.8489e-06,1.6785e-05,2.3468e-05,2.9557e-05
8693.59,0.00045151,0.00039946,0.00041251,8.6178e-06,2.6431e-06,1.8377e-06,1.6593e-05,2.3362e-05,2.942e-05
8707.2,0.00045022,0.00039765,0.00041074,8.6436e-06,2.6476e-06,1.8263e-06,1.6404e-05,2.3259e-05,2.9286e-05
8720.8,0.00044896,0.00039588,0.000409,8.648e-06,2.6518e-06,1.8148e-06,1.6217e-05,2.3158e-05,2.9154e-05
8734.41,0.0004477,0.00039412,0.00040728,8.6255e-06,2.6553e-06,1.8029e-06,1.6033e-05,2.3058e-05,2.9023e-05
8748.01,0.00044639,0.00039232,0.0004055,8.5659e-06,2.6555e-06,1.7888e-06,1.5847e-05,2.2956e-05,2.8889e-05
8761.62,0.00044499,0.00039044,0.00040365,8.4927e-06,2.6616e-06,1.7788e-06,1.566e-05,2.2849e-05,2.8749e-05
8775.22,0.00044414,0.00038905,0.00040231,8.4057e-06,2.6769e-06,1.7745e-06,1.5494e-05,2.2772e-05,2.8646e-05
8788.83,0.00044282,0.00038725,0.00040054,8.2603e-06,2.6801e-06,1.7626e-06,1.5313e-05,2.2671e-05,2.8513e-05
8802.43,0.00044149,0.00038545,0.00039877,8.0893e-06,2.6846e-06,1.7517e-06,1.5134e-05,2.2569e-05,2.838e-05
8816.04,0.00044014,0.00038363,0.00039699,7.8941e-06,2.6896e-06,1.7411e-06,1.4955e-05,2.2468e-05,2.8246e-05
8829.64,0.00043877,0.00038181,0.0003952,7.6789e-06,2.6948e-06,1.7309e-06,1.4778e-05,2.2366e-05,2.8111e-05
8843.25,0.00043741,0.00037999,0.00039341,7.4486e-06,2.7002e-06,1.7208e-06,1.4602e-05,2.2264e-05,2.7977e-05
8856.85,0.00043605,0.00037819,0.00039164,7.2089e-06,2.7055e-06,1.7108e-06,1.4428e-05,2.2164e-05,2.7843e-05
8870.46,0.00043472,0.00037641,0.0003899,6.966e-06,2.7106e-06,1.7009e-06,1.4257e-05,2.2065e-05,2.7712e-05
8884.06,0.00043342,0.00037467,0.00038819,6.7257e-06,2.7153e-06,1.6909e-06,1.4089e-05,2.1969e-05,2.7584e-05
8897.67,0.00043217,0.00037296,0.00038652,6.4934e-06,2.7196e-06,1.6807e-06,1.3924e-05,2.1875e-05,2.7459e-05
8911.27,0.00043095,0.0003713,0.0003849,6.2738e-06,2.7231e-06,1.6702e-06,1.3761e-05,2.1784e-05,2.7337e-05
8924.88,0.00042977,0.00036967,0.00038331,6.0685e-06,2.7244e-06,1.6586e-06,1.3602e-05,2.1695e-05,2.7217e-05
8938.48,0.00042864,0.00036809,0.00038177,5.8922e-06,2.7282e-06,1.6487e-06,1.3445e-05,2.1609e-05,2.7101e-05
8952.09,0.00042747,0.00036648,0.0003802,5.7603e-06,2.7431e-06,1.6455e-06,1.3289e-05,2.1521e-05,2.6983e-05
8965.69,0.00042632,0.00036489,0.00037865,5.6254e-06,2.7434e-06,1.6337e-06,1.3134e-05,2.1435e-05,2.6867e-05
8979.3,0.00042515,0.00036329,0.00037709,5.5207e-06,2.7458e-06,1.6233e-06,1.2981e-05,2.1348e-05,2.6749e-05
8992.9,0.00042395,0.00036167,0.00037551,5.4426e-06,2.7488e-06,1.6133e-06,1.2828e-05,2.1261e-05,2.6631e-05
9006.51,0.00042271,0.00036002,0.0003739,5.389e-06,2.7521e-06,1.6037e-06,1.2676e-05,2.1172e-05,2.651e-05
9020.11,0.00042145,0.00035836,0.00037227,5.3574e-06,2.7558e-06,1.5943e-06,1.2524e-05,2.1082e-05,2.6388e-05
9033.72,0.00042016,0.00035668,0.00037063,5.3446e-06,2.7597e-06,1.5851e-06,1.2372e-05,2.0992e-05,2.6266e-05
9047.32,0.00041886,0.00035499,0.00036898,5.3471e-06,2.7639e-06,1.5761e-06,1.2222e-05,2.0901e-05,2.6143e-05
9060.93,0.00041756,0.00035331,0.00036734,5.3603e-06,2.7682e-06,1.5672e-06,1.2073e-05,2.0811e-05,2.602e-05
9074.53,0.00041627,0.00035165,0.00036571,5.3797e-06,2.7724e-06,1.5582e-06,1.1926e-05,2.0722e-05,2.5899e-05
9088.14,0.00041501,0.00035001,0.00036411,5.4e-06,2.7765e-06,1.5492e-06,1.1781e-05,2.0634e-05,2.5779e-05
9101.74,0.00041375,0.00034838,0.00036252,5.4153e-06,2.7798e-06,1.5397e-06,1.1637e-05,2.0548e-05,2.5661e-05
9115.35,0.00041235,0.00034663,0.0003608,5.4115e-06,2.7788e-06,1.5278e-06,1.1491e-05,2.0454e-05,2.5534e-05
9128.95,0.00041196,0.00034574,0.00035999,5.452e-06,2.8e-06,1.5287e-06,1.1374e-05,2.0412e-05,2.547e-05
9142.56,0.0004106,0.00034404,0.00035832,5.4181e-06,2.7978e-06,1.5162e-06,1.1231e-05,2.0321e-05,2.5346e-05
9156.16,0.00040946,0.00034253,0.00035685,5.3769e-06,2.8004e-06,1.5065e-06,1.1095e-05,2.0242e-05,2.5237e-05
9169.77,0.00040835,0.00034105,0.00035542,5.3158e-06,2.8037e-06,1.4973e-06,1.0962e-05,2.0165e-05,2.513e-05
9183.37,0.00040723,0.00033957,0.00035398,5.2325e-06,2.8073e-06,1.4882e-06,1.083e-05,2.0088e-05,2.5022e-05
9196.98,0.00040609,0.00033807,0.00035253,5.1266e-06,2.811e-06,1.4794e-06,1.0698e-05,2.001e-05,2.4914e-05
9210.58,0.00040492,0.00033655,0.00035105,4.9991e-06,2.815e-06,1.4708e-06,1.0567e-05,1.9931e-05,2.4804e-05
9224.19,0.00040372,0.00033501,0.00034955,4.8517e-06,2.8192e-06,1.4623e-06,1.0436e-05,1.9851e-05,2.4693e-05
9237.79,0.00040248,0.00033345,0.00034803,4.6872e-06,2.8235e-06,1.4541e-06,1.0306e-05,1.977e-05,2.458e-05
9251.4,0.00040122,0.00033187,0.00034649,4.5092e-06,2.828e-06,1.446e-06,1.0177e-05,1.9688e-05,2.4466e-05
9265.0,0.00039993,0.00033028,0.00034494,4.3215e-06,2.8324e-06,1.4379e-06,1.0049e-05,1.9605e-05,2.4351e-05
9278.61,0.00039861,0.00032867,0.00034336,4.1284e-06,2.8365e-06,1.4299e-06,9.9207e-06,1.9521e-05,2.4235e-05
9292.21,0.00039717,0.00032695,0.00034168,3.9332e-06,2.84e-06,1.4216e-06,9.7911e-06,1.9432e-05,2.4111e-05
9305.82,0.00039623,0.00032566,0.00034045,3.743e-06,2.8431e-06,1.4133e-06,9.6755e-06,1.9367e-05,2.4018e-05
9319.42,0.000396,0.00032496,0.00033982,3.572e-06,2.8514e-06,1.408e-06,9.5781e-06,1.9338e-05,2.3969e-05
9333.03,0.00039455,0.00032326,0.00033815,3.398e-06,2.8534e-06,1.3993e-06,9.4525e-06,1.9249e-05,2.3846e-05
9346.63,0.00039338,0.00032178,0.00033672,3.2402e-06,2.8558e-06,1.3911e-06,9.3348e-06,1.9174e-05,2.374e-05
9360.24,0.00039228,0.00032038,0.00033536,3.0988e-06,2.8579e-06,1.3829e-06,9.2202e-06,1.9103e-05,2.3639e-05
9373.84,0.0003912,0.000319,0.00033403,2.9753e-06,2.8599e-06,1.3748e-06,9.1075e-06,1.9034e-05,2.3541e-05
9387.45,0.00039013,0.00031763,0.0003327,2.8701e-06,2.8618e-06,1.3667e-06,8.9961e-06,1.8966e-05,2.3442e-05
9401.05,0.00038904,0.00031625,0.00033137,2.7833e-06,2.8637e-06,1.3587e-06,8.8854e-06,1.8897e-05,2.3344e-05
9414.66,0.00038793,0.00031485,0.00033001,2.7144e-06,2.8656e-06,1.3509e-06,8.7753e-06,1.8827e-05,2.3243e-05
9428.26,0.00038677,0.00031342,0.00032863,2.6623e-06,2.8677e-06,1.3432e-06,8.6653e-06,1.8755e-05,2.3141e-05
9441.87,0.00038556,0.00031196,0.00032721,2.6253e-06,2.8701e-06,1.3357e-06,8.5555e-06,1.8681e-05,2.3036e-05
9455.47,0.0003843,0.00031045,0.00032574,2.6015e-06,2.8726e-06,1.3284e-06,8.4456e-06,1.8605e-05,2.2929e-05
9469.08,0.00038293,0.00030887,0.0003242,2.5884e-06,2.8754e-06,1.3212e-06,8.3346e-06,1.8525e-05,2.2815e-05
9482.68,0.00038119,0.00030699,0.00032234,2.5827e-06,2.8782e-06,1.314e-06,8.2165e-06,1.8426e-05,2.268e-05
9496.29,0.00038031,0.00030582,0.00032122,2.5826e-06,2.8808e-06,1.3067e-06,8.1183e-06,1.8371e-05,2.2597e-05
9509.89,0.00038069,0.00030566,0.00032116,2.5894e-06,2.8845e-06,1.3003e-06,8.0476e-06,1.8375e-05,2.2588e-05
9523.5,0.00037918,0.00030397,0.00031951,2.5906e-06,2.8873e-06,1.2931e-06,7.9376e-06,1.8289e-05,2.2467e-05
9537.1,0.00037795,0.00030253,0.0003181,2.5883e-06,2.8899e-06,1.2859e-06,7.8347e-06,1.8217e-05,2.2364e-05
9550.71,0.00037682,0.00030117,0.00031679,2.5792e-06,2.8923e-06,1.2787e-06,7.735e-06,1.815e-05,2.2267e-05
9564.31,0.00037575,0.00029986,0.00031552,2.5609e-06,2.8944e-06,1.2714e-06,7.6374e-06,1.8087e-05,2.2174e-05
9577.92,0.00037471,0.00029857,0.00031429,2.531e-06,2.8964e-06,1.2641e-06,7.5414e-06,1.8025e-05,2.2083e-05
9591.52,0.00037367,0.0002973,0.00031307,2.4882e-06,2.8983e-06,1.2568e-06,7.4466e-06,1.7964e-05,2.1993e-05
9605.13,0.00037263,0.00029603,0.00031184,2.4314e-06,2.9001e-06,1.2496e-06,7.3526e-06,1.7902e-05,2.1903e-05
9618.73,0.00037156,0.00029474,0.0003106,2.3605e-06,2.902e-06,1.2424e-06,7.2591e-06,1.784e-05,2.1811e-05
9632.34,0.00037044,0.00029342,0.00030932,2.276e-06,2.904e-06,1.2354e-06,7.1657e-06,1.7776e-05,2.1717e-05
9645.94,0.00036925,0.00029204,0.00030799,2.1789e-06,2.9062e-06,1.2285e-06,7.072e-06,1.7709e-05,2.1619e-05
9659.55,0.00036792,0.00029056,0.00030654,2.0712e-06,2.9084e-06,1.2218e-06,6.9767e-06,1.7635e-05,2.1514e-05
9673.15,0.00036603,0.00028864,0.00030463,1.9548e-06,2.9106e-06,1.215e-06,6.8721e-06,1.7535e-05,2.1376e-05
9686.76,0.00036511,0.0002875,0.00030354,1.8328e-06,2.9142e-06,1.2089e-06,6.7869e-06,1.7482e-05,2.1295e-05
9700.36,0.00036587,0.00028767,0.00030384,1.7087e-06,2.9169e-06,1.2027e-06,6.7334e-06,1.7509e-05,2.1312e-05
9713.97,0.00036434,0.00028605,0.00030225,1.5836e-06,2.9191e-06,1.1963e-06,6.6388e-06,1.7427e-05,2.1197e-05
9727.57,0.00036307,0.00028465,0.00030088,1.4612e-06,2.9212e-06,1.1899e-06,6.5501e-06,1.7358e-05,2.1097e-05
9741.18,0.0003619,0.00028332,0.00029959,1.3441e-06,2.9229e-06,1.1835e-06,6.4643e-06,1.7295e-05,2.1003e-05
9754.78,0.0003608,0.00028205,0.00029837,1.2343e-06,2.9241e-06,1.1771e-06,6.3808e-06,1.7234e-05,2.0913e-05
9768.39,0.00035975,0.00028083,0.00029719,1.1334e-06,2.925e-06,1.1705e-06,6.2991e-06,1.7176e-05,2.0826e-05
9781.99,0.00035872,0.00027963,0.00029604,1.0427e-06,2.9253e-06,1.1639e-06,6.219e-06,1.7121e-05,2.0742e-05
9795.6,0.00035772,0.00027845,0.00029491,9.6285e-07,2.9253e-06,1.1573e-06,6.1402e-06,1.7066e-05,2.0659e-05
9809.2,0.00035672,0.00027728,0.00029379,8.9402e-07,2.9249e-06,1.1507e-06,6.0624e-06,1.7012e-05,2.0577e-05
9822.81,0.0003557,0.0002761,0.00029265,8.3604e-07,2.9244e-06,1.1441e-06,5.9851e-06,1.6957e-05,2.0494e-05
9836.41,0.00035462,0.00027488,0.00029148,7.884e-07,2.9236e-06,1.1375e-06,5.9079e-06,1.69e-05,2.0408e-05
9850.02,0.00035343,0.00027358,0.00029021,7.5031e-07,2.9227e-06,1.1309e-06,5.8298e-06,1.6837e-05,2.0316e-05
9863.62,0.00035181,0.00027194,0.0002886,7.2071e-07,2.9204e-06,1.124e-06,5.7454e-06,1.6755e-05,2.0199e-05
9877.23,0.00035075,0.00027075,0.00028745,6.9911e-07,2.9232e-06,1.1189e-06,5.6713e-06,1.6699e-05,2.0115e-05
9890.83,0.00035132,0.00027082,0.00028764,6.8377e-07,2.9274e-06,1.1143e-06,5.624e-06,1.6721e-05,2.0125e-05
9904.44,0.00034988,0.00026934,0.00028619,6.7313e-07,2.9267e-06,1.1081e-06,5.5452e-06,1.6648e-05,2.002e-05
9918.04,0.00034863,0.00026801,0.0002849,6.6628e-07,2.9268e-06,1.1022e-06,5.4704e-06,1.6585e-05,1.9926e-05
9931.65,0.00034745,0.00026674,0.00028367,6.6179e-07,2.9272e-06,1.0964e-06,5.3974e-06,1.6525e-05,1.9836e-05
9945.25,0.00034631,0.00026551,0.00028248,6.5826e-07,2.9276e-06,1.0906e-06,5.326e-06,1.6467e-05,1.975e-05
9958.86,0.00034522,0.00026432,0.00028133,6.5429e-07,2.9279e-06,1.0848e-06,5.256e-06,1.6412e-05,1.9666e-05
9972.46,0.00034417,0.00026317,0.00028022,6.4855e-07,2.9279e-06,1.079e-06,5.1875e-06,1.6359e-05,1.9585e-05
9986.07,0.00034315,0.00026205,0.00027914,6.3978e-07,2.9277e-06,1.073e-06,5.1203e-06,1.6308e-05,1.9506e-05
9999.67,0.00034217,0.00026095,0.00027809,6.269e-07,2.9271e-06,1.067e-06,5.0543e-06,1.6259e-05,1.943e-05
