atom,level,width,BE,intensity
H,1s,0.0201,13.6,1.0
He,1s,0.0269,24.6,1.0
Li,1s,0.036,54.7,1.0
Li,2s,0.1126,5.3,1.0
Be,1s,0.0483,111.5,1.0
Be,2s,0.1426,8.0,1.0
Be,2p1/2,0.0025,3.0,0.3333333333333333
Be,2p3/2,0.0025,3.0,0.6666666666666666
B,1s,0.0647,188.0,1.0
B,2s,0.1806,12.6,1.0
B,2p1/2,0.0033,4.7,0.3333333333333333
B,2p3/2,0.0033,4.7,0.6666666666666666
C,1s,0.0868,284.2,1.0
C,2s,0.2287,18.0,1.0
C,2p1/2,0.0045,7.2,0.3333333333333333
C,2p3/2,0.0045,7.2,0.6666666666666666
N,1s,0.1163,409.9,1.0
N,2s,0.2897,37.3,1.0
N,2p1/2,0.006,17.5,0.3333333333333333
N,2p3/2,0.006,17.5,0.6666666666666666
O,1s,0.1559,543.1,1.0
O,2s,0.367,41.6,1.0
O,2p1/2,0.0081,18.2,0.3333333333333333
O,2p3/2,0.0081,18.2,0.6666666666666666
F,1s,0.2089,696.7,1.0
F,2s,0.4648,45.0,1.0
F,2p1/2,0.011,19.9,0.3333333333333333
F,2p3/2,0.011,19.9,0.6666666666666666
Ne,1s,0.28,870.2,1.0
Ne,2s,0.5887,48.5,1.0
Ne,2p1/2,0.0148,21.7,0.3333333333333333
Ne,2p3/2,0.0148,21.6,0.6666666666666666
Na,1s,0.309,1070.8,1.0
Na,2s,0.7457,63.5,1.0
Na,2p1/2,0.02,30.4,0.3333333333333333
Na,2p3/2,0.02,30.5,0.6666666666666666
Mg,1s,0.341,1303.0,1.0
Mg,2s,0.9445,88.6,1.0
Mg,2p1/2,0.0269,49.6,0.3333333333333333
Mg,2p3/2,0.0269,49.21,0.6666666666666666
Mg,3s,0.0546,2.0,1.0
Mg,3p1/2,0.001,1.0,0.3333333333333333
Mg,3p3/2,0.001,1.0,0.6666666666666666
Al,1s,0.3763,1559.0,1.0
Al,2s,1.1963,117.8,1.0
Al,2p1/2,0.0363,72.9,0.3333333333333333
Al,2p3/2,0.0363,72.5,0.6666666666666666
Al,3s,0.0786,4.0,1.0
Al,3p1/2,0.001,2.0,0.3333333333333333
Al,3p3/2,0.001,2.0,0.6666666666666666
Si,1s,0.4153,1839.0,1.0
Si,2s,1.5153,149.7,1.0
Si,2p1/2,0.0489,99.8,0.3333333333333333
Si,2p3/2,0.0489,99.2,0.6666666666666666
Si,3s,0.113,8.0,1.0
Si,3p1/2,0.001,2.0,0.3333333333333333
Si,3p3/2,0.001,2.0,0.6666666666666666
P,1s,0.4583,2145.5,1.0
P,2s,1.9193,189.0,1.0
P,2p1/2,0.066,136.0,0.3333333333333333
P,2p3/2,0.066,135.0,0.6666666666666666
P,3s,0.1625,12.0,1.0
P,3p1/2,0.001,7.0,0.3333333333333333
P,3p3/2,0.001,6.0,0.6666666666666666
S,1s,0.5057,2472.0,1.0
S,2s,2.431,230.9,1.0
S,2p1/2,0.089,163.6,0.3333333333333333
S,2p3/2,0.089,162.5,0.6666666666666666
S,3s,0.2338,14.0,1.0
S,3p1/2,0.001,8.0,0.3333333333333333
S,3p3/2,0.001,7.0,0.6666666666666666
Cl,1s,0.5581,2822.0,1.0
Cl,2s,3.0791,270.0,1.0
Cl,2p1/2,0.12,202.0,0.3333333333333333
Cl,2p3/2,0.12,200.0,0.6666666666666666
Cl,3s,0.3362,18.0,1.0
Cl,3p1/2,0.001,10.0,0.3333333333333333
Cl,3p3/2,0.001,10.0,0.6666666666666666
Ar,1s,0.6159,3205.9,1.0
Ar,2s,3.9,326.3,1.0
Ar,2p1/2,0.15,250.6,0.3333333333333333
Ar,2p3/2,0.1378,248.4,0.6666666666666666
Ar,3s,0.4835,29.3,1.0
Ar,3p1/2,0.001,15.9,0.3333333333333333
Ar,3p3/2,0.001,15.7,0.6666666666666666
K,1s,0.6796,3608.4,1.0
K,2s,3.8748,378.6,1.0
K,2p1/2,0.1876,297.3,0.3333333333333333
K,2p3/2,0.1583,294.6,0.6666666666666666
K,3s,0.6953,34.8,1.0
K,3p1/2,0.001,18.3,0.3333333333333333
K,3p3/2,0.001,18.3,0.6666666666666666
Ca,1s,0.75,4038.5,1.0
Ca,2s,3.8497,438.4,1.0
Ca,2p1/2,0.2345,349.7,0.3333333333333333
Ca,2p3/2,0.1818,346.2,0.6666666666666666
Ca,3s,1.0,44.3,1.0
Ca,3p1/2,0.001,25.4,0.3333333333333333
Ca,3p3/2,0.001,25.4,0.6666666666666666
Sc,1s,0.8229,4492.0,1.0
Sc,2s,3.8248,498.0,1.0
Sc,2p1/2,0.2932,403.6,0.3333333333333333
Sc,2p3/2,0.2087,398.7,0.6666666666666666
Sc,3s,1.1424,51.1,1.0
Sc,3p1/2,0.0224,28.3,0.3333333333333333
Sc,3p3/2,0.0224,28.3,0.6666666666666666
Ti,1s,0.903,4966.0,1.0
Ti,2s,3.8,560.9,1.0
Ti,2p1/2,0.3666,460.2,0.3333333333333333
Ti,2p3/2,0.2397,453.8,0.6666666666666666
Ti,3s,1.305,58.7,1.0
Ti,3p1/2,0.5,32.6,0.3333333333333333
Ti,3p3/2,0.5,32.6,0.6666666666666666
Ti,3d3/2,0.0121,2.0,0.4
Ti,3d5/2,0.0121,2.0,0.6
V,1s,0.9908,5465.0,1.0
V,2s,3.9828,626.7,1.0
V,2p1/2,0.4583,519.8,0.3333333333333333
V,2p3/2,0.2753,512.1,0.6666666666666666
V,3s,1.4907,66.3,1.0
V,3p1/2,0.5946,37.2,0.3333333333333333
V,3p3/2,0.5946,37.2,0.6666666666666666
V,3d3/2,0.014,2.0,0.4
V,3d5/2,0.014,2.0,0.6
Cr,1s,1.0872,5989.0,1.0
Cr,2s,4.1745,696.0,1.0
Cr,2p1/2,0.573,583.8,0.3333333333333333
Cr,2p3/2,0.3162,574.1,0.6666666666666666
Cr,3s,1.7029,74.1,1.0
Cr,3p1/2,0.7071,42.2,0.3333333333333333
Cr,3p3/2,0.7071,42.2,0.6666666666666666
Cr,3d3/2,0.0162,2.0,0.4
Cr,3d5/2,0.0162,2.0,0.6
Mn,1s,1.1929,6539.0,1.0
Mn,2s,4.3753,769.1,1.0
Mn,2p1/2,0.7164,649.9,0.3333333333333333
Mn,2p3/2,0.3631,638.7,0.6666666666666666
Mn,3s,1.9454,82.3,1.0
Mn,3p1/2,0.8409,47.2,0.3333333333333333
Mn,3p3/2,0.8409,47.2,0.6666666666666666
Mn,3d3/2,0.0186,2.0,0.4
Mn,3d5/2,0.0186,2.0,0.6
Fe,1s,1.3089,7112.0,1.0
Fe,2s,4.5858,844.6,1.0
Fe,2p1/2,0.8956,719.9,0.3333333333333333
Fe,2p3/2,0.417,706.8,0.6666666666666666
Fe,3s,2.2223,91.3,1.0
Fe,3p1/2,1.0,52.7,0.3333333333333333
Fe,3p3/2,1.0,52.7,0.6666666666666666
Fe,3d3/2,0.0215,2.0,0.4
Fe,3d5/2,0.0215,2.0,0.6
Co,1s,1.4362,7709.0,1.0
Co,2s,4.8065,925.1,1.0
Co,2p1/2,1.1198,793.2,0.3333333333333333
Co,2p3/2,0.4789,778.1,0.6666666666666666
Co,3s,2.5386,101.0,1.0
Co,3p1/2,1.1892,58.9,0.3333333333333333
Co,3p3/2,1.1892,59.9,0.6666666666666666
Co,3d3/2,0.0248,3.0,0.4
Co,3d5/2,0.0248,3.0,0.6
Ni,1s,1.5759,8333.0,1.0
Ni,2s,5.0377,1008.6,1.0
Ni,2p1/2,1.4,870.0,0.3333333333333333
Ni,2p3/2,0.55,852.7,0.6666666666666666
Ni,3s,2.9,110.8,1.0
Ni,3p1/2,1.4142,68.0,0.3333333333333333
Ni,3p3/2,1.4142,66.2,0.6666666666666666
Ni,3d3/2,0.0286,4.0,0.4
Ni,3d5/2,0.0286,4.0,0.6
Cu,1s,1.7292,8979.0,1.0
Cu,2s,5.2801,1096.7,1.0
Cu,2p1/2,1.1618,952.3,0.3333333333333333
Cu,2p3/2,0.596,932.7,0.6666666666666666
Cu,3s,2.5259,122.5,1.0
Cu,3p1/2,1.6818,77.3,0.3333333333333333
Cu,3p3/2,1.6818,75.1,0.6666666666666666
Cu,3d3/2,0.033,5.0,0.4
Cu,3d5/2,0.033,5.0,0.6
Zn,1s,1.8974,9659.0,1.0
Zn,2s,5.5342,1196.2,1.0
Zn,2p1/2,0.9641,1044.9,0.3333333333333333
Zn,2p3/2,0.6459,1021.8,0.6666666666666666
Zn,3s,2.2,139.8,1.0
Zn,3p1/2,2.0,91.4,0.3333333333333333
Zn,3p3/2,2.0,88.6,0.6666666666666666
Zn,3d3/2,0.0381,10.2,0.4
Zn,3d5/2,0.0381,10.1,0.6
Zn,4p1/2,0.001,1.0,0.3333333333333333
Zn,4p3/2,0.001,1.0,0.6666666666666666
Ga,1s,2.0819,10367.0,1.0
Ga,2s,5.8005,1299.0,1.0
Ga,2p1/2,0.8,1143.2,0.3333333333333333
Ga,2p3/2,0.7,1116.4,0.6666666666666666
Ga,3s,2.563,159.51,1.0
Ga,3p1/2,2.0532,103.5,0.3333333333333333
Ga,3p3/2,2.0532,100.0,0.6666666666666666
Ga,3d3/2,0.044,18.7,0.4
Ga,3d5/2,0.044,18.7,0.6
Ga,4s,0.0024,1.0,1.0
Ga,4p1/2,0.001,2.0,0.3333333333333333
Ga,4p3/2,0.001,2.0,0.6666666666666666
Ge,1s,2.2844,11103.0,1.0
Ge,2s,6.0796,1414.6,1.0
Ge,2p1/2,0.8703,1248.1,0.3333333333333333
Ge,2p3/2,0.7571,1217.0,0.6666666666666666
Ge,3s,2.9859,180.1,1.0
Ge,3p1/2,2.1077,124.9,0.3333333333333333
Ge,3p3/2,2.1077,120.8,0.6666666666666666
Ge,3d3/2,0.0508,29.8,0.4
Ge,3d5/2,0.0508,29.2,0.6
Ge,4s,0.0057,5.0,1.0
Ge,4p1/2,0.001,3.0,0.3333333333333333
Ge,4p3/2,0.001,3.0,0.6666666666666666
As,1s,2.5066,11867.0,1.0
As,2s,6.3721,1527.0,1.0
As,2p1/2,0.9467,1359.1,0.3333333333333333
As,2p3/2,0.819,1323.6,0.6666666666666666
As,3s,3.4785,204.7,1.0
As,3p1/2,2.1638,146.2,0.3333333333333333
As,3p3/2,2.1638,141.2,0.6666666666666666
As,3d3/2,0.0586,41.7,0.4
As,3d5/2,0.0586,41.7,0.6
As,4s,0.0137,8.0,1.0
As,4p1/2,0.001,3.0,0.3333333333333333
As,4p3/2,0.001,3.0,0.6666666666666666
Se,1s,2.7503,12658.0,1.0
Se,2s,6.6787,1652.0,1.0
Se,2p1/2,1.0299,1474.3,0.3333333333333333
Se,2p3/2,0.8858,1433.9,0.6666666666666666
Se,3s,4.0524,229.6,1.0
Se,3p1/2,2.2213,166.5,0.3333333333333333
Se,3p3/2,2.2213,160.7,0.6666666666666666
Se,3d3/2,0.0676,55.5,0.4
Se,3d5/2,0.0676,54.6,0.6
Se,4s,0.0329,12.0,1.0
Se,4p1/2,0.001,3.0,0.3333333333333333
Se,4p3/2,0.001,3.0,0.6666666666666666
Br,1s,3.0178,13474.0,1.0
Br,2s,7.0,1782.0,1.0
Br,2p1/2,1.1203,1596.0,0.3333333333333333
Br,2p3/2,0.9581,1550.0,0.6666666666666666
Br,3s,4.7211,257.0,1.0
Br,3p1/2,2.2804,189.0,0.3333333333333333
Br,3p3/2,2.2804,182.0,0.6666666666666666
Br,3d3/2,0.078,70.0,0.4
Br,3d5/2,0.078,69.0,0.6
Br,4s,0.0787,27.0,1.0
Br,4p1/2,0.001,3.0,0.3333333333333333
Br,4p3/2,0.001,3.0,0.6666666666666666
Kr,1s,3.3114,14326.0,1.0
Kr,2s,6.9284,1921.0,1.0
Kr,2p1/2,1.2187,1730.9,0.3333333333333333
Kr,2p3/2,1.0363,1678.4,0.6666666666666666
Kr,3s,5.5,292.8,1.0
Kr,3p1/2,2.341,222.2,0.3333333333333333
Kr,3p3/2,2.341,214.4,0.6666666666666666
Kr,3d3/2,0.09,95.0,0.4
Kr,3d5/2,0.09,93.8,0.6
Kr,4s,0.1886,27.5,1.0
Kr,4p1/2,0.001,14.1,0.3333333333333333
Kr,4p3/2,0.001,14.1,0.6666666666666666
Rb,1s,3.6334,15200.0,1.0
Rb,2s,6.8576,2065.0,1.0
Rb,2p1/2,1.3258,1864.0,0.3333333333333333
Rb,2p3/2,1.1209,1804.0,0.6666666666666666
Rb,3s,5.6969,326.7,1.0
Rb,3p1/2,2.4032,248.7,0.3333333333333333
Rb,3p3/2,2.4032,239.1,0.6666666666666666
Rb,3d3/2,0.0845,113.0,0.4
Rb,3d5/2,0.0845,112.0,0.6
Rb,4s,0.4515,30.5,1.0
Rb,4p1/2,0.001,16.3,0.3333333333333333
Rb,4p3/2,0.001,15.3,0.6666666666666666
Sr,1s,3.9868,16105.0,1.0
Sr,2s,6.7875,2216.0,1.0
Sr,2p1/2,1.4422,2007.0,0.3333333333333333
Sr,2p3/2,1.2124,1940.0,0.6666666666666666
Sr,3s,5.9008,358.7,1.0
Sr,3p1/2,2.4671,280.3,0.3333333333333333
Sr,3p3/2,2.4671,270.0,0.6666666666666666
Sr,3d3/2,0.0794,136.0,0.4
Sr,3d5/2,0.0794,134.2,0.6
Sr,4s,1.0812,38.9,1.0
Sr,4p1/2,0.001,21.6,0.3333333333333333
Sr,4p3/2,0.001,20.1,0.6666666666666666
Y,1s,4.3745,17038.0,1.0
Y,2s,6.7181,2373.0,1.0
Y,2p1/2,1.5689,2156.0,0.3333333333333333
Y,2p3/2,1.3114,2080.0,0.6666666666666666
Y,3s,6.112,392.0,1.0
Y,3p1/2,2.5327,310.6,0.3333333333333333
Y,3p3/2,2.5327,298.8,0.6666666666666666
Y,3d3/2,0.0745,157.7,0.4
Y,3d5/2,0.0745,155.8,0.6
Y,4s,2.5891,43.8,1.0
Y,4p1/2,0.001,24.4,0.3333333333333333
Y,4p3/2,0.001,23.1,0.6666666666666666
Zr,1s,4.8,17998.0,1.0
Zr,2s,6.6494,2532.0,1.0
Zr,2p1/2,1.7067,2307.0,0.3333333333333333
Zr,2p3/2,1.4185,2223.0,0.6666666666666666
Zr,3s,6.3307,430.3,1.0
Zr,3p1/2,2.6,343.5,0.3333333333333333
Zr,3p3/2,2.6,329.8,0.6666666666666666
Zr,3d3/2,0.07,181.1,0.4
Zr,3d5/2,0.07,178.8,0.6
Zr,4s,6.2,50.6,1.0
Zr,4p1/2,0.001,28.5,0.3333333333333333
Zr,4p3/2,0.001,27.1,0.6666666666666666
Nb,1s,5.1908,18986.0,1.0
Nb,2s,6.5814,2698.0,1.0
Nb,2p1/2,1.8566,2465.0,0.3333333333333333
Nb,2p3/2,1.5343,2371.0,0.6666666666666666
Nb,3s,6.5573,466.6,1.0
Nb,3p1/2,2.7374,376.1,0.3333333333333333
Nb,3p3/2,2.7374,360.6,0.6666666666666666
Nb,3d3/2,0.089,205.0,0.4
Nb,3d5/2,0.089,202.3,0.6
Nb,4s,6.3084,56.4,1.0
Nb,4p1/2,0.0436,32.6,0.3333333333333333
Nb,4p3/2,0.0436,30.8,0.6666666666666666
Mo,1s,5.6135,20000.0,1.0
Mo,2s,6.5141,2866.0,1.0
Mo,2p1/2,2.0197,2625.0,0.3333333333333333
Mo,2p3/2,1.6595,2520.0,0.6666666666666666
Mo,3s,6.792,506.3,1.0
Mo,3p1/2,2.8822,411.6,0.3333333333333333
Mo,3p3/2,2.8822,394.0,0.6666666666666666
Mo,3d3/2,0.1133,231.1,0.4
Mo,3d5/2,0.1133,227.9,0.6
Mo,4s,6.4188,63.2,1.0
Mo,4p1/2,1.9,37.6,0.3333333333333333
Mo,4p3/2,1.9,35.5,0.6666666666666666
Tc,1s,6.0705,21044.0,1.0
Tc,2s,6.4475,3043.0,1.0
Tc,2p1/2,2.1971,2793.0,0.3333333333333333
Tc,2p3/2,1.795,2677.0,0.6666666666666666
Tc,3s,7.0351,544.0,1.0
Tc,3p1/2,3.0345,447.6,0.3333333333333333
Tc,3p3/2,3.0345,417.7,0.6666666666666666
Tc,3d3/2,0.1441,257.6,0.4
Tc,3d5/2,0.1441,253.9,0.6
Tc,4s,6.531,69.5,1.0
Tc,4p1/2,2.576,42.3,0.3333333333333333
Tc,4p3/2,2.576,39.9,0.6666666666666666
Ru,1s,6.5648,22117.0,1.0
Ru,2s,6.3816,3224.0,1.0
Ru,2p1/2,2.3901,2967.0,0.3333333333333333
Ru,2p3/2,1.9415,2838.0,0.6666666666666666
Ru,3s,7.2869,586.1,1.0
Ru,3p1/2,3.1949,483.3,0.3333333333333333
Ru,3p3/2,3.1949,461.5,0.6666666666666666
Ru,3d3/2,0.1833,284.2,0.4
Ru,3d5/2,0.1833,280.0,0.6
Ru,4s,6.6452,75.0,1.0
Ru,4p1/2,3.4926,46.3,0.3333333333333333
Ru,4p3/2,3.4926,43.2,0.6666666666666666
Rh,1s,7.0993,23220.0,1.0
Rh,2s,6.3164,3412.0,1.0
Rh,2p1/2,2.6,3146.0,0.3333333333333333
Rh,2p3/2,2.1,3004.0,0.6666666666666666
Rh,3s,7.5478,628.1,1.0
Rh,3p1/2,3.3638,521.3,0.3333333333333333
Rh,3p3/2,3.3638,496.5,0.6666666666666666
Rh,3d3/2,0.2332,311.9,0.4
Rh,3d5/2,0.2332,307.2,0.6
Rh,4s,6.7614,81.4,1.0
Rh,4p1/2,4.7352,50.5,0.3333333333333333
Rh,4p3/2,4.7352,47.3,0.6666666666666666
Rh,4d3/2,0.0122,2.0,0.4
Rh,4d5/2,0.0122,2.0,0.6
Pd,1s,7.6773,24350.0,1.0
Pd,2s,6.2518,3604.0,1.0
Pd,2p1/2,2.6802,3330.0,0.3333333333333333
Pd,2p3/2,2.1727,3173.0,0.6666666666666666
Pd,3s,7.8179,671.6,1.0
Pd,3p1/2,3.5417,559.9,0.3333333333333333
Pd,3p3/2,3.5417,532.3,0.6666666666666666
Pd,3d3/2,0.2966,340.5,0.4
Pd,3d5/2,0.2966,335.2,0.6
Pd,4s,6.8797,87.1,1.0
Pd,4p1/2,6.42,55.7,0.3333333333333333
Pd,4p3/2,6.42,50.9,0.6666666666666666
Pd,4d3/2,0.0202,2.0,0.4
Pd,4d5/2,0.0202,2.0,0.6
Ag,1s,8.3024,25514.0,1.0
Ag,2s,6.1879,3806.0,1.0
Ag,2p1/2,2.7628,3524.0,0.3333333333333333
Ag,2p3/2,2.248,3351.0,0.6666666666666666
Ag,3s,8.0977,719.0,1.0
Ag,3p1/2,3.7289,603.8,0.3333333333333333
Ag,3p3/2,3.7289,573.0,0.6666666666666666
Ag,3d3/2,0.3773,374.0,0.4
Ag,3d5/2,0.3773,368.3,0.6
Ag,4s,7.0,97.0,1.0
Ag,4p1/2,8.7042,63.7,0.3333333333333333
Ag,4p3/2,8.7042,58.3,0.6666666666666666
Ag,4d3/2,0.0334,4.0,0.4
Ag,4d5/2,0.0334,4.0,0.6
Cd,1s,8.9784,26711.0,1.0
Cd,2s,6.1246,4018.0,1.0
Cd,2p1/2,2.848,3727.0,0.3333333333333333
Cd,2p3/2,2.3259,3538.0,0.6666666666666666
Cd,3s,8.3876,772.0,1.0
Cd,3p1/2,3.926,652.6,0.3333333333333333
Cd,3p3/2,3.926,618.4,0.6666666666666666
Cd,3d3/2,0.48,411.9,0.4
Cd,3d5/2,0.48,405.2,0.6
Cd,4s,5.3924,109.8,1.0
Cd,4p1/2,11.8012,63.9,0.3333333333333333
Cd,4p3/2,11.8012,63.9,0.6666666666666666
Cd,4d3/2,0.0551,11.7,0.4
Cd,4d5/2,0.0551,10.7,0.6
In,1s,9.7094,27940.0,1.0
In,2s,6.062,4238.0,1.0
In,2p1/2,2.9358,3938.0,0.3333333333333333
In,2p3/2,2.4065,3730.0,0.6666666666666666
In,3s,8.6878,827.2,1.0
In,3p1/2,4.1335,703.2,0.3333333333333333
In,3p3/2,4.1335,665.3,0.6666666666666666
In,3d3/2,0.5166,451.4,0.4
In,3d5/2,0.5094,443.9,0.6
In,4s,4.154,122.9,1.0
In,4p1/2,16.0,73.5,0.3333333333333333
In,4p3/2,16.0,73.5,0.6666666666666666
In,4d3/2,0.0909,17.7,0.4
In,4d5/2,0.0909,16.9,0.6
Sn,1s,10.5,29200.0,1.0
Sn,2s,6.0,4465.0,1.0
Sn,2p1/2,3.0263,4156.0,0.3333333333333333
Sn,2p3/2,2.4898,3929.0,0.6666666666666666
Sn,3s,8.9987,884.7,1.0
Sn,3p1/2,4.3521,756.5,0.3333333333333333
Sn,3p3/2,4.3521,714.6,0.6666666666666666
Sn,3d3/2,0.5559,493.2,0.4
Sn,3d5/2,0.5406,484.9,0.6
Sn,4s,3.2,137.1,1.0
Sn,4p1/2,11.209,83.6,0.3333333333333333
Sn,4p3/2,11.209,83.6,0.6666666666666666
Sn,4d3/2,0.15,24.9,0.4
Sn,4d5/2,0.15,23.9,0.6
Sb,1s,11.2536,30491.0,1.0
Sb,2s,4.7117,4698.0,1.0
Sb,2p1/2,3.1196,4380.0,0.3333333333333333
Sb,2p3/2,2.5761,4132.0,0.6666666666666666
Sb,3s,9.3208,940.0,1.0
Sb,3p1/2,4.5821,812.7,0.3333333333333333
Sb,3p3/2,4.5821,766.4,0.6666666666666666
Sb,3d3/2,0.5982,537.5,0.4
Sb,3d5/2,0.5738,528.2,0.6
Sb,4s,3.5425,153.2,1.0
Sb,4p1/2,7.8527,95.6,0.3333333333333333
Sb,4p3/2,7.8527,95.6,0.6666666666666666
Sb,4d3/2,0.1383,33.3,0.4
Sb,4d5/2,0.1383,32.1,0.6
Sb,5s,0.1,7.0,1.0
Sb,5p1/2,0.1,2.0,0.3333333333333333
Sb,5p3/2,0.1,2.0,0.6666666666666666
Te,1s,12.0613,31814.0,1.0
Te,2s,3.7,4939.0,1.0
Te,2p1/2,3.2158,4612.0,0.3333333333333333
Te,2p3/2,2.6653,4341.0,0.6666666666666666
Te,3s,9.6544,1006.0,1.0
Te,3p1/2,4.8243,870.8,0.3333333333333333
Te,3p3/2,4.8243,820.8,0.6666666666666666
Te,3d3/2,0.6438,583.4,0.4
Te,3d5/2,0.6089,573.0,0.6
Te,4s,3.9216,169.4,1.0
Te,4p1/2,5.5013,103.3,0.3333333333333333
Te,4p3/2,5.5013,103.3,0.6666666666666666
Te,4d3/2,0.1275,41.9,0.4
Te,4d5/2,0.1275,40.4,0.6
Te,5s,0.1,12.0,1.0
Te,5p1/2,0.1,2.0,0.3333333333333333
Te,5p3/2,0.1,2.0,0.6666666666666666
I,1s,12.927,33169.0,1.0
I,2s,3.8262,5188.0,1.0
I,2p1/2,3.3149,4852.0,0.3333333333333333
I,2p3/2,2.7576,4557.0,0.6666666666666666
I,3s,10.0,1072.0,1.0
I,3p1/2,5.0794,931.0,0.3333333333333333
I,3p3/2,5.0794,875.0,0.6666666666666666
I,3d3/2,0.6928,630.8,0.4
I,3d5/2,0.6462,619.3,0.6
I,4s,4.3413,186.0,1.0
I,4p1/2,3.854,123.0,0.3333333333333333
I,4p3/2,3.854,123.0,0.6666666666666666
I,4d3/2,0.1176,50.6,0.4
I,4d5/2,0.1176,48.9,0.6
I,5s,0.1,14.0,1.0
I,5p1/2,0.1,3.0,0.3333333333333333
I,5p3/2,0.1,3.0,0.6666666666666666
Xe,1s,13.8548,34561.0,1.0
Xe,2s,3.9566,5453.0,1.0
Xe,2p1/2,3.4171,5107.0,0.3333333333333333
Xe,2p3/2,2.8532,4786.0,0.6666666666666666
Xe,3s,10.2963,1148.7,1.0
Xe,3p1/2,5.3479,1002.1,0.3333333333333333
Xe,3p3/2,5.3479,940.6,0.6666666666666666
Xe,3d3/2,0.7456,689.0,0.4
Xe,3d5/2,0.6858,676.4,0.6
Xe,4s,4.8059,213.2,1.0
Xe,4p1/2,2.7,146.7,0.3333333333333333
Xe,4p3/2,2.7,145.5,0.6666666666666666
Xe,4d3/2,0.1084,69.5,0.4
Xe,4d5/2,0.1084,67.5,0.6
Xe,5s,0.1,23.3,1.0
Xe,5p1/2,0.1,13.4,0.3333333333333333
Xe,5p3/2,0.1,12.1,0.6666666666666666
Cs,1s,14.8492,35985.0,1.0
Cs,2s,4.0915,5714.0,1.0
Cs,2p1/2,3.5225,5359.0,0.3333333333333333
Cs,2p3/2,2.952,5012.0,0.6666666666666666
Cs,3s,10.6014,1211.0,1.0
Cs,3p1/2,5.6306,1071.0,0.3333333333333333
Cs,3p3/2,5.6306,1003.0,0.6666666666666666
Cs,3d3/2,0.8024,740.5,0.4
Cs,3d5/2,0.7278,726.6,0.6
Cs,4s,5.3202,232.3,1.0
Cs,4p1/2,2.9787,172.4,0.3333333333333333
Cs,4p3/2,2.9787,161.3,0.6666666666666666
Cs,4d3/2,0.1,79.8,0.4
Cs,4d5/2,0.1,77.5,0.6
Cs,5s,0.1,22.7,1.0
Cs,5p1/2,0.1,14.2,0.3333333333333333
Cs,5p3/2,0.1,12.1,0.6666666666666666
Ba,1s,15.915,37441.0,1.0
Ba,2s,4.231,5989.0,1.0
Ba,2p1/2,3.6311,5624.0,0.3333333333333333
Ba,2p3/2,3.0543,5247.0,0.6666666666666666
Ba,3s,10.9156,1293.0,1.0
Ba,3p1/2,5.9283,1137.0,0.3333333333333333
Ba,3p3/2,5.9283,1063.0,0.6666666666666666
Ba,3d3/2,0.8635,795.7,0.4
Ba,3d5/2,0.7724,780.5,0.6
Ba,4s,5.8896,253.5,1.0
Ba,4p1/2,3.2861,192.0,0.3333333333333333
Ba,4p3/2,3.2861,178.6,0.6666666666666666
Ba,4d3/2,0.1516,92.6,0.4
Ba,4d5/2,0.1516,89.9,0.6
Ba,5s,0.1,30.3,1.0
Ba,5p1/2,0.1,17.0,0.3333333333333333
Ba,5p3/2,0.1,14.8,0.6666666666666666
La,1s,17.0573,38925.0,1.0
La,2s,4.3753,6266.0,1.0
La,2p1/2,3.743,5891.0,0.3333333333333333
La,2p3/2,3.1601,5483.0,0.6666666666666666
La,3s,11.239,1362.0,1.0
La,3p1/2,6.2416,1209.0,0.3333333333333333
La,3p3/2,6.2416,1128.0,0.6666666666666666
La,3d3/2,0.9292,853.0,0.4
La,3d5/2,0.8198,836.0,0.6
La,4s,6.5199,274.7,1.0
La,4p1/2,3.6253,205.8,0.3333333333333333
La,4p3/2,3.6253,196.0,0.6666666666666666
La,4d3/2,0.2297,105.3,0.4
La,4d5/2,0.2297,102.5,0.6
La,5s,0.1,34.3,1.0
La,5p1/2,0.1,19.3,0.3333333333333333
La,5p3/2,0.1,16.8,0.6666666666666666
Ce,1s,18.2816,40443.0,1.0
Ce,2s,4.5244,6548.0,1.0
Ce,2p1/2,3.8584,6164.0,0.3333333333333333
Ce,2p3/2,3.2696,5723.0,0.6666666666666666
Ce,3s,11.5721,1436.0,1.0
Ce,3p1/2,6.5716,1274.0,0.3333333333333333
Ce,3p3/2,6.5716,1187.0,0.6666666666666666
Ce,3d3/2,1.0,902.4,0.4
Ce,3d5/2,0.87,883.8,0.6
Ce,4s,7.2177,291.0,1.0
Ce,4p1/2,3.9995,223.2,0.3333333333333333
Ce,4p3/2,3.9995,206.5,0.6666666666666666
Ce,4d3/2,0.3482,109.0,0.4
Ce,4d5/2,0.3482,109.0,0.6
Ce,4f5/2,0.001,0.1,0.42857142857142855
Ce,4f7/2,0.001,0.1,0.5714285714285714
Ce,5s,0.1,37.8,1.0
Ce,5p1/2,0.1,19.8,0.3333333333333333
Ce,5p3/2,0.1,17.0,0.6666666666666666
Pr,1s,19.5937,41991.0,1.0
Pr,2s,4.6787,6835.0,1.0
Pr,2p1/2,3.9774,6440.0,0.3333333333333333
Pr,2p3/2,3.3828,5964.0,0.6666666666666666
Pr,3s,11.915,1511.0,1.0
Pr,3p1/2,6.919,1337.0,0.3333333333333333
Pr,3p3/2,6.919,1242.0,0.6666666666666666
Pr,3d3/2,1.0801,948.3,0.4
Pr,3d5/2,0.916,928.8,0.6
Pr,4s,7.9902,304.5,1.0
Pr,4p1/2,4.4123,236.3,0.3333333333333333
Pr,4p3/2,4.4123,217.6,0.6666666666666666
Pr,4d3/2,0.5278,115.1,0.4
Pr,4d5/2,0.5278,115.1,0.6
Pr,4f5/2,0.001,2.0,0.42857142857142855
Pr,4f7/2,0.001,2.0,0.5714285714285714
Pr,5s,0.1,37.4,1.0
Pr,5p1/2,0.1,22.3,0.3333333333333333
Pr,5p3/2,0.1,22.3,0.6666666666666666
Nd,1s,21.0,43569.0,1.0
Nd,2s,4.8382,7126.0,1.0
Nd,2p1/2,4.1,6722.0,0.3333333333333333
Nd,2p3/2,3.5,6208.0,0.6666666666666666
Nd,3s,12.2681,1575.0,1.0
Nd,3p1/2,7.2848,1403.0,0.3333333333333333
Nd,3p3/2,7.2848,1297.0,0.6666666666666666
Nd,3d3/2,1.1665,1003.3,0.4
Nd,3d5/2,0.9645,980.4,0.6
Nd,4s,8.8453,319.2,1.0
Nd,4p1/2,4.8678,243.3,0.3333333333333333
Nd,4p3/2,4.8678,224.6,0.6666666666666666
Nd,4d3/2,0.8,120.5,0.4
Nd,4d5/2,0.8,120.5,0.6
Nd,4f5/2,0.001,1.5,0.42857142857142855
Nd,4f7/2,0.001,1.5,0.5714285714285714
Nd,5s,0.1,37.5,1.0
Nd,5p1/2,0.1,21.1,0.3333333333333333
Nd,5p3/2,0.1,21.1,0.6666666666666666
Pm,1s,22.1318,45184.0,1.0
Pm,2s,5.0032,7428.0,1.0
Pm,2p1/2,4.189,7013.0,0.3333333333333333
Pm,2p3/2,3.5767,6459.0,0.6666666666666666
Pm,3s,12.6316,1650.0,1.0
Pm,3p1/2,7.6699,1471.4,0.3333333333333333
Pm,3p3/2,7.6699,1357.0,0.6666666666666666
Pm,3d3/2,1.2599,1052.0,0.4
Pm,3d5/2,1.0155,1027.0,0.6
Pm,4s,9.7919,331.0,1.0
Pm,4p1/2,5.3702,242.0,0.3333333333333333
Pm,4p3/2,5.3702,242.0,0.6666666666666666
Pm,4d3/2,1.0071,120.0,0.4
Pm,4d5/2,1.0071,120.0,0.6
Pm,4f5/2,0.001,4.0,0.42857142857142855
Pm,4f7/2,0.001,4.0,0.5714285714285714
Pm,5s,0.1,38.0,1.0
Pm,5p1/2,0.1,22.0,0.3333333333333333
Pm,5p3/2,0.1,22.0,0.6666666666666666
Sm,1s,23.3245,46834.0,1.0
Sm,2s,5.1737,7737.0,1.0
Sm,2p1/2,4.28,7312.0,0.3333333333333333
Sm,2p3/2,3.6551,6716.0,0.6666666666666666
Sm,3s,13.0059,1723.0,1.0
Sm,3p1/2,8.0753,1541.0,0.3333333333333333
Sm,3p3/2,8.0753,1419.8,0.6666666666666666
Sm,3d3/2,1.3608,1110.9,0.4
Sm,3d5/2,1.0692,1083.4,0.6
Sm,4s,10.8399,347.2,1.0
Sm,4p1/2,5.9245,265.6,0.3333333333333333
Sm,4p3/2,5.9245,247.4,0.6666666666666666
Sm,4d3/2,1.2679,129.0,0.4
Sm,4d5/2,1.2679,129.0,0.6
Sm,4f5/2,0.001,5.2,0.42857142857142855
Sm,4f7/2,0.001,5.2,0.5714285714285714
Sm,5s,0.1,37.4,1.0
Sm,5p1/2,0.1,21.3,0.3333333333333333
Sm,5p3/2,0.1,21.3,0.6666666666666666
Eu,1s,24.5815,48519.0,1.0
Eu,2s,5.3501,8052.0,1.0
Eu,2p1/2,4.3729,7617.0,0.3333333333333333
Eu,2p3/2,3.7352,6977.0,0.6666666666666666
Eu,3s,13.3913,1800.0,1.0
Eu,3p1/2,8.5022,1614.0,0.3333333333333333
Eu,3p3/2,8.5022,1481.0,0.6666666666666666
Eu,3d3/2,1.4697,1158.6,0.4
Eu,3d5/2,1.1257,1127.5,0.6
Eu,4s,12.0,360.0,1.0
Eu,4p1/2,6.536,284.0,0.3333333333333333
Eu,4p3/2,6.536,257.0,0.6666666666666666
Eu,4d3/2,1.5962,133.0,0.4
Eu,4d5/2,1.5962,127.7,0.6
Eu,4f5/2,0.001,6.0,0.42857142857142855
Eu,4f7/2,0.001,6.0,0.5714285714285714
Eu,5s,0.1,32.0,1.0
Eu,5p1/2,0.1,22.0,0.3333333333333333
Eu,5p3/2,0.1,22.0,0.6666666666666666
Gd,1s,25.9063,50239.0,1.0
Gd,2s,5.5326,8376.0,1.0
Gd,2p1/2,4.4678,7930.0,0.3333333333333333
Gd,2p3/2,3.8171,7243.0,0.6666666666666666
Gd,3s,13.7881,1881.0,1.0
Gd,3p1/2,8.9517,1688.0,0.3333333333333333
Gd,3p3/2,8.9517,1544.0,0.6666666666666666
Gd,3d3/2,1.5874,1221.9,0.4
Gd,3d5/2,1.1853,1189.6,0.6
Gd,4s,12.2048,378.6,1.0
Gd,4p1/2,7.2107,286.0,0.3333333333333333
Gd,4p3/2,7.2107,271.0,0.6666666666666666
Gd,4d3/2,2.0095,142.6,0.4
Gd,4d5/2,2.0095,142.6,0.6
Gd,4f5/2,0.001,8.6,0.42857142857142855
Gd,4f7/2,0.001,8.6,0.5714285714285714
Gd,5s,0.1,36.0,1.0
Gd,5p1/2,0.1,20.0,0.3333333333333333
Gd,5p3/2,0.1,20.0,0.6666666666666666
Tb,1s,27.3025,51996.0,1.0
Tb,2s,5.7212,8708.0,1.0
Tb,2p1/2,4.5648,8252.0,0.3333333333333333
Tb,2p3/2,3.9008,7514.0,0.6666666666666666
Tb,3s,14.1967,1968.0,1.0
Tb,3p1/2,9.4249,1768.0,0.3333333333333333
Tb,3p3/2,9.4249,1611.0,0.6666666666666666
Tb,3d3/2,1.7145,1276.9,0.4
Tb,3d5/2,1.248,1241.1,0.6
Tb,4s,12.4131,396.0,1.0
Tb,4p1/2,7.9549,322.4,0.3333333333333333
Tb,4p3/2,7.9549,284.1,0.6666666666666666
Tb,4d3/2,2.5298,150.5,0.4
Tb,4d5/2,2.5298,150.5,0.6
Tb,4f5/2,0.001,7.7,0.42857142857142855
Tb,4f7/2,0.001,2.4,0.5714285714285714
Tb,5s,0.1,45.6,1.0
Tb,5p1/2,0.1,28.7,0.3333333333333333
Tb,5p3/2,0.1,22.6,0.6666666666666666
Dy,1s,28.7739,53789.0,1.0
Dy,2s,5.9163,9046.0,1.0
Dy,2p1/2,4.6639,8581.0,0.3333333333333333
Dy,2p3/2,3.9863,7790.0,0.6666666666666666
Dy,3s,14.6174,2047.0,1.0
Dy,3p1/2,9.9231,1842.0,0.3333333333333333
Dy,3p3/2,9.9231,1676.0,0.6666666666666666
Dy,3d3/2,1.8517,1333.0,0.4
Dy,3d5/2,1.314,1292.0,0.6
Dy,4s,12.6249,414.2,1.0
Dy,4p1/2,8.776,333.5,0.3333333333333333
Dy,4p3/2,8.776,293.2,0.6666666666666666
Dy,4d3/2,3.1849,153.6,0.4
Dy,4d5/2,3.1849,153.6,0.6
Dy,4f5/2,0.001,8.0,0.42857142857142855
Dy,4f7/2,0.001,4.3,0.5714285714285714
Dy,5s,0.1,49.9,1.0
Dy,5p1/2,0.1,26.3,0.3333333333333333
Dy,5p3/2,0.1,26.3,0.6666666666666666
Ho,1s,30.3246,55618.0,1.0
Ho,2s,6.118,9394.0,1.0
Ho,2p1/2,4.7652,8918.0,0.3333333333333333
Ho,2p3/2,4.0736,8071.0,0.6666666666666666
Ho,3s,15.0506,2128.0,1.0
Ho,3p1/2,10.4477,1923.0,0.3333333333333333
Ho,3p3/2,10.4477,1741.0,0.6666666666666666
Ho,3d3/2,2.0,1392.0,0.4
Ho,3d5/2,1.3835,1351.0,0.6
Ho,4s,12.8404,432.4,1.0
Ho,4p1/2,9.6819,343.5,0.3333333333333333
Ho,4p3/2,9.6819,308.2,0.6666666666666666
Ho,4d3/2,4.0095,160.0,0.4
Ho,4d5/2,4.0095,160.0,0.6
Ho,4f5/2,0.001,8.6,0.42857142857142855
Ho,4f7/2,0.001,5.2,0.5714285714285714
Ho,5s,0.1,49.3,1.0
Ho,5p1/2,0.1,30.8,0.3333333333333333
Ho,5p3/2,0.1,24.1,0.6666666666666666
Er,1s,31.9589,57486.0,1.0
Er,2s,6.3266,9751.0,1.0
Er,2p1/2,4.8686,9264.0,0.3333333333333333
Er,2p3/2,4.1629,8358.0,0.6666666666666666
Er,3s,15.4965,2206.0,1.0
Er,3p1/2,11.0,2006.0,0.3333333333333333
Er,3p3/2,11.0,1812.0,0.6666666666666666
Er,3d3/2,2.1601,1453.0,0.4
Er,3d5/2,1.4566,1409.0,0.6
Er,4s,13.0595,449.8,1.0
Er,4p1/2,10.6812,366.2,0.3333333333333333
Er,4p3/2,10.6812,320.2,0.6666666666666666
Er,4d3/2,5.0477,167.6,0.4
Er,4d5/2,5.0477,167.6,0.6
Er,4f5/2,0.001,4.7,0.42857142857142855
Er,4f7/2,0.001,4.7,0.5714285714285714
Er,5s,0.1,50.6,1.0
Er,5p1/2,0.1,31.4,0.3333333333333333
Er,5p3/2,0.1,24.7,0.6666666666666666
Tm,1s,33.6813,59390.0,1.0
Tm,2s,6.5423,10116.0,1.0
Tm,2p1/2,4.9743,9617.0,0.3333333333333333
Tm,2p3/2,4.2542,8648.0,0.6666666666666666
Tm,3s,15.9557,2307.0,1.0
Tm,3p1/2,11.288,2090.0,0.3333333333333333
Tm,3p3/2,10.913,1885.0,0.6666666666666666
Tm,3d3/2,2.3331,1515.0,0.4
Tm,3d5/2,1.5337,1468.0,0.6
Tm,4s,13.2824,470.9,1.0
Tm,4p1/2,11.7837,385.9,0.3333333333333333
Tm,4p3/2,11.7837,332.6,0.6666666666666666
Tm,4d3/2,6.3546,175.5,0.4
Tm,4d5/2,6.3546,175.5,0.6
Tm,4f5/2,0.001,4.6,0.42857142857142855
Tm,4f7/2,0.001,4.6,0.5714285714285714
Tm,5s,0.1,54.7,1.0
Tm,5p1/2,0.1,31.8,0.3333333333333333
Tm,5p3/2,0.1,25.0,0.6666666666666666
Yb,1s,35.4965,61332.0,1.0
Yb,2s,6.7653,10486.0,1.0
Yb,2p1/2,5.0823,9978.0,0.3333333333333333
Yb,2p3/2,4.3474,8944.0,0.6666666666666666
Yb,3s,16.4286,2398.0,1.0
Yb,3p1/2,11.5836,2173.0,0.3333333333333333
Yb,3p3/2,10.8266,1950.0,0.6666666666666666
Yb,3d3/2,2.5198,1576.0,0.4
Yb,3d5/2,1.6148,1528.0,0.6
Yb,4s,13.5091,480.5,1.0
Yb,4p1/2,13.0,388.7,0.3333333333333333
Yb,4p3/2,13.0,339.7,0.6666666666666666
Yb,4d3/2,8.0,191.2,0.4
Yb,4d5/2,8.0,182.4,0.6
Yb,4f5/2,0.001,2.5,0.42857142857142855
Yb,4f7/2,0.001,1.3,0.5714285714285714
Yb,5s,0.1,52.0,1.0
Yb,5p1/2,0.1,30.3,0.3333333333333333
Yb,5p3/2,0.1,24.1,0.6666666666666666
Lu,1s,37.4095,63314.0,1.0
Lu,2s,6.996,10870.0,1.0
Lu,2p1/2,5.1927,10349.0,0.3333333333333333
Lu,2p3/2,4.4427,9244.0,0.6666666666666666
Lu,3s,16.9154,2491.0,1.0
Lu,3p1/2,11.8869,2264.0,0.3333333333333333
Lu,3p3/2,10.741,2024.0,0.6666666666666666
Lu,3d3/2,2.7216,1639.0,0.4
Lu,3d5/2,1.7002,1589.0,0.6
Lu,4s,13.7397,506.8,1.0
Lu,4p1/2,13.0,412.4,0.3333333333333333
Lu,4p3/2,13.0,359.2,0.6666666666666666
Lu,4d3/2,8.0,206.1,0.4
Lu,4d5/2,8.0,196.3,0.6
Lu,4f5/2,0.001,8.9,0.42857142857142855
Lu,4f7/2,0.001,7.5,0.5714285714285714
Lu,5s,0.1,57.3,1.0
Lu,5p1/2,0.1,33.6,0.3333333333333333
Lu,5p3/2,0.1,26.7,0.6666666666666666
Hf,1s,39.4256,65351.0,1.0
Hf,2s,7.2345,11271.0,1.0
Hf,2p1/2,5.3054,10739.0,0.3333333333333333
Hf,2p3/2,4.5401,9561.0,0.6666666666666666
Hf,3s,17.4166,2601.0,1.0
Hf,3p1/2,12.1981,2365.0,0.3333333333333333
Hf,3p3/2,10.656,2107.0,0.6666666666666666
Hf,3d3/2,2.9395,1716.0,0.4
Hf,3d5/2,1.7901,1662.0,0.6
Hf,4s,13.9741,538.0,1.0
Hf,4p1/2,13.0,438.2,0.3333333333333333
Hf,4p3/2,13.0,380.7,0.6666666666666666
Hf,4d3/2,8.0,220.0,0.4
Hf,4d5/2,8.0,211.5,0.6
Hf,4f5/2,0.0071,15.9,0.42857142857142855
Hf,4f7/2,0.0071,14.2,0.5714285714285714
Hf,5s,0.1,64.2,1.0
Hf,5p1/2,0.1,38.0,0.3333333333333333
Hf,5p3/2,0.1,29.9,0.6666666666666666
Ta,1s,41.5504,67416.0,1.0
Ta,2s,7.4812,11682.0,1.0
Ta,2p1/2,5.4206,11136.0,0.3333333333333333
Ta,2p3/2,4.6396,9881.0,0.6666666666666666
Ta,3s,17.9327,2708.0,1.0
Ta,3p1/2,12.5175,2469.0,0.3333333333333333
Ta,3p3/2,10.5717,2194.0,0.6666666666666666
Ta,3d3/2,3.1748,1793.0,0.4
Ta,3d5/2,1.8848,1735.0,0.6
Ta,4s,14.2126,563.4,1.0
Ta,4p1/2,13.0,463.4,0.3333333333333333
Ta,4p3/2,13.0,400.9,0.6666666666666666
Ta,4d3/2,8.0,237.9,0.4
Ta,4d5/2,8.0,226.4,0.6
Ta,4f5/2,0.05,23.5,0.42857142857142855
Ta,4f7/2,0.05,21.6,0.5714285714285714
Ta,5s,0.1,69.7,1.0
Ta,5p1/2,0.1,42.2,0.3333333333333333
Ta,5p3/2,0.1,32.7,0.6666666666666666
W,1s,43.7897,69525.0,1.0
W,2s,7.7362,12100.0,1.0
W,2p1/2,5.5383,11544.0,0.3333333333333333
W,2p3/2,4.7413,10207.0,0.6666666666666666
W,3s,18.4641,2820.0,1.0
W,3p1/2,12.8452,2575.0,0.3333333333333333
W,3p3/2,10.4881,2281.0,0.6666666666666666
W,3d3/2,3.429,1872.0,0.4
W,3d5/2,1.9845,1809.0,0.6
W,4s,14.4552,594.1,1.0
W,4p1/2,13.0,490.4,0.3333333333333333
W,4p3/2,13.0,423.61,0.6666666666666666
W,4d3/2,8.0,255.9,0.4
W,4d5/2,8.0,243.5,0.6
W,4f5/2,0.064,33.6,0.42857142857142855
W,4f7/2,0.064,31.4,0.5714285714285714
W,5s,0.1,75.6,1.0
W,5p1/2,0.1,45.3,0.3333333333333333
W,5p3/2,0.1,36.8,0.6666666666666666
Re,1s,46.1496,71676.0,1.0
Re,2s,8.0,12527.0,1.0
Re,2p1/2,5.6585,11959.0,0.3333333333333333
Re,2p3/2,4.8452,10535.0,0.6666666666666666
Re,3s,19.0113,2932.0,1.0
Re,3p1/2,13.1816,2682.0,0.3333333333333333
Re,3p3/2,10.4051,2367.0,0.6666666666666666
Re,3d3/2,3.7035,1949.0,0.4
Re,3d5/2,2.0895,1883.0,0.6
Re,4s,14.7019,625.4,1.0
Re,4p1/2,13.0,518.7,0.3333333333333333
Re,4p3/2,13.0,446.8,0.6666666666666666
Re,4d3/2,8.0,273.9,0.4
Re,4d5/2,8.0,260.5,0.6
Re,4f5/2,0.0819,42.9,0.42857142857142855
Re,4f7/2,0.0819,40.5,0.5714285714285714
Re,5s,0.1,83.0,1.0
Re,5p1/2,0.1,45.6,0.3333333333333333
Re,5p3/2,0.1,34.6,0.6666666666666666
Os,1s,48.6368,73871.0,1.0
Os,2s,8.3518,12968.0,1.0
Os,2p1/2,5.7813,12385.0,0.3333333333333333
Os,2p3/2,4.9514,10871.0,0.6666666666666666
Os,3s,19.5746,3049.0,1.0
Os,3p1/2,13.5267,2792.0,0.3333333333333333
Os,3p3/2,10.3228,2457.0,0.6666666666666666
Os,3d3/2,4.0,2031.0,0.4
Os,3d5/2,2.2,1960.0,0.6
Os,4s,14.9528,658.2,1.0
Os,4p1/2,13.0,549.1,0.3333333333333333
Os,4p3/2,13.0,470.7,0.6666666666666666
Os,4d3/2,8.0,293.1,0.4
Os,4d5/2,8.0,278.5,0.6
Os,4f5/2,0.1049,53.4,0.42857142857142855
Os,4f7/2,0.1049,50.7,0.5714285714285714
Os,5s,0.1,84.0,1.0
Os,5p1/2,0.1,58.0,0.3333333333333333
Os,5p3/2,0.1,44.5,0.6666666666666666
Ir,1s,51.258,76111.0,1.0
Ir,2s,8.7191,13419.0,1.0
Ir,2p1/2,5.9069,12824.0,0.3333333333333333
Ir,2p3/2,5.0599,11215.0,0.6666666666666666
Ir,3s,20.1547,3174.0,1.0
Ir,3p1/2,13.8809,2909.0,0.3333333333333333
Ir,3p3/2,10.2411,2551.0,0.6666666666666666
Ir,3d3/2,3.5088,2116.0,0.4
Ir,3d5/2,2.2958,2040.0,0.6
Ir,4s,15.208,691.1,1.0
Ir,4p1/2,13.0,577.8,0.3333333333333333
Ir,4p3/2,13.0,495.8,0.6666666666666666
Ir,4d3/2,8.0,311.9,0.4
Ir,4d5/2,8.0,296.3,0.6
Ir,4f5/2,0.1343,63.8,0.42857142857142855
Ir,4f7/2,0.1343,60.8,0.5714285714285714
Ir,5s,0.1,95.2,1.0
Ir,5p1/2,0.1,63.0,0.3333333333333333
Ir,5p3/2,0.1,48.0,0.6666666666666666
Pt,1s,54.0204,78395.0,1.0
Pt,2s,9.1025,13880.0,1.0
Pt,2p1/2,6.0351,13273.0,0.3333333333333333
Pt,2p3/2,5.1708,11564.0,0.6666666666666666
Pt,3s,20.7519,3296.0,1.0
Pt,3p1/2,14.2443,3027.0,0.3333333333333333
Pt,3p3/2,10.1601,2645.0,0.6666666666666666
Pt,3d3/2,3.078,2202.0,0.4
Pt,3d5/2,2.3957,2122.0,0.6
Pt,4s,15.4675,725.4,1.0
Pt,4p1/2,13.0,609.1,0.3333333333333333
Pt,4p3/2,13.0,519.4,0.6666666666666666
Pt,4d3/2,8.0,331.6,0.4
Pt,4d5/2,8.0,314.6,0.6
Pt,4f5/2,0.1719,74.5,0.42857142857142855
Pt,4f7/2,0.1719,71.2,0.5714285714285714
Pt,5s,0.1,101.7,1.0
Pt,5p1/2,0.1,65.3,0.3333333333333333
Pt,5p3/2,0.1,51.7,0.6666666666666666
Au,1s,56.9318,80725.0,1.0
Au,2s,9.5027,14353.0,1.0
Au,2p1/2,6.1661,13734.0,0.3333333333333333
Au,2p3/2,5.2842,11919.0,0.6666666666666666
Au,3s,21.3668,3425.0,1.0
Au,3p1/2,14.6173,3148.0,0.3333333333333333
Au,3p3/2,10.0797,2743.0,0.6666666666666666
Au,3d3/2,2.7,2291.0,0.4
Au,3d5/2,2.5,2206.0,0.6
Au,4s,15.7315,762.1,1.0
Au,4p1/2,13.0,642.7,0.3333333333333333
Au,4p3/2,13.0,546.3,0.6666666666666666
Au,4d3/2,8.0,353.2,0.4
Au,4d5/2,8.0,335.1,0.6
Au,4f5/2,0.22,87.6,0.42857142857142855
Au,4f7/2,0.22,83.9,0.5714285714285714
Au,5s,0.1,107.2,1.0
Au,5p1/2,0.1,74.2,0.3333333333333333
Au,5p3/2,0.1,57.2,0.6666666666666666
Au,5d3/2,0.1,5.0,0.4
Au,5d5/2,0.1,5.0,0.6
Hg,1s,60.0,83102.0,1.0
Hg,2s,9.9206,14839.0,1.0
Hg,2p1/2,6.3,14209.0,0.3333333333333333
Hg,2p3/2,5.4,12284.0,0.6666666666666666
Hg,3s,22.0,3562.0,1.0
Hg,3p1/2,15.0,3279.0,0.3333333333333333
Hg,3p3/2,10.0,2847.0,0.6666666666666666
Hg,3d3/2,2.7946,2385.0,0.4
Hg,3d5/2,2.5856,2295.0,0.6
Hg,4s,16.0,802.2,1.0
Hg,4p1/2,13.0,680.2,0.3333333333333333
Hg,4p3/2,13.0,576.6,0.6666666666666666
Hg,4d3/2,8.0,378.2,0.4
Hg,4d5/2,8.0,358.8,0.6
Hg,4f5/2,0.1966,104.0,0.42857142857142855
Hg,4f7/2,0.1966,99.9,0.5714285714285714
Hg,5s,0.1,127.0,1.0
Hg,5p1/2,0.1,83.1,0.3333333333333333
Hg,5p3/2,0.1,64.5,0.6666666666666666
Hg,5d3/2,0.1,9.6,0.4
Hg,5d5/2,0.1,7.8,0.6
Tl,1s,62.2654,85530.0,1.0
Tl,2s,10.3569,15347.0,1.0
Tl,2p1/2,6.5168,14698.0,0.3333333333333333
Tl,2p3/2,5.5858,12658.0,0.6666666666666666
Tl,3s,22.0,3704.0,1.0
Tl,3p1/2,15.0642,3416.0,0.3333333333333333
Tl,3p3/2,10.0,2957.0,0.6666666666666666
Tl,3d3/2,2.8925,2485.0,0.4
Tl,3d5/2,2.6742,2389.0,0.6
Tl,4s,15.7815,846.2,1.0
Tl,4p1/2,13.0,720.5,0.3333333333333333
Tl,4p3/2,13.0,609.5,0.6666666666666666
Tl,4d3/2,8.0,405.7,0.4
Tl,4d5/2,8.0,385.0,0.6
Tl,4f5/2,0.1756,122.2,0.42857142857142855
Tl,4f7/2,0.1756,117.8,0.5714285714285714
Tl,5s,0.1,136.0,1.0
Tl,5p1/2,0.1,94.6,0.3333333333333333
Tl,5p3/2,0.1,73.5,0.6666666666666666
Tl,5d3/2,0.1,14.7,0.4
Tl,5d5/2,0.1,12.5,0.6
Pb,1s,64.6162,88005.0,1.0
Pb,2s,10.8123,15861.0,1.0
Pb,2p1/2,6.741,15200.0,0.3333333333333333
Pb,2p3/2,5.778,13035.0,0.6666666666666666
Pb,3s,22.0,3851.0,1.0
Pb,3p1/2,15.1288,3554.0,0.3333333333333333
Pb,3p3/2,10.0,3066.0,0.6666666666666666
Pb,3d3/2,2.9938,2586.0,0.4
Pb,3d5/2,2.7658,2484.0,0.6
Pb,4s,15.566,891.8,1.0
Pb,4p1/2,13.0,761.9,0.3333333333333333
Pb,4p3/2,13.0,643.5,0.6666666666666666
Pb,4d3/2,7.7377,434.3,0.4
Pb,4d5/2,7.7377,412.2,0.6
Pb,4f5/2,0.1569,141.7,0.42857142857142855
Pb,4f7/2,0.1569,136.9,0.5714285714285714
Pb,5s,0.1,147.0,1.0
Pb,5p1/2,0.1,106.4,0.3333333333333333
Pb,5p3/2,0.1,83.3,0.6666666666666666
Pb,5d3/2,0.1,20.7,0.4
Pb,5d5/2,0.1,18.1,0.6
Pb,6s,0.1,3.0,1.0
Pb,6p1/2,0.1,1.0,0.3333333333333333
Pb,6p3/2,0.1,1.0,0.6666666666666666
Bi,1s,67.0559,90526.0,1.0
Bi,2s,11.2878,16388.0,1.0
Bi,2p1/2,6.9729,15711.0,0.3333333333333333
Bi,2p3/2,5.9768,13419.0,0.6666666666666666
Bi,3s,22.0,3999.0,1.0
Bi,3p1/2,15.1936,3696.0,0.3333333333333333
Bi,3p3/2,10.0,3177.0,0.6666666666666666
Bi,3d3/2,3.0987,2688.0,0.4
Bi,3d5/2,2.8606,2580.0,0.6
Bi,4s,15.3534,939.0,1.0
Bi,4p1/2,13.0,805.2,0.3333333333333333
Bi,4p3/2,13.0,678.8,0.6666666666666666
Bi,4d3/2,7.4841,464.0,0.4
Bi,4d5/2,7.4841,440.1,0.6
Bi,4f5/2,0.1402,162.3,0.42857142857142855
Bi,4f7/2,0.1402,157.0,0.5714285714285714
Bi,5s,0.1,159.3,1.0
Bi,5p1/2,0.1,119.0,0.3333333333333333
Bi,5p3/2,0.1,92.6,0.6666666666666666
Bi,5d3/2,0.1,26.9,0.4
Bi,5d5/2,0.1,23.8,0.6
Bi,6s,0.1,8.0,1.0
Bi,6p1/2,0.1,3.0,0.3333333333333333
Bi,6p3/2,0.1,3.0,0.6666666666666666
Po,1s,69.5877,93105.0,1.0
Po,2s,11.7841,16939.0,1.0
Po,2p1/2,7.2129,16244.0,0.3333333333333333
Po,2p3/2,6.1825,13814.0,0.6666666666666666
Po,3s,22.0,4149.0,1.0
Po,3p1/2,15.2586,3854.0,0.3333333333333333
Po,3p3/2,10.0,3302.0,0.6666666666666666
Po,3d3/2,3.2072,2798.0,0.4
Po,3d5/2,2.9586,2683.0,0.6
Po,4s,15.1437,995.0,1.0
Po,4p1/2,13.0,851.0,0.3333333333333333
Po,4p3/2,13.0,705.0,0.6666666666666666
Po,4d3/2,7.2387,500.0,0.4
Po,4d5/2,7.2387,473.0,0.6
Po,4f5/2,0.1253,184.0,0.42857142857142855
Po,4f7/2,0.1253,184.0,0.5714285714285714
Po,5s,0.1,177.0,1.0
Po,5p1/2,0.1,132.0,0.3333333333333333
Po,5p3/2,0.1,104.0,0.6666666666666666
Po,5d3/2,0.1,31.0,0.4
Po,5d5/2,0.1,31.0,0.6
Po,6s,0.1,9.0,1.0
Po,6p1/2,0.1,4.0,0.3333333333333333
Po,6p3/2,0.1,1.0,0.6666666666666666
At,1s,72.215,95730.0,1.0
At,2s,12.3023,17493.0,1.0
At,2p1/2,7.4611,16785.0,0.3333333333333333
At,2p3/2,6.3952,14214.0,0.6666666666666666
At,3s,22.0,4317.0,1.0
At,3p1/2,15.324,4008.0,0.3333333333333333
At,3p3/2,10.0,3426.0,0.6666666666666666
At,3d3/2,3.3195,2909.0,0.4
At,3d5/2,3.06,2787.0,0.6
At,4s,14.9369,1042.0,1.0
At,4p1/2,13.0,886.0,0.3333333333333333
At,4p3/2,13.0,740.0,0.6666666666666666
At,4d3/2,7.0014,533.0,0.4
At,4d5/2,7.0014,507.0,0.6
At,4f5/2,0.1119,210.0,0.42857142857142855
At,4f7/2,0.1119,210.0,0.5714285714285714
At,5s,0.1,195.0,1.0
At,5p1/2,0.1,148.0,0.3333333333333333
At,5p3/2,0.1,115.0,0.6666666666666666
At,5d3/2,0.1,40.0,0.4
At,5d5/2,0.1,40.0,0.6
At,6s,0.1,13.0,1.0
At,6p1/2,0.1,6.0,0.3333333333333333
At,6p3/2,0.1,1.0,0.6666666666666666
Rn,1s,74.9415,98404.0,1.0
Rn,2s,12.8433,18049.0,1.0
Rn,2p1/2,7.7178,17337.0,0.3333333333333333
Rn,2p3/2,6.6152,14619.0,0.6666666666666666
Rn,3s,22.0,4482.0,1.0
Rn,3p1/2,15.3896,4159.0,0.3333333333333333
Rn,3p3/2,10.0,3538.0,0.6666666666666666
Rn,3d3/2,3.4358,3022.0,0.4
Rn,3d5/2,3.1648,2892.0,0.6
Rn,4s,14.7329,1097.0,1.0
Rn,4p1/2,13.0,929.0,0.3333333333333333
Rn,4p3/2,13.0,768.0,0.6666666666666666
Rn,4d3/2,6.7718,567.0,0.4
Rn,4d5/2,6.7718,541.0,0.6
Rn,4f5/2,0.1,238.0,0.42857142857142855
Rn,4f7/2,0.1,238.0,0.5714285714285714
Rn,5s,0.1,214.0,1.0
Rn,5p1/2,0.1,164.0,0.3333333333333333
Rn,5p3/2,0.1,127.0,0.6666666666666666
Rn,5d3/2,0.1,48.0,0.4
Rn,5d5/2,0.1,48.0,0.6
Rn,6s,0.1,16.0,1.0
Rn,6p1/2,0.1,8.0,0.3333333333333333
Rn,6p3/2,0.1,2.0,0.6666666666666666
Fr,1s,77.771,101137.0,1.0
Fr,2s,13.4081,18639.0,1.0
Fr,2p1/2,7.9833,17907.0,0.3333333333333333
Fr,2p3/2,6.8429,15031.0,0.6666666666666666
Fr,3s,22.0,4652.0,1.0
Fr,3p1/2,15.4556,4327.0,0.3333333333333333
Fr,3p3/2,10.0,3663.0,0.6666666666666666
Fr,3d3/2,3.5562,3136.0,0.4
Fr,3d5/2,3.2732,3000.0,0.6
Fr,4s,14.5317,1153.0,1.0
Fr,4p1/2,13.0,980.0,0.3333333333333333
Fr,4p3/2,13.0,810.0,0.6666666666666666
Fr,4d3/2,6.5498,603.0,0.4
Fr,4d5/2,6.5498,577.0,0.6
Fr,4f5/2,0.1125,268.0,0.42857142857142855
Fr,4f7/2,0.1125,268.0,0.5714285714285714
Fr,5s,0.1,234.0,1.0
Fr,5p1/2,0.1,182.0,0.3333333333333333
Fr,5p3/2,0.1,140.0,0.6666666666666666
Fr,5d3/2,0.1,58.0,0.4
Fr,5d5/2,0.1,58.0,0.6
Fr,6s,0.1,24.0,1.0
Fr,6p1/2,0.1,14.0,0.3333333333333333
Fr,6p3/2,0.1,7.0,0.6666666666666666
Ra,1s,80.7074,103922.0,1.0
Ra,2s,13.9977,19237.0,1.0
Ra,2p1/2,8.258,18484.0,0.3333333333333333
Ra,2p3/2,7.0783,15444.0,0.6666666666666666
Ra,3s,22.0,4822.0,1.0
Ra,3p1/2,15.5218,4490.0,0.3333333333333333
Ra,3p3/2,10.0,3792.0,0.6666666666666666
Ra,3d3/2,3.6807,3248.0,0.4
Ra,3d5/2,3.3853,3105.0,0.6
Ra,4s,14.3332,1208.0,1.0
Ra,4p1/2,12.2437,1058.0,0.3333333333333333
Ra,4p3/2,12.2437,879.0,0.6666666666666666
Ra,4d3/2,6.3351,636.0,0.4
Ra,4d5/2,6.3351,603.0,0.6
Ra,4f5/2,0.1265,299.0,0.42857142857142855
Ra,4f7/2,0.1265,299.0,0.5714285714285714
Ra,5s,0.1,254.0,1.0
Ra,5p1/2,0.1,200.0,0.3333333333333333
Ra,5p3/2,0.1,153.0,0.6666666666666666
Ra,5d3/2,0.1,68.0,0.4
Ra,5d5/2,0.1,68.0,0.6
Ra,6s,0.1,31.0,1.0
Ra,6p1/2,0.1,20.0,0.3333333333333333
Ra,6p3/2,0.1,12.0,0.6666666666666666
Ac,1s,83.7545,106755.0,1.0
Ac,2s,14.6132,19840.0,1.0
Ac,2p1/2,8.5422,19083.0,0.3333333333333333
Ac,2p3/2,7.3219,15871.0,0.6666666666666666
Ac,3s,22.0,5002.0,1.0
Ac,3p1/2,15.5882,4656.0,0.3333333333333333
Ac,3p3/2,10.0,3909.0,0.6666666666666666
Ac,3d3/2,3.8097,3370.0,0.4
Ac,3d5/2,3.5013,3219.0,0.6
Ac,4s,14.1375,1269.0,1.0
Ac,4p1/2,11.5314,1080.0,0.3333333333333333
Ac,4p3/2,11.5314,890.0,0.6666666666666666
Ac,4d3/2,6.1274,675.0,0.4
Ac,4d5/2,6.1274,639.0,0.6
Ac,4f5/2,0.1423,319.0,0.42857142857142855
Ac,4f7/2,0.1423,319.0,0.5714285714285714
Ac,5s,0.1,272.0,1.0
Ac,5p1/2,0.1,215.0,0.3333333333333333
Ac,5p3/2,0.1,167.0,0.6666666666666666
Ac,5d3/2,0.1,80.0,0.4
Ac,5d5/2,0.1,80.0,0.6
Ac,6s,0.1,37.0,1.0
Ac,6p1/2,0.1,24.0,0.3333333333333333
Ac,6p3/2,0.1,15.0,0.6666666666666666
Th,1s,86.9168,109651.0,1.0
Th,2s,15.2558,20472.0,1.0
Th,2p1/2,8.8361,19693.0,0.3333333333333333
Th,2p3/2,7.5738,16300.0,0.6666666666666666
Th,3s,22.0,5182.0,1.0
Th,3p1/2,15.655,4830.0,0.3333333333333333
Th,3p3/2,10.0,4046.0,0.6666666666666666
Th,3d3/2,3.9431,3491.0,0.4
Th,3d5/2,3.6213,3332.0,0.6
Th,4s,13.9444,1330.0,1.0
Th,4p1/2,10.8605,1168.0,0.3333333333333333
Th,4p3/2,10.8605,966.4,0.6666666666666666
Th,4d3/2,5.9265,712.1,0.4
Th,4d5/2,5.9265,675.2,0.6
Th,4f5/2,0.16,342.4,0.42857142857142855
Th,4f7/2,0.16,333.1,0.5714285714285714
Th,5s,0.1,290.0,1.0
Th,5p1/2,0.1,229.0,0.3333333333333333
Th,5p3/2,0.1,182.0,0.6666666666666666
Th,5d3/2,0.1,92.5,0.4
Th,5d5/2,0.1,85.4,0.6
Th,6s,0.1,41.4,1.0
Th,6p1/2,0.1,24.5,0.3333333333333333
Th,6p3/2,0.1,16.6,0.6666666666666666
Pa,1s,90.1984,112601.0,1.0
Pa,2s,15.9267,21105.0,1.0
Pa,2p1/2,9.1401,20314.0,0.3333333333333333
Pa,2p3/2,7.8344,16733.0,0.6666666666666666
Pa,3s,22.0,5367.0,1.0
Pa,3p1/2,15.7221,5001.0,0.3333333333333333
Pa,3p3/2,10.0,4174.0,0.6666666666666666
Pa,3d3/2,4.0812,3611.0,0.4
Pa,3d5/2,3.7453,3442.0,0.6
Pa,4s,13.754,1387.0,1.0
Pa,4p1/2,10.2286,1224.0,0.3333333333333333
Pa,4p3/2,10.2286,1007.0,0.6666666666666666
Pa,4d3/2,5.7322,743.0,0.4
Pa,4d5/2,5.7322,708.0,0.6
Pa,4f5/2,0.201,371.0,0.42857142857142855
Pa,4f7/2,0.201,360.0,0.5714285714285714
Pa,5s,0.1,310.0,1.0
Pa,5p1/2,0.1,232.0,0.3333333333333333
Pa,5p3/2,0.1,187.0,0.6666666666666666
Pa,5d3/2,0.1,94.0,0.4
Pa,5d5/2,0.1,94.0,0.6
Pa,6s,0.1,43.0,1.0
Pa,6p1/2,0.1,27.0,0.3333333333333333
Pa,6p3/2,0.1,17.0,0.6666666666666666
U,1s,93.6039,115606.0,1.0
U,2s,16.6271,21757.0,1.0
U,2p1/2,9.4546,20948.0,0.3333333333333333
U,2p3/2,8.104,17166.0,0.6666666666666666
U,3s,22.0,5548.0,1.0
U,3p1/2,15.7894,5182.0,0.3333333333333333
U,3p3/2,10.0,4303.0,0.6666666666666666
U,3d3/2,4.2242,3728.0,0.4
U,3d5/2,3.8736,3552.0,0.6
U,4s,13.5661,1439.0,1.0
U,4p1/2,9.6336,1271.0,0.3333333333333333
U,4p3/2,9.6336,1043.0,0.6666666666666666
U,4d3/2,5.5443,778.3,0.4
U,4d5/2,5.5443,736.2,0.6
U,4f5/2,0.2524,388.2,0.42857142857142855
U,4f7/2,0.2524,377.4,0.5714285714285714
U,5s,0.1,321.0,1.0
U,5p1/2,0.1,257.0,0.3333333333333333
U,5p3/2,0.1,192.0,0.6666666666666666
U,5d3/2,0.1,102.8,0.4
U,5d5/2,0.1,94.2,0.6
U,6s,0.1,43.9,1.0
U,6p1/2,0.1,26.8,0.3333333333333333
U,6p3/2,0.1,16.8,0.6666666666666666
Np,1s,97.138,118669.0,1.0
Np,2s,17.3582,22427.0,1.0
Np,2p1/2,9.7799,21600.0,0.3333333333333333
Np,2p3/2,8.3828,17610.0,0.6666666666666666
Np,3s,22.0,5739.0,1.0
Np,3p1/2,15.857,5366.0,0.3333333333333333
Np,3p3/2,10.0,4435.0,0.6666666666666666
Np,3d3/2,4.3722,3849.0,0.4
Np,3d5/2,4.0063,3664.0,0.6
Np,4s,13.3809,1501.0,1.0
Np,4p1/2,9.0731,1328.0,0.3333333333333333
Np,4p3/2,9.0731,1085.0,0.6666666666666666
Np,4d3/2,5.3625,816.0,0.4
Np,4d5/2,5.3625,771.0,0.6
Np,4f5/2,0.317,414.0,0.42857142857142855
Np,4f7/2,0.317,403.0,0.5714285714285714
Np,5s,0.1,338.0,1.0
Np,5p1/2,0.1,274.0,0.3333333333333333
Np,5p3/2,0.1,206.0,0.6666666666666666
Np,5d3/2,0.1,109.0,0.4
Np,5d5/2,0.1,101.0,0.6
Np,6s,0.1,47.0,1.0
Np,6p1/2,0.1,29.0,0.3333333333333333
Np,6p3/2,0.1,18.0,0.6666666666666666
Pu,1s,100.8056,121791.0,1.0
Pu,2s,18.1215,23104.0,1.0
Pu,2p1/2,10.1164,22266.0,0.3333333333333333
Pu,2p3/2,8.6712,18057.0,0.6666666666666666
Pu,3s,22.0,5933.0,1.0
Pu,3p1/2,15.925,5547.0,0.3333333333333333
Pu,3p3/2,10.0,4563.0,0.6666666666666666
Pu,3d3/2,4.5253,3970.0,0.4
Pu,3d5/2,4.1436,3775.0,0.6
Pu,4s,13.1981,1559.0,1.0
Pu,4p1/2,8.5452,1380.0,0.3333333333333333
Pu,4p3/2,8.5452,1123.0,0.6666666666666666
Pu,4d3/2,5.1867,846.0,0.4
Pu,4d5/2,5.1867,798.0,0.6
Pu,4f5/2,0.3981,436.0,0.42857142857142855
Pu,4f7/2,0.3981,424.0,0.5714285714285714
Pu,5s,0.1,350.0,1.0
Pu,5p1/2,0.1,283.0,0.3333333333333333
Pu,5p3/2,0.1,213.0,0.6666666666666666
Pu,5d3/2,0.1,113.0,0.4
Pu,5d5/2,0.1,102.0,0.6
Pu,6s,0.1,46.0,1.0
Pu,6p1/2,0.1,29.0,0.3333333333333333
Pu,6p3/2,0.1,16.0,0.6666666666666666
Am,1s,104.6116,124982.0,1.0
Am,2s,18.9184,23808.0,1.0
Am,2p1/2,10.4645,22952.0,0.3333333333333333
Am,2p3/2,8.9696,18510.0,0.6666666666666666
Am,3s,22.0,6133.0,1.0
Am,3p1/2,15.9932,5739.0,0.3333333333333333
Am,3p3/2,10.0,4698.0,0.6666666666666666
Am,3d3/2,4.6838,4096.0,0.4
Am,3d5/2,4.2855,3890.0,0.6
Am,4s,13.0179,1620.0,1.0
Am,4p1/2,8.0481,1438.0,0.3333333333333333
Am,4p3/2,8.0481,1165.0,0.6666666666666666
Am,4d3/2,5.0167,880.0,0.4
Am,4d5/2,5.0167,829.0,0.6
Am,4f5/2,0.5,461.0,0.42857142857142855
Am,4f7/2,0.5,446.0,0.5714285714285714
Am,5s,0.1,365.0,1.0
Am,5p1/2,0.1,298.0,0.3333333333333333
Am,5p3/2,0.1,219.0,0.6666666666666666
Am,5d3/2,0.1,116.0,0.4
Am,5d5/2,0.1,106.0,0.6
Am,6s,0.1,48.0,1.0
Am,6p1/2,0.1,29.0,0.3333333333333333
Am,6p3/2,0.1,16.0,0.6666666666666666
Cm,1s,105.0,128241.0,1.0
Cm,2s,19.0,24526.0,1.0
Cm,2p1/2,10.5,23651.0,0.3333333333333333
Cm,2p3/2,9.0,18970.0,0.6666666666666666
Cm,3s,22.0,6337.0,1.0
Cm,3p1/2,16.0,5937.0,0.3333333333333333
Cm,3p3/2,10.0,4838.0,0.6666666666666666
Cm,3d3/2,4.7,4224.0,0.4
Cm,3d5/2,4.3,4009.0,0.6
Cm,4s,13.0,1684.0,1.0
Cm,4p1/2,8.0,1498.0,0.3333333333333333
Cm,4p3/2,8.0,1207.0,0.6666666666666666
Cm,4d3/2,5.0,916.0,0.4
Cm,4d5/2,5.0,862.0,0.6
Cm,4f5/2,0.5624,484.0,0.42857142857142855
Cm,4f7/2,0.5624,470.0,0.5714285714285714
Cm,5s,0.1,383.0,1.0
Cm,5p1/2,0.1,313.0,0.3333333333333333
Cm,5p3/2,0.1,229.0,0.6666666666666666
Cm,5d3/2,0.1,124.0,0.4
Cm,5d5/2,0.1,110.0,0.6
Cm,6s,0.1,50.0,1.0
Cm,6p1/2,0.1,30.0,0.3333333333333333
Cm,6p3/2,0.1,16.0,0.6666666666666666
Bk,1s,105.0,131556.0,1.0
Bk,2s,19.0,25256.0,1.0
Bk,2p1/2,10.5,24371.0,0.3333333333333333
Bk,2p3/2,9.0,19435.0,0.6666666666666666
Bk,3s,22.0,6545.0,1.0
Bk,3p1/2,16.0,6138.0,0.3333333333333333
Bk,3p3/2,10.0,4976.0,0.6666666666666666
Bk,3d3/2,4.7,4353.0,0.4
Bk,3d5/2,4.3,4127.0,0.6
Bk,4s,13.0,1748.0,1.0
Bk,4p1/2,8.0,1558.0,0.3333333333333333
Bk,4p3/2,8.0,1249.0,0.6666666666666666
Bk,4d3/2,5.0,955.0,0.4
Bk,4d5/2,5.0,898.0,0.6
Bk,4f5/2,0.6325,511.0,0.42857142857142855
Bk,4f7/2,0.6325,495.0,0.5714285714285714
Bk,5s,0.1,399.0,1.0
Bk,5p1/2,0.1,326.0,0.3333333333333333
Bk,5p3/2,0.1,237.0,0.6666666666666666
Bk,5d3/2,0.1,130.0,0.4
Bk,5d5/2,0.1,117.0,0.6
Bk,6s,0.1,52.0,1.0
Bk,6p1/2,0.1,32.0,0.3333333333333333
Bk,6p3/2,0.1,16.0,0.6666666666666666
Cf,1s,105.0,134939.0,1.0
Cf,2s,19.0,26010.0,1.0
Cf,2p1/2,10.5,25108.0,0.3333333333333333
Cf,2p3/2,9.0,19907.0,0.6666666666666666
Cf,3s,22.0,6761.0,1.0
Cf,3p1/2,16.0,6345.0,0.3333333333333333
Cf,3p3/2,10.0,5116.0,0.6666666666666666
Cf,3d3/2,4.7,4484.0,0.4
Cf,3d5/2,4.3,4247.0,0.6
Cf,4s,13.0,1813.0,1.0
Cf,4p1/2,8.0,1620.0,0.3333333333333333
Cf,4p3/2,8.0,1292.0,0.6666666666666666
Cf,4d3/2,5.0,991.0,0.4
Cf,4d5/2,5.0,930.0,0.6
Cf,4f5/2,0.7114,538.0,0.42857142857142855
Cf,4f7/2,0.7114,520.0,0.5714285714285714
Cf,5s,0.1,416.0,1.0
Cf,5p1/2,0.1,341.0,0.3333333333333333
Cf,5p3/2,0.1,245.0,0.6666666666666666
Cf,5d3/2,0.1,137.0,0.4
Cf,5d5/2,0.1,122.0,0.6
Cf,6s,0.1,54.0,1.0
Cf,6p1/2,0.1,33.0,0.3333333333333333
Cf,6p3/2,0.1,17.0,0.6666666666666666
