,1s,1s,1s
,x,y,z
0,,,
27.21,1.7275,1.7406,1.766
40.81,1.0028,1.0124,1.0257
54.42,0.63702,0.64452,0.6519
68.02,0.43119,0.43721,0.4414
81.63,0.3059,0.31086,0.3132
95.23,0.22501,0.22916,0.23039
108.84,0.17033,0.17385,0.17438
122.44,0.13199,0.13501,0.13511
136.05,0.1043,0.10691,0.10672
149.65,0.083794,0.086068,0.085693
163.26,0.068283,0.070276,0.069785
176.86,0.056338,0.058093,0.057531
190.47,0.046992,0.048546,0.047942
204.07,0.039579,0.040959,0.040335
217.68,0.033627,0.034856,0.034227
231.28,0.028794,0.029893,0.029268
244.89,0.024832,0.025817,0.025202
258.49,0.021554,0.02244,0.02184
272.1,0.018821,0.019618,0.019036
285.7,0.016525,0.017243,0.016681
299.31,0.014583,0.015231,0.014689
312.91,0.01293,0.013515,0.012995
326.52,0.011514,0.012044,0.011544
340.12,0.010296,0.010775,0.010296
353.73,0.0092412,0.0096746,0.0092161
367.33,0.0083245,0.0087169,0.0082782
380.94,0.0075241,0.0078792,0.0074596
394.54,0.0068223,0.0071435,0.0067424
408.15,0.0062045,0.0064949,0.0061115
421.75,0.0056587,0.0059209,0.0055545
435.36,0.0051747,0.0054113,0.0050611
448.96,0.0047442,0.0049573,0.0046226
462.57,0.00436,0.0045516,0.0042317
476.17,0.0040163,0.004188,0.0038823
489.78,0.0037077,0.0038612,0.003569
503.38,0.0034301,0.0035668,0.0032874
516.99,0.0031796,0.0033009,0.0030337
530.59,0.002953,0.0030601,0.0028046
544.2,0.0027477,0.0028415,0.0025972
557.8,0.0025611,0.0026428,0.002409
571.41,0.0023913,0.0024616,0.002238
585.01,0.0022363,0.0022962,0.0020822
598.62,0.0020947,0.0021449,0.0019401
612.22,0.001965,0.0020062,0.0018102
625.83,0.001846,0.0018788,0.0016912
639.43,0.0017367,0.0017617,0.001582
653.04,0.001636,0.0016538,0.0014818
666.64,0.0015431,0.0015543,0.0013895
680.25,0.0014574,0.0014623,0.0013045
693.85,0.0013781,0.0013772,0.0012261
707.46,0.0013047,0.0012984,0.0011536
721.06,0.0012365,0.0012253,0.0010866
734.67,0.0011733,0.0011573,0.0010244
748.27,0.0011144,0.0010942,0.00096682
761.88,0.0010596,0.0010353,0.00091331
775.48,0.0010085,0.00098048,0.00086356
789.09,0.00096082,0.00092931,0.00081726
802.69,0.00091625,0.0008815,0.00077411
816.3,0.00087455,0.00083678,0.00073387
829.9,0.00083549,0.00079492,0.00069629
843.51,0.00079888,0.0007557,0.00066118
857.11,0.00076451,0.00071891,0.00062832
870.72,0.00073221,0.00068436,0.00059756
884.32,0.00070184,0.00065191,0.00056872
897.93,0.00067326,0.00062139,0.00054167
911.53,0.00064631,0.00059265,0.00051627
925.14,0.0006209,0.00056558,0.0004924
938.74,0.0005969,0.00054006,0.00046995
952.35,0.00057423,0.00051597,0.00044882
965.95,0.00055279,0.00049324,0.00042892
979.56,0.00053248,0.00047175,0.00041015
993.16,0.00051325,0.00045142,0.00039244
1006.77,0.00049502,0.00043219,0.00037573
1020.37,0.00047771,0.00041398,0.00035993
1033.98,0.00046127,0.00039672,0.000345
1047.58,0.00044564,0.00038035,0.00033087
1061.19,0.00043078,0.00036482,0.00031749
1074.79,0.00041663,0.00035007,0.00030481
1088.4,0.00040315,0.00033606,0.00029279
1102.0,0.0003903,0.00032274,0.00028139
1115.61,0.00037803,0.00031007,0.00027057
1129.21,0.00036632,0.00029801,0.00026028
1142.82,0.00035514,0.00028653,0.00025051
1156.42,0.00034445,0.00027559,0.00024122
1170.03,0.00033422,0.00026515,0.00023237
1183.63,0.00032442,0.0002552,0.00022395
1197.24,0.00031504,0.0002457,0.00021592
1210.84,0.00030605,0.00023664,0.00020828
1224.45,0.00029742,0.00022797,0.00020098
1238.05,0.00028915,0.00021969,0.00019402
1251.66,0.0002812,0.00021177,0.00018737
1265.26,0.00027355,0.0002042,0.00018102
1278.87,0.00026621,0.00019695,0.00017495
1292.47,0.00025914,0.00019,0.00016915
1306.08,0.00025234,0.00018335,0.00016359
1319.68,0.00024578,0.00017698,0.00015828
1333.29,0.00023946,0.00017087,0.00015319
1346.89,0.00023338,0.00016501,0.00014831
1360.5,0.0002275,0.00015938,0.00014364
1374.1,0.00022183,0.00015398,0.00013915
1387.71,0.00021635,0.00014879,0.00013485
1401.31,0.00021106,0.00014381,0.00013072
1414.92,0.00020594,0.00013902,0.00012676
1428.52,0.00020099,0.00013443,0.00012295
1442.13,0.0001962,0.00013,0.00011929
1455.73,0.00019156,0.00012574,0.00011577
1469.34,0.00018707,0.00012165,0.00011239
1482.94,0.00018272,0.0001177,0.00010913
1496.55,0.0001785,0.00011391,0.000106
1510.15,0.0001744,0.00011025,0.00010298
1523.76,0.00017043,0.00010673,0.00010007
1537.36,0.00016657,0.00010333,9.7272e-05
1550.97,0.00016282,0.00010006,9.4572e-05
1564.57,0.00015918,9.6906e-05,9.1969e-05
1578.18,0.00015564,9.3863e-05,8.9458e-05
1591.78,0.00015219,9.0927e-05,8.7034e-05
1605.39,0.00014884,8.8093e-05,8.4695e-05
1618.99,0.00014558,8.5358e-05,8.2435e-05
1632.6,0.00014241,8.2717e-05,8.0254e-05
1646.2,0.00013932,8.0169e-05,7.8147e-05
1659.81,0.00013631,7.7707e-05,7.611e-05
1673.41,0.00013338,7.5328e-05,7.4142e-05
1687.02,0.00013052,7.3029e-05,7.2237e-05
1700.62,0.00012773,7.0807e-05,7.0395e-05
1714.23,0.00012501,6.8659e-05,6.8611e-05
1727.83,0.00012236,6.6585e-05,6.6889e-05
1741.44,0.00011977,6.4577e-05,6.5219e-05
1755.04,0.00011725,6.2636e-05,6.3603e-05
1768.65,0.00011478,6.0758e-05,6.2037e-05
1782.25,0.00011238,5.894e-05,6.0519e-05
1795.86,0.00011002,5.7179e-05,5.9046e-05
1809.46,0.00010773,5.5481e-05,5.7625e-05
1823.07,0.00010549,5.3833e-05,5.6243e-05
1836.67,0.00010329,5.2239e-05,5.4903e-05
1850.28,0.00010115,5.0695e-05,5.3604e-05
1863.88,9.9055e-05,4.92e-05,5.2343e-05
1877.49,9.7001e-05,4.775e-05,5.1118e-05
1891.09,9.5003e-05,4.6351e-05,4.9934e-05
1904.7,9.3037e-05,4.4991e-05,4.878e-05
1918.3,9.1116e-05,4.3674e-05,4.7661e-05
1931.91,8.9237e-05,4.2399e-05,4.6574e-05
1945.51,8.7396e-05,4.1163e-05,4.5518e-05
1959.12,8.5593e-05,3.9964e-05,4.4492e-05
1972.72,8.3835e-05,3.8806e-05,4.3498e-05
1986.33,8.2101e-05,3.7679e-05,4.2527e-05
1999.93,8.0406e-05,3.6587e-05,4.1585e-05
2013.54,7.8746e-05,3.5529e-05,4.0669e-05
2027.14,7.7119e-05,3.4503e-05,3.9779e-05
2040.75,7.5525e-05,3.3508e-05,3.8913e-05
2054.35,7.3959e-05,3.2542e-05,3.8069e-05
2067.96,7.2431e-05,3.1609e-05,3.7251e-05
2081.56,7.0926e-05,3.0701e-05,3.6453e-05
2095.17,6.9452e-05,2.982e-05,3.5676e-05
2108.77,6.8006e-05,2.8966e-05,3.492e-05
2122.38,6.6588e-05,2.8137e-05,3.4185e-05
2135.98,6.5197e-05,2.7333e-05,3.3469e-05
2149.59,6.3834e-05,2.6554e-05,3.2772e-05
2163.19,6.2494e-05,2.5797e-05,3.2092e-05
2176.8,6.1179e-05,2.5062e-05,3.143e-05
2190.4,5.9889e-05,2.4349e-05,3.0785e-05
2204.01,5.8623e-05,2.3657e-05,3.0156e-05
2217.61,5.7382e-05,2.2986e-05,2.9544e-05
2231.22,5.6164e-05,2.2335e-05,2.8947e-05
2244.82,5.4969e-05,2.1702e-05,2.8366e-05
2258.43,5.3796e-05,2.1088e-05,2.7799e-05
2272.03,5.2644e-05,2.0492e-05,2.7246e-05
2285.64,5.1513e-05,1.9914e-05,2.6706e-05
2299.24,5.0402e-05,1.9352e-05,2.6179e-05
2312.85,4.9312e-05,1.8806e-05,2.5666e-05
2326.45,4.8243e-05,1.8277e-05,2.5165e-05
2340.06,4.7195e-05,1.7763e-05,2.4678e-05
2353.66,4.6164e-05,1.7264e-05,2.4202e-05
2367.27,4.5153e-05,1.678e-05,2.3737e-05
2380.87,4.4159e-05,1.6309e-05,2.3283e-05
2394.48,4.3182e-05,1.5852e-05,2.2839e-05
2408.08,4.2223e-05,1.5408e-05,2.2406e-05
2421.69,4.1281e-05,1.4977e-05,2.1984e-05
2435.29,4.036e-05,1.4559e-05,2.1572e-05
2448.9,3.9452e-05,1.4153e-05,2.117e-05
2462.5,3.8562e-05,1.3758e-05,2.0777e-05
2476.11,3.7687e-05,1.3375e-05,2.0393e-05
2489.71,3.6827e-05,1.3003e-05,2.0017e-05
2503.32,3.5981e-05,1.2641e-05,1.965e-05
2516.92,3.5151e-05,1.2289e-05,1.9291e-05
2530.53,3.4341e-05,1.195e-05,1.8943e-05
2544.13,3.3541e-05,1.1618e-05,1.8601e-05
2557.74,3.2756e-05,1.1297e-05,1.8267e-05
2571.34,3.1986e-05,1.0985e-05,1.794e-05
2584.95,3.1229e-05,1.0681e-05,1.7621e-05
2598.55,3.0486e-05,1.0386e-05,1.7308e-05
2612.16,2.9754e-05,1.0099e-05,1.7001e-05
2625.76,2.9043e-05,9.8229e-06,1.6706e-05
2639.37,2.8339e-05,9.5525e-06,1.6413e-05
2652.97,2.7649e-05,9.2901e-06,1.6128e-05
2666.58,2.6972e-05,9.0355e-06,1.5849e-05
2680.18,2.6308e-05,8.7882e-06,1.5576e-05
2693.79,2.5656e-05,8.5479e-06,1.5309e-05
2707.39,2.5015e-05,8.3137e-06,1.5046e-05
2721.0,2.4392e-05,8.0886e-06,1.4793e-05
2734.6,2.3775e-05,7.8678e-06,1.4542e-05
2748.21,2.3171e-05,7.6537e-06,1.4297e-05
2761.81,2.2578e-05,7.4459e-06,1.4057e-05
2775.42,2.1998e-05,7.2442e-06,1.3823e-05
2789.02,2.1428e-05,7.0483e-06,1.3593e-05
2802.63,2.087e-05,6.8579e-06,1.3369e-05
2816.23,2.0321e-05,6.6727e-06,1.3148e-05
2829.84,1.9786e-05,6.4938e-06,1.2934e-05
2843.44,1.9259e-05,6.3191e-06,1.2723e-05
2857.05,1.8743e-05,6.1495e-06,1.2516e-05
2870.65,1.8237e-05,5.9848e-06,1.2314e-05
2884.26,1.7741e-05,5.8249e-06,1.2116e-05
2897.86,1.7255e-05,5.6697e-06,1.1922e-05
2911.47,1.6779e-05,5.519e-06,1.1733e-05
2925.07,1.6313e-05,5.3727e-06,1.1547e-05
2938.68,1.5856e-05,5.2304e-06,1.1365e-05
2952.28,1.5407e-05,5.0921e-06,1.1186e-05
2965.89,1.4968e-05,4.9578e-06,1.1011e-05
2979.49,1.4537e-05,4.8273e-06,1.0839e-05
2993.1,1.4116e-05,4.7006e-06,1.0671e-05
3006.7,1.3703e-05,4.5776e-06,1.0506e-05
3020.31,1.3299e-05,4.4583e-06,1.0345e-05
3033.91,1.2904e-05,4.3423e-06,1.0187e-05
3047.52,1.2516e-05,4.2297e-06,1.0032e-05
3061.12,1.2137e-05,4.1203e-06,9.8805e-06
3074.73,1.1765e-05,4.0139e-06,9.7313e-06
3088.33,1.1401e-05,3.9106e-06,9.585e-06
3101.94,1.1045e-05,3.8103e-06,9.4415e-06
3115.54,1.0696e-05,3.7128e-06,9.3008e-06
3129.15,1.0355e-05,3.6183e-06,9.1631e-06
3142.75,1.0023e-05,3.5267e-06,9.0286e-06
3156.36,9.6968e-06,3.4376e-06,8.8962e-06
3169.96,9.3781e-06,3.351e-06,8.7664e-06
3183.57,9.0665e-06,3.2669e-06,8.6389e-06
3197.17,8.7617e-06,3.1852e-06,8.5137e-06
3210.78,8.4637e-06,3.1058e-06,8.3907e-06
3224.38,8.1724e-06,3.0286e-06,8.2699e-06
3237.99,7.8879e-06,2.9536e-06,8.1513e-06
3251.59,7.6119e-06,2.8815e-06,8.0368e-06
3265.2,7.3411e-06,2.811e-06,7.9229e-06
3278.8,7.077e-06,2.7425e-06,7.8114e-06
3292.41,6.8194e-06,2.6761e-06,7.702e-06
3306.01,6.568e-06,2.6115e-06,7.5944e-06
3319.62,6.3228e-06,2.5488e-06,7.4887e-06
3333.22,6.0835e-06,2.4877e-06,7.3846e-06
3346.83,5.8502e-06,2.4284e-06,7.2822e-06
3360.43,5.625e-06,2.3717e-06,7.1843e-06
3374.04,5.4038e-06,2.3158e-06,7.0856e-06
3387.64,5.1888e-06,2.2616e-06,6.9893e-06
3401.25,4.9797e-06,2.2091e-06,6.8948e-06
3414.85,4.7763e-06,2.1582e-06,6.8021e-06
3428.46,4.5784e-06,2.1087e-06,6.7109e-06
3442.06,4.3859e-06,2.0605e-06,6.6211e-06
3455.67,4.1981e-06,2.0134e-06,6.5318e-06
3469.27,4.0184e-06,1.9691e-06,6.4485e-06
3482.88,3.8411e-06,1.9247e-06,6.3624e-06
3496.48,3.6696e-06,1.8819e-06,6.2786e-06
3510.09,3.5033e-06,1.8404e-06,6.1966e-06
3523.69,3.342e-06,1.8002e-06,6.1162e-06
3537.3,3.1856e-06,1.7611e-06,6.0372e-06
3550.9,3.034e-06,1.7232e-06,5.9594e-06
3564.51,2.8869e-06,1.6863e-06,5.8827e-06
3578.11,2.7438e-06,1.6501e-06,5.8062e-06
3591.72,2.6072e-06,1.6161e-06,5.7349e-06
3605.32,2.4737e-06,1.5823e-06,5.6618e-06
3618.93,2.3446e-06,1.5495e-06,5.5903e-06
3632.53,2.2199e-06,1.5177e-06,5.52e-06
3646.14,2.0995e-06,1.4869e-06,5.4511e-06
3659.74,1.9832e-06,1.457e-06,5.3834e-06
3673.35,1.8711e-06,1.428e-06,5.3169e-06
3686.95,1.7627e-06,1.3998e-06,5.251e-06
3700.56,1.6589e-06,1.3728e-06,5.1879e-06
3714.16,1.5583e-06,1.3461e-06,5.1241e-06
3727.77,1.4616e-06,1.3203e-06,5.0615e-06
3741.37,1.3687e-06,1.2952e-06,5e-06
3754.98,1.2794e-06,1.271e-06,4.9395e-06
3768.58,1.1938e-06,1.2474e-06,4.8801e-06
3782.19,1.1117e-06,1.2246e-06,4.8218e-06
3795.79,1.0331e-06,1.2025e-06,4.7645e-06
3809.4,9.5791e-07,1.181e-06,4.7081e-06
3823.0,8.8611e-07,1.1602e-06,4.6528e-06
3836.61,8.1751e-07,1.14e-06,4.5981e-06
3850.21,7.5213e-07,1.1204e-06,4.5442e-06
3863.82,6.8991e-07,1.1013e-06,4.4911e-06
3877.42,6.3081e-07,1.0828e-06,4.4388e-06
3891.03,5.7477e-07,1.0649e-06,4.3873e-06
3904.63,5.2175e-07,1.0475e-06,4.3367e-06
3918.24,4.7168e-07,1.0307e-06,4.2871e-06
3931.84,4.245e-07,1.0145e-06,4.2383e-06
3945.45,3.8014e-07,9.9868e-07,4.1902e-06
3959.05,3.3854e-07,9.8338e-07,4.1429e-06
3972.66,2.9964e-07,9.6853e-07,4.0962e-06
3986.26,2.6339e-07,9.5412e-07,4.0501e-06
3999.87,2.2973e-07,9.4013e-07,4.0047e-06
4013.47,1.9862e-07,9.2656e-07,3.9598e-06
4027.08,1.7001e-07,9.1342e-07,3.9157e-06
4040.68,1.4383e-07,9.007e-07,3.8722e-06
4054.29,1.2004e-07,8.8841e-07,3.8296e-06
4067.89,9.8585e-08,8.7664e-07,3.7881e-06
4081.5,7.9388e-08,8.6513e-07,3.7468e-06
4095.1,6.2408e-08,8.54e-07,3.7061e-06
4108.71,4.7588e-08,8.4321e-07,3.666e-06
4122.31,3.4876e-08,8.3275e-07,3.6263e-06
4135.92,2.4221e-08,8.2261e-07,3.5871e-06
4149.52,1.5571e-08,8.1277e-07,3.5485e-06
4163.13,8.8759e-09,8.0322e-07,3.5102e-06
4176.73,4.0859e-09,7.9401e-07,3.4725e-06
4190.34,1.1503e-09,7.8545e-07,3.4369e-06
4203.94,1.7454e-11,7.7686e-07,3.4004e-06
4217.55,6.3926e-10,7.6862e-07,3.3647e-06
4231.15,2.967e-09,7.6066e-07,3.3295e-06
4244.76,6.9526e-09,7.5298e-07,3.2948e-06
4258.36,1.2549e-08,7.4554e-07,3.2605e-06
4271.97,1.9708e-08,7.3833e-07,3.2266e-06
4285.57,2.8384e-08,7.3133e-07,3.1928e-06
4299.18,3.8532e-08,7.2456e-07,3.1595e-06
4312.78,5.0143e-08,7.1853e-07,3.1289e-06
4326.39,6.3108e-08,7.1219e-07,3.0962e-06
4339.99,7.7427e-08,7.062e-07,3.0646e-06
4353.6,9.3054e-08,7.0047e-07,3.0335e-06
4367.2,1.0995e-07,6.9497e-07,3.0029e-06
4380.81,1.2807e-07,6.8969e-07,2.9727e-06
4394.41,1.4737e-07,6.8459e-07,2.9429e-06
4408.02,1.678e-07,6.7966e-07,2.9132e-06
4421.62,1.8931e-07,6.7478e-07,2.8834e-06
4435.23,2.1217e-07,6.7103e-07,2.8579e-06
4448.83,2.3571e-07,6.6631e-07,2.8279e-06
4462.44,2.6036e-07,6.621e-07,2.7996e-06
4476.04,2.8599e-07,6.5813e-07,2.7719e-06
4489.65,3.1257e-07,6.5436e-07,2.7447e-06
4503.25,3.4005e-07,6.5079e-07,2.7179e-06
4516.86,3.6841e-07,6.4739e-07,2.6915e-06
4530.46,3.9758e-07,6.4414e-07,2.6654e-06
4544.07,4.2753e-07,6.4101e-07,2.6395e-06
4557.67,4.5817e-07,6.3797e-07,2.6135e-06
4571.28,4.8989e-07,6.3555e-07,2.5899e-06
4584.88,5.2193e-07,6.328e-07,2.5645e-06
4598.49,5.5467e-07,6.3027e-07,2.5398e-06
4612.09,5.8805e-07,6.279e-07,2.5154e-06
4625.7,6.2203e-07,6.2569e-07,2.4915e-06
4639.3,6.5658e-07,6.2365e-07,2.4679e-06
4652.91,6.9167e-07,6.2176e-07,2.4446e-06
4666.51,7.2726e-07,6.2e-07,2.4217e-06
4680.12,7.6326e-07,6.1834e-07,2.3989e-06
4693.72,7.995e-07,6.1668e-07,2.3759e-06
4707.33,8.3672e-07,6.1558e-07,2.3549e-06
4720.93,8.7384e-07,6.1427e-07,2.3328e-06
4734.54,9.1128e-07,6.1308e-07,2.311e-06
4748.14,9.4901e-07,6.1202e-07,2.2895e-06
4761.75,9.8701e-07,6.1107e-07,2.2683e-06
4775.35,1.0253e-06,6.1026e-07,2.2474e-06
4788.96,1.0638e-06,6.0959e-07,2.2268e-06
4802.56,1.1025e-06,6.0904e-07,2.2065e-06
4816.17,1.1413e-06,6.086e-07,2.1865e-06
4829.77,1.1804e-06,6.0831e-07,2.1668e-06
4843.38,1.2195e-06,6.0806e-07,2.1472e-06
4856.98,1.2587e-06,6.079e-07,2.1278e-06
4870.59,1.2978e-06,6.0783e-07,2.1086e-06
4884.19,1.337e-06,6.0784e-07,2.0895e-06
4897.8,1.3761e-06,6.0794e-07,2.0706e-06
4911.4,1.4152e-06,6.0814e-07,2.052e-06
4925.01,1.4543e-06,6.0844e-07,2.0336e-06
4938.61,1.4934e-06,6.0886e-07,2.0155e-06
4952.22,1.5324e-06,6.0938e-07,1.9976e-06
4965.82,1.5714e-06,6.1004e-07,1.9802e-06
4979.43,1.6103e-06,6.1075e-07,1.9628e-06
4993.03,1.649e-06,6.1155e-07,1.9456e-06
5006.64,1.6875e-06,6.1241e-07,1.9285e-06
5020.24,1.7257e-06,6.1333e-07,1.9116e-06
5033.85,1.7637e-06,6.1431e-07,1.8948e-06
5047.45,1.8015e-06,6.1535e-07,1.8781e-06
5061.06,1.839e-06,6.1647e-07,1.8616e-06
5074.66,1.8762e-06,6.1767e-07,1.8453e-06
5088.27,1.913e-06,6.1889e-07,1.8291e-06
5101.87,1.9509e-06,6.2062e-07,1.8143e-06
5115.48,1.9871e-06,6.2199e-07,1.7984e-06
5129.08,2.0233e-06,6.2354e-07,1.783e-06
5142.69,2.0593e-06,6.2518e-07,1.7678e-06
5156.29,2.0949e-06,6.2687e-07,1.7527e-06
5169.9,2.1301e-06,6.2861e-07,1.7377e-06
5183.5,2.1648e-06,6.304e-07,1.7228e-06
5197.11,2.199e-06,6.3222e-07,1.708e-06
5210.71,2.2328e-06,6.3407e-07,1.6933e-06
5224.32,2.2658e-06,6.3589e-07,1.6785e-06
5237.92,2.2985e-06,6.3782e-07,1.664e-06
5251.53,2.3332e-06,6.4048e-07,1.6514e-06
5265.13,2.3653e-06,6.4262e-07,1.6374e-06
5278.74,2.3972e-06,6.4487e-07,1.6237e-06
5292.34,2.4287e-06,6.4721e-07,1.6102e-06
5305.95,2.4596e-06,6.496e-07,1.5968e-06
5319.55,2.49e-06,6.5203e-07,1.5835e-06
5333.16,2.5198e-06,6.5447e-07,1.5703e-06
5346.76,2.5488e-06,6.5693e-07,1.5571e-06
5360.37,2.5769e-06,6.5934e-07,1.5438e-06
5373.97,2.6046e-06,6.6183e-07,1.5308e-06
5387.58,2.6349e-06,6.6519e-07,1.5197e-06
5401.18,2.6612e-06,6.6772e-07,1.5068e-06
5414.79,2.6875e-06,6.7046e-07,1.4943e-06
5428.39,2.7134e-06,6.7329e-07,1.482e-06
5442.0,2.7389e-06,6.762e-07,1.47e-06
5455.6,2.7637e-06,6.7917e-07,1.4581e-06
5469.21,2.7879e-06,6.8216e-07,1.4463e-06
5482.81,2.8113e-06,6.8517e-07,1.4345e-06
5496.42,2.8337e-06,6.8815e-07,1.4227e-06
5510.02,2.8542e-06,6.9085e-07,1.4104e-06
5523.63,2.8814e-06,6.9537e-07,1.4018e-06
5537.23,2.8997e-06,6.9794e-07,1.3892e-06
5550.84,2.9193e-06,7.0103e-07,1.3778e-06
5564.44,2.9386e-06,7.0424e-07,1.3666e-06
5578.05,2.9574e-06,7.0753e-07,1.3557e-06
5591.65,2.9757e-06,7.1089e-07,1.3449e-06
5605.26,2.9934e-06,7.1432e-07,1.3342e-06
5618.86,3.0104e-06,7.1778e-07,1.3237e-06
5632.47,3.0267e-06,7.2126e-07,1.3132e-06
5646.07,3.0419e-06,7.2468e-07,1.3027e-06
5659.68,3.056e-06,7.2805e-07,1.2921e-06
5673.28,3.0731e-06,7.3232e-07,1.2831e-06
5686.89,3.0855e-06,7.3568e-07,1.2726e-06
5700.49,3.0978e-06,7.392e-07,1.2625e-06
5714.1,3.1095e-06,7.4278e-07,1.2524e-06
5727.7,3.1207e-06,7.4642e-07,1.2425e-06
5741.31,3.1312e-06,7.5012e-07,1.2328e-06
5754.91,3.1413e-06,7.5389e-07,1.2233e-06
5768.52,3.1507e-06,7.577e-07,1.2138e-06
5782.12,3.1595e-06,7.6155e-07,1.2045e-06
5795.73,3.1674e-06,7.6537e-07,1.1951e-06
5809.33,3.174e-06,7.6908e-07,1.1857e-06
5822.94,3.1825e-06,7.7342e-07,1.1772e-06
5836.54,3.1881e-06,7.7725e-07,1.1681e-06
5850.15,3.193e-06,7.811e-07,1.159e-06
5863.75,3.1972e-06,7.8497e-07,1.15e-06
5877.36,3.2008e-06,7.8887e-07,1.1411e-06
5890.96,3.2038e-06,7.928e-07,1.1323e-06
5904.57,3.2062e-06,7.9679e-07,1.1236e-06
5918.17,3.2082e-06,8.0083e-07,1.1151e-06
5931.78,3.2096e-06,8.0493e-07,1.1067e-06
5945.38,3.2105e-06,8.0905e-07,1.0984e-06
5958.99,3.2104e-06,8.1313e-07,1.0901e-06
5972.59,3.2104e-06,8.174e-07,1.0821e-06
5986.2,3.2093e-06,8.2154e-07,1.074e-06
5999.8,3.2073e-06,8.2566e-07,1.0659e-06
6013.41,3.2046e-06,8.2975e-07,1.0578e-06
6027.01,3.2012e-06,8.3384e-07,1.0498e-06
6040.62,3.1972e-06,8.3792e-07,1.0419e-06
6054.22,3.1925e-06,8.4203e-07,1.034e-06
6067.83,3.1874e-06,8.4617e-07,1.0263e-06
6081.43,3.1817e-06,8.5036e-07,1.0186e-06
6095.04,3.1756e-06,8.5458e-07,1.0111e-06
6108.64,3.1693e-06,8.5893e-07,1.0038e-06
6122.25,3.1622e-06,8.6324e-07,9.9645e-07
6135.85,3.1544e-06,8.6754e-07,9.8918e-07
6149.46,3.146e-06,8.7183e-07,9.8196e-07
6163.06,3.1368e-06,8.7609e-07,9.7476e-07
6176.67,3.127e-06,8.8032e-07,9.6758e-07
6190.27,3.1164e-06,8.845e-07,9.6043e-07
6203.88,3.1051e-06,8.8866e-07,9.5331e-07
6217.48,3.0932e-06,8.9281e-07,9.4624e-07
6231.09,3.0808e-06,8.9696e-07,9.3924e-07
6244.69,3.0676e-06,9.0106e-07,9.3224e-07
6258.3,3.0547e-06,9.0542e-07,9.2558e-07
6271.9,3.0425e-06,9.1012e-07,9.1933e-07
6285.51,3.028e-06,9.1434e-07,9.1266e-07
6299.11,3.0134e-06,9.1865e-07,9.0613e-07
6312.72,2.9982e-06,9.2297e-07,8.9967e-07
6326.32,2.9824e-06,9.2726e-07,8.9324e-07
6339.93,2.9659e-06,9.3151e-07,8.8683e-07
6353.53,2.9488e-06,9.3569e-07,8.8043e-07
6367.14,2.931e-06,9.3982e-07,8.7404e-07
6380.74,2.9125e-06,9.4387e-07,8.6764e-07
6394.35,2.8932e-06,9.478e-07,8.612e-07
6407.95,2.8741e-06,9.5197e-07,8.5504e-07
6421.56,2.8582e-06,9.5734e-07,8.5001e-07
6435.16,2.837e-06,9.611e-07,8.4361e-07
6448.77,2.8165e-06,9.6522e-07,8.3759e-07
6462.37,2.7958e-06,9.6943e-07,8.3171e-07
6475.98,2.7747e-06,9.7366e-07,8.2592e-07
6489.58,2.7532e-06,9.7788e-07,8.2017e-07
6503.19,2.7311e-06,9.8205e-07,8.1444e-07
6516.79,2.7084e-06,9.8614e-07,8.0871e-07
6530.4,2.6851e-06,9.9013e-07,8.0296e-07
6544.0,2.6609e-06,9.9396e-07,7.9715e-07
6557.61,2.6349e-06,9.972e-07,7.9093e-07
6571.21,2.6095e-06,1.0008e-06,7.8506e-07
6584.82,2.5906e-06,1.007e-06,7.8133e-07
6598.42,2.5648e-06,1.0107e-06,7.7567e-07
6612.03,2.5392e-06,1.0146e-06,7.7022e-07
6625.63,2.5135e-06,1.0186e-06,7.6491e-07
6639.24,2.4876e-06,1.0226e-06,7.5969e-07
6652.84,2.4615e-06,1.0267e-06,7.5453e-07
6666.45,2.435e-06,1.0307e-06,7.494e-07
6680.05,2.4081e-06,1.0346e-06,7.4428e-07
6693.66,2.3806e-06,1.0384e-06,7.3913e-07
6707.26,2.3523e-06,1.0419e-06,7.3385e-07
6720.87,2.3238e-06,1.0454e-06,7.2866e-07
6734.47,2.3003e-06,1.0513e-06,7.2515e-07
6748.08,2.2702e-06,1.0543e-06,7.1966e-07
6761.68,2.241e-06,1.0577e-06,7.1459e-07
6775.29,2.2119e-06,1.0613e-06,7.0967e-07
6788.89,2.1829e-06,1.065e-06,7.0484e-07
6802.5,2.1538e-06,1.0687e-06,7.0011e-07
6816.1,2.1246e-06,1.0724e-06,6.9545e-07
6829.71,2.0953e-06,1.0761e-06,6.9085e-07
6843.31,2.0658e-06,1.0798e-06,6.8628e-07
6856.92,2.036e-06,1.0833e-06,6.8169e-07
6870.52,2.0055e-06,1.0865e-06,6.7696e-07
6884.13,1.9748e-06,1.0896e-06,6.7222e-07
6897.73,1.9477e-06,1.0948e-06,6.6882e-07
6911.34,1.9167e-06,1.0979e-06,6.6413e-07
6924.94,1.886e-06,1.101e-06,6.596e-07
6938.55,1.8552e-06,1.1042e-06,6.5514e-07
6952.15,1.8246e-06,1.1074e-06,6.5075e-07
6965.76,1.7939e-06,1.1107e-06,6.4644e-07
6979.36,1.7634e-06,1.1139e-06,6.4221e-07
6992.97,1.7329e-06,1.1172e-06,6.3805e-07
7006.57,1.7025e-06,1.1205e-06,6.3394e-07
7020.18,1.6721e-06,1.1238e-06,6.2986e-07
7033.78,1.6414e-06,1.1268e-06,6.2572e-07
7047.39,1.6104e-06,1.1296e-06,6.2149e-07
7060.99,1.5814e-06,1.1338e-06,6.1806e-07
7074.6,1.5507e-06,1.1366e-06,6.1398e-07
7088.2,1.52e-06,1.1395e-06,6.0995e-07
7101.81,1.4894e-06,1.1423e-06,6.0595e-07
7115.41,1.4589e-06,1.145e-06,6.0197e-07
7129.02,1.4285e-06,1.1477e-06,5.9804e-07
7142.62,1.3983e-06,1.1504e-06,5.9417e-07
7156.23,1.3683e-06,1.1532e-06,5.9036e-07
7169.83,1.3384e-06,1.156e-06,5.8662e-07
7183.44,1.3088e-06,1.1588e-06,5.8295e-07
7197.04,1.2793e-06,1.1616e-06,5.7932e-07
7210.65,1.2498e-06,1.1642e-06,5.7567e-07
7224.25,1.2208e-06,1.1671e-06,5.7218e-07
7237.86,1.1916e-06,1.1697e-06,5.686e-07
7251.46,1.1626e-06,1.1722e-06,5.6503e-07
7265.07,1.1337e-06,1.1745e-06,5.6145e-07
7278.67,1.1049e-06,1.1768e-06,5.5788e-07
7292.28,1.0763e-06,1.179e-06,5.5431e-07
7305.88,1.0479e-06,1.1811e-06,5.5077e-07
7319.49,1.0197e-06,1.1832e-06,5.4727e-07
7333.09,9.918e-07,1.1853e-06,5.4382e-07
7346.7,9.6415e-07,1.1875e-06,5.4043e-07
7360.3,9.3675e-07,1.1896e-06,5.3708e-07
7373.91,9.0982e-07,1.192e-06,5.339e-07
7387.51,8.8305e-07,1.1942e-06,5.3069e-07
7401.12,8.5645e-07,1.1963e-06,5.2748e-07
7414.72,8.3011e-07,1.1983e-06,5.2429e-07
7428.33,8.04e-07,1.2003e-06,5.211e-07
7441.93,7.7811e-07,1.2021e-06,5.1791e-07
7455.54,7.5245e-07,1.2038e-06,5.147e-07
7469.14,7.2705e-07,1.2054e-06,5.115e-07
7482.75,7.0193e-07,1.2068e-06,5.083e-07
7496.35,6.7711e-07,1.2082e-06,5.0511e-07
7509.96,6.526e-07,1.2096e-06,5.0195e-07
7523.56,6.2837e-07,1.2107e-06,4.9876e-07
7537.17,6.0479e-07,1.2125e-06,4.9586e-07
7550.77,5.8191e-07,1.2149e-06,4.9329e-07
7564.38,5.5874e-07,1.2161e-06,4.9022e-07
7577.98,5.3607e-07,1.2174e-06,4.873e-07
7591.59,5.1379e-07,1.2188e-06,4.8442e-07
7605.19,4.9188e-07,1.2201e-06,4.8156e-07
7618.8,4.7032e-07,1.2213e-06,4.787e-07
7632.4,4.4912e-07,1.2224e-06,4.7584e-07
7646.01,4.2829e-07,1.2233e-06,4.7295e-07
7659.61,4.0783e-07,1.2241e-06,4.7006e-07
7673.22,3.8777e-07,1.2247e-06,4.6714e-07
7686.82,3.6807e-07,1.2251e-06,4.6417e-07
7700.43,3.4843e-07,1.224e-06,4.607e-07
7714.03,3.3121e-07,1.23e-06,4.5995e-07
7727.64,3.1247e-07,1.2289e-06,4.5655e-07
7741.24,2.9461e-07,1.2293e-06,4.5375e-07
7754.85,2.7727e-07,1.2299e-06,4.5107e-07
7768.45,2.6042e-07,1.2305e-06,4.4846e-07
7782.06,2.4405e-07,1.2311e-06,4.4588e-07
7795.66,2.2815e-07,1.2317e-06,4.4332e-07
7809.27,2.1272e-07,1.2321e-06,4.4075e-07
7822.87,1.9776e-07,1.2324e-06,4.3817e-07
7836.48,1.8328e-07,1.2325e-06,4.3555e-07
7850.08,1.6927e-07,1.2323e-06,4.3288e-07
7863.69,1.5571e-07,1.2314e-06,4.3e-07
7877.29,1.4278e-07,1.2314e-06,4.2746e-07
7890.9,1.3077e-07,1.2349e-06,4.262e-07
7904.5,1.1878e-07,1.2338e-06,4.2337e-07
7918.11,1.0741e-07,1.2334e-06,4.2081e-07
7931.71,9.6602e-08,1.2331e-06,4.1835e-07
7945.32,8.6353e-08,1.233e-06,4.1595e-07
7958.92,7.666e-08,1.2329e-06,4.1361e-07
7972.53,6.7524e-08,1.2327e-06,4.1129e-07
7986.13,5.8945e-08,1.2325e-06,4.0899e-07
7999.74,5.0927e-08,1.2322e-06,4.0668e-07
8013.34,4.3474e-08,1.2316e-06,4.0434e-07
8026.95,3.6588e-08,1.2307e-06,4.0191e-07
8040.55,3.0253e-08,1.2285e-06,3.991e-07
8054.16,2.4541e-08,1.2274e-06,3.9669e-07
8067.76,1.9492e-08,1.2309e-06,3.958e-07
8081.37,1.4942e-08,1.2294e-06,3.9331e-07
8094.97,1.0996e-08,1.2282e-06,3.9098e-07
8108.58,7.6508e-09,1.2271e-06,3.8871e-07
8122.18,4.9079e-09,1.2261e-06,3.865e-07
8135.79,2.7692e-09,1.2252e-06,3.8435e-07
8149.39,1.2366e-09,1.2243e-06,3.8223e-07
8163.0,3.1269e-10,1.2234e-06,3.8015e-07
8176.6,3.0598e-14,1.2224e-06,3.7808e-07
8190.21,3.013e-10,1.2213e-06,3.76e-07
8203.81,1.2188e-09,1.2199e-06,3.7385e-07
8217.42,2.7514e-09,1.2169e-06,3.7128e-07
8231.02,4.9262e-09,1.2205e-06,3.7073e-07
8244.63,7.7043e-09,1.2174e-06,3.6817e-07
8258.23,1.1112e-08,1.2155e-06,3.66e-07
8271.84,1.5147e-08,1.2137e-06,3.6389e-07
8285.44,1.9812e-08,1.2118e-06,3.6181e-07
8299.05,2.511e-08,1.21e-06,3.5977e-07
8312.65,3.1043e-08,1.2083e-06,3.5777e-07
8326.26,3.7616e-08,1.2065e-06,3.5581e-07
8339.86,4.4831e-08,1.2049e-06,3.539e-07
8353.47,5.269e-08,1.2032e-06,3.5202e-07
8367.07,6.1196e-08,1.2015e-06,3.5015e-07
8380.68,7.0344e-08,1.1997e-06,3.4828e-07
8394.28,8.0093e-08,1.1971e-06,3.4623e-07
8407.89,9.0682e-08,1.1971e-06,3.4495e-07
8421.49,1.0174e-07,1.1946e-06,3.4296e-07
8435.1,1.1348e-07,1.1923e-06,3.4107e-07
8448.7,1.2585e-07,1.1899e-06,3.3919e-07
8462.31,1.3888e-07,1.1875e-06,3.3731e-07
8475.91,1.5255e-07,1.185e-06,3.3544e-07
8489.52,1.6687e-07,1.1824e-06,3.3358e-07
8503.12,1.8185e-07,1.1799e-06,3.3176e-07
8516.73,1.975e-07,1.1774e-06,3.2997e-07
8530.33,2.1381e-07,1.1749e-06,3.2822e-07
8543.94,2.308e-07,1.1725e-06,3.2651e-07
8557.54,2.4846e-07,1.1701e-06,3.2483e-07
8571.15,2.6678e-07,1.1677e-06,3.2317e-07
8584.75,2.8579e-07,1.1653e-06,3.2154e-07
8598.36,3.0542e-07,1.1627e-06,3.1989e-07
8611.96,3.257e-07,1.1601e-06,3.1824e-07
8625.57,3.4661e-07,1.1573e-06,3.1657e-07
8639.17,3.6813e-07,1.1543e-06,3.149e-07
8652.78,3.9028e-07,1.1513e-06,3.1321e-07
8666.38,4.1304e-07,1.1481e-06,3.1151e-07
8679.99,4.3644e-07,1.1448e-06,3.0982e-07
8693.59,4.6047e-07,1.1415e-06,3.0815e-07
8707.2,4.8516e-07,1.1383e-06,3.0649e-07
8720.8,5.1051e-07,1.135e-06,3.0487e-07
8734.41,5.3653e-07,1.1318e-06,3.0327e-07
8748.01,5.6316e-07,1.1284e-06,3.0167e-07
8761.62,5.9078e-07,1.1257e-06,3.0026e-07
8775.22,6.1891e-07,1.1226e-06,2.9879e-07
8788.83,6.4761e-07,1.1194e-06,2.9729e-07
8802.43,6.7695e-07,1.1161e-06,2.958e-07
8816.04,7.0689e-07,1.1128e-06,2.943e-07
8829.64,7.3742e-07,1.1093e-06,2.9279e-07
8843.25,7.6849e-07,1.1056e-06,2.9127e-07
8856.85,8.0012e-07,1.1019e-06,2.8974e-07
8870.46,8.3229e-07,1.098e-06,2.8819e-07
8884.06,8.6502e-07,1.094e-06,2.8664e-07
8897.67,8.9832e-07,1.09e-06,2.851e-07
8911.27,9.3216e-07,1.0859e-06,2.8355e-07
8924.88,9.6635e-07,1.0814e-06,2.8195e-07
8938.48,1.0022e-06,1.0781e-06,2.8066e-07
8952.09,1.0395e-06,1.0758e-06,2.7963e-07
8965.69,1.0757e-06,1.0714e-06,2.7811e-07
8979.3,1.1128e-06,1.0675e-06,2.767e-07
8992.9,1.1506e-06,1.0636e-06,2.7533e-07
9006.51,1.189e-06,1.0597e-06,2.7397e-07
9020.11,1.2279e-06,1.0557e-06,2.7261e-07
9033.72,1.2673e-06,1.0515e-06,2.7124e-07
9047.32,1.3071e-06,1.0473e-06,2.6985e-07
9060.93,1.3473e-06,1.0429e-06,2.6845e-07
9074.53,1.3879e-06,1.0383e-06,2.6702e-07
9088.14,1.4288e-06,1.0336e-06,2.6556e-07
9101.74,1.4698e-06,1.0286e-06,2.6404e-07
9115.35,1.5083e-06,1.0215e-06,2.6203e-07
9128.95,1.5627e-06,1.0247e-06,2.6265e-07
9142.56,1.6022e-06,1.0176e-06,2.6064e-07
9156.16,1.6455e-06,1.0126e-06,2.5921e-07
9169.77,1.6899e-06,1.008e-06,2.5789e-07
9183.37,1.7351e-06,1.0035e-06,2.5661e-07
9196.98,1.7809e-06,9.9907e-07,2.5536e-07
9210.58,1.8273e-06,9.9461e-07,2.5413e-07
9224.19,1.8741e-06,9.9008e-07,2.5289e-07
9237.79,1.9212e-06,9.8545e-07,2.5164e-07
9251.4,1.9687e-06,9.8067e-07,2.5037e-07
9265.0,2.0162e-06,9.7571e-07,2.4906e-07
9278.61,2.0637e-06,9.7046e-07,2.477e-07
9292.21,2.1101e-06,9.645e-07,2.4617e-07
9305.82,2.1598e-06,9.598e-07,2.4498e-07
9319.42,2.2196e-06,9.593e-07,2.4487e-07
9333.03,2.2663e-06,9.5279e-07,2.4324e-07
9346.63,2.3159e-06,9.4735e-07,2.4191e-07
9360.24,2.3667e-06,9.4219e-07,2.4065e-07
9373.84,2.4183e-06,9.3718e-07,2.3945e-07
9387.45,2.4707e-06,9.3226e-07,2.3829e-07
9401.05,2.5237e-06,9.2738e-07,2.3714e-07
9414.66,2.5772e-06,9.225e-07,2.3601e-07
9428.26,2.6311e-06,9.1757e-07,2.3489e-07
9441.87,2.6852e-06,9.1254e-07,2.3375e-07
9455.47,2.7392e-06,9.0734e-07,2.3258e-07
9469.08,2.7929e-06,9.0184e-07,2.3134e-07
9482.68,2.8438e-06,8.9536e-07,2.2986e-07
9496.29,2.8991e-06,8.9017e-07,2.2873e-07
9509.89,2.9683e-06,8.8899e-07,2.2864e-07
9523.5,3.021e-06,8.8269e-07,2.2725e-07
9537.1,3.0761e-06,8.7695e-07,2.2601e-07
9550.71,3.1321e-06,8.714e-07,2.2483e-07
9564.31,3.1889e-06,8.6596e-07,2.2369e-07
9577.92,3.2464e-06,8.6062e-07,2.2259e-07
9591.52,3.3047e-06,8.5535e-07,2.2152e-07
9605.13,3.3635e-06,8.5013e-07,2.2047e-07
9618.73,3.4229e-06,8.4494e-07,2.1944e-07
9632.34,3.4826e-06,8.3972e-07,2.1841e-07
9645.94,3.5424e-06,8.3443e-07,2.1737e-07
9659.55,3.6017e-06,8.2893e-07,2.1629e-07
9673.15,3.658e-06,8.2269e-07,2.1503e-07
9686.76,3.7175e-06,8.1708e-07,2.1394e-07
9700.36,3.7913e-06,8.145e-07,2.1365e-07
9713.97,3.8496e-06,8.0846e-07,2.1247e-07
9727.57,3.9094e-06,8.0265e-07,2.1135e-07
9741.18,3.9697e-06,7.9691e-07,2.1026e-07
9754.78,4.0305e-06,7.9121e-07,2.092e-07
9768.39,4.0918e-06,7.8555e-07,2.0815e-07
9781.99,4.1538e-06,7.7997e-07,2.0713e-07
9795.6,4.2164e-06,7.7445e-07,2.0613e-07
9809.2,4.2797e-06,7.69e-07,2.0516e-07
9822.81,4.3436e-06,7.6359e-07,2.0422e-07
9836.41,4.4079e-06,7.5821e-07,2.0328e-07
9850.02,4.4723e-06,7.5278e-07,2.0234e-07
9863.62,4.5356e-06,7.4714e-07,2.0135e-07
9877.23,4.5988e-06,7.4143e-07,2.0035e-07
9890.83,4.6709e-06,7.371e-07,1.9974e-07
9904.44,4.7346e-06,7.3139e-07,1.9875e-07
9918.04,4.7986e-06,7.257e-07,1.9778e-07
9931.65,4.8625e-06,7.1997e-07,1.968e-07
9945.25,4.9264e-06,7.142e-07,1.9582e-07
9958.86,4.9902e-06,7.0843e-07,1.9484e-07
9972.46,5.0542e-06,7.0266e-07,1.9387e-07
9986.07,5.1186e-06,6.9694e-07,1.9292e-07
9999.67,5.1835e-06,6.9127e-07,1.9199e-07
