,1s,1s,1s,2s,2s,2s
,x,y,z,x,y,z
0,,,,,,
13.6,,,,0.56547,0.57013,0.59548
27.21,,,,0.21682,0.2187,0.22589
40.81,,,,0.1057,0.10708,0.10999
54.42,,,,0.060245,0.060958,0.062373
68.02,0.8859,0.89861,0.9061,0.03823,0.038404,0.039165
81.63,0.68349,0.69439,0.69905,0.025789,0.026014,0.026443
95.23,0.53855,0.54797,0.5507,0.018065,0.018577,0.01884
108.84,0.43228,0.44048,0.4419,0.013686,0.013817,0.013984
122.44,0.35259,0.35979,0.3603,0.010453,0.010622,0.010718
136.05,0.29159,0.29795,0.29782,0.0081236,0.0083615,0.0084251
149.65,0.24404,0.24968,0.2491,0.0066847,0.0067278,0.0067595
163.26,0.20636,0.21139,0.2105,0.0052863,0.0054974,0.0055146
176.86,0.17608,0.18058,0.17946,0.0045387,0.0045596,0.0045617
190.47,0.15145,0.15547,0.1542,0.0036621,0.0038217,0.0038178
204.07,0.13117,0.1348,0.13343,0.0032097,0.0032395,0.0032271
217.68,0.11434,0.11761,0.11618,0.0026678,0.0027651,0.0027514
231.28,0.10025,0.1032,0.10174,0.0023191,0.0023829,0.0023636
244.89,0.08837,0.091029,0.08956,0.0020352,0.0020627,0.0020442
258.49,0.078283,0.080684,0.079221,0.0017026,0.0018,0.0017787
272.1,0.069666,0.071838,0.070392,0.0015842,0.0015776,0.0015563
285.7,0.062264,0.06423,0.06281,0.0013146,0.0013893,0.0013685
299.31,0.055873,0.057656,0.056267,0.0011986,0.0012313,0.0012091
312.91,0.05033,0.051948,0.050594,0.0010871,0.0010934,0.0010728
326.52,0.0455,0.046968,0.045652,0.00090866,0.0009766,0.00095583
340.12,0.041276,0.042607,0.041331,0.00087249,0.00087559,0.00085484
353.73,0.037565,0.03877,0.037535,0.00076897,0.0007864,0.00076725
367.33,0.034292,0.035383,0.034189,0.00065938,0.00071031,0.00069096
380.94,0.031395,0.032381,0.031229,0.00064826,0.00064306,0.00062426
394.54,0.02882,0.029711,0.028599,0.00056801,0.00058309,0.00056569
408.15,0.026523,0.027328,0.026256,0.00049119,0.00053146,0.00051407
421.75,0.024468,0.025195,0.024162,0.00049033,0.00048529,0.00046844
435.36,0.022625,0.023278,0.022283,0.00043745,0.00044354,0.00042795
448.96,0.020965,0.021551,0.020593,0.00037292,0.00040728,0.00039191
462.57,0.019468,0.019992,0.01907,0.00037391,0.00037478,0.00035975
476.17,0.018113,0.018578,0.017691,0.00034993,0.00034488,0.00033095
489.78,0.016883,0.017294,0.016441,0.00029245,0.00031855,0.00030509
503.38,0.015764,0.016126,0.015305,0.00028417,0.00029515,0.00028182
516.99,0.014743,0.015059,0.01427,0.00028506,0.00027334,0.00026083
530.59,0.013809,0.014083,0.013324,0.00024232,0.00025362,0.00024184
544.2,0.012953,0.013189,0.012459,0.00021672,0.00023628,0.00022463
557.8,0.012168,0.012367,0.011666,0.00022615,0.00022023,0.00020899
571.41,0.011446,0.011612,0.010937,0.00021098,0.00020522,0.00019476
585.01,0.010781,0.010915,0.010267,0.00017578,0.00019187,0.00018178
598.62,0.010167,0.010272,0.0096493,0.00017114,0.00017988,0.00016992
612.22,0.0096001,0.0096777,0.0090789,0.00017936,0.00016851,0.00015907
625.83,0.0090754,0.0091271,0.0085517,0.00015872,0.00015795,0.00014911
639.43,0.0085888,0.0086166,0.0080636,0.00013461,0.00014859,0.00013997
653.04,0.0081369,0.0081424,0.007611,0.00013783,0.00014,0.00013155
666.64,0.0077165,0.0077016,0.007191,0.00014322,0.00013176,0.0001238
680.25,0.0073251,0.0072912,0.0068006,0.00012394,0.00012413,0.00011664
693.85,0.0069601,0.0069087,0.0064373,0.00010626,0.00011735,0.00011003
707.46,0.0066194,0.0065517,0.0060988,0.00011091,0.00011107,0.00010391
721.06,0.0063012,0.0062183,0.0057831,0.00011609,0.00010498,9.8232e-05
734.67,0.0060037,0.0059065,0.0054884,0.00010074,9.9318e-05,9.2965e-05
748.27,0.0057252,0.0056146,0.0052129,8.5471e-05,9.4269e-05,8.8069e-05
761.88,0.0054643,0.005341,0.0049552,8.8629e-05,8.959e-05,8.3512e-05
775.48,0.0052195,0.0050843,0.0047137,9.5402e-05,8.5025e-05,7.9265e-05
789.09,0.0049896,0.0048434,0.0044874,8.541e-05,8.0708e-05,7.5303e-05
802.69,0.0047734,0.0046169,0.0042751,7.0729e-05,7.6838e-05,7.1602e-05
816.3,0.0045698,0.0044039,0.0040756,7.0257e-05,7.3291e-05,6.8139e-05
829.9,0.0043779,0.0042033,0.003888,7.8099e-05,6.9827e-05,6.4896e-05
843.51,0.0041968,0.0040143,0.0037116,7.4789e-05,6.6472e-05,6.1856e-05
857.11,0.0040258,0.003836,0.0035454,6.1386e-05,6.3416e-05,5.9002e-05
870.72,0.0038642,0.0036677,0.0033888,5.5907e-05,6.0662e-05,5.6321e-05
884.32,0.0037114,0.0035087,0.003241,6.1983e-05,5.8014e-05,5.3798e-05
897.93,0.0035669,0.0033585,0.0031015,6.5432e-05,5.5392e-05,5.1424e-05
911.53,0.00343,0.0032162,0.0029697,5.6628e-05,5.292e-05,4.9184e-05
925.14,0.0033004,0.0030815,0.002845,4.7e-05,5.0702e-05,4.7072e-05
938.74,0.0031775,0.0029539,0.0027271,4.7713e-05,4.8645e-05,4.5077e-05
952.35,0.0030608,0.0028329,0.0026154,5.4244e-05,4.6605e-05,4.3191e-05
965.95,0.00295,0.0027182,0.0025096,5.3382e-05,4.46e-05,4.1407e-05
979.56,0.0028446,0.0026091,0.0024093,4.3949e-05,4.2748e-05,3.9718e-05
993.16,0.0027443,0.0025056,0.0023141,3.8061e-05,4.1083e-05,3.8117e-05
1006.77,0.0026487,0.0024071,0.0022237,4.1184e-05,3.9499e-05,3.6599e-05
1020.37,0.0025575,0.0023135,0.0021378,4.6457e-05,3.7908e-05,3.5158e-05
1033.98,0.0024705,0.0022243,0.0020562,4.3718e-05,3.6356e-05,3.3788e-05
1047.58,0.0023875,0.0021394,0.0019785,3.5358e-05,3.4937e-05,3.2487e-05
1061.19,0.0023082,0.0020586,0.0019046,3.1533e-05,3.3653e-05,3.125e-05
1074.79,0.0022326,0.0019815,0.0018342,3.513e-05,3.2414e-05,3.0072e-05
1088.4,0.0021603,0.0019079,0.0017672,3.9592e-05,3.1162e-05,2.8951e-05
1102.0,0.0020912,0.0018378,0.0017033,3.6851e-05,2.9941e-05,2.7882e-05
1115.61,0.0020251,0.0017708,0.0016423,2.9606e-05,2.8825e-05,2.6863e-05
1129.21,0.0019619,0.0017068,0.0015842,2.6314e-05,2.7814e-05,2.5891e-05
1142.82,0.0019014,0.0016457,0.0015287,2.939e-05,2.6838e-05,2.4963e-05
1156.42,0.0018435,0.0015872,0.0014757,3.3675e-05,2.5846e-05,2.4077e-05
1170.03,0.0017879,0.0015313,0.001425,3.2068e-05,2.487e-05,2.3231e-05
1183.63,0.0017345,0.0014778,0.0013766,2.5832e-05,2.3972e-05,2.2422e-05
1197.24,0.0016832,0.0014266,0.0013302,2.2148e-05,2.3162e-05,2.1648e-05
1210.84,0.001634,0.0013776,0.001286,2.405e-05,2.2388e-05,2.0909e-05
1224.45,0.0015866,0.0013306,0.0012435,2.8298e-05,2.1601e-05,2.02e-05
1238.05,0.0015411,0.0012856,0.0012029,2.8491e-05,2.0814e-05,1.9522e-05
1251.66,0.0014973,0.0012424,0.001164,2.352e-05,2.0077e-05,1.8873e-05
1265.26,0.0014551,0.001201,0.0011267,1.9071e-05,1.9415e-05,1.825e-05
1278.87,0.0014146,0.0011614,0.001091,1.9209e-05,1.8797e-05,1.7654e-05
1292.47,0.0013755,0.0011233,0.0010567,2.2893e-05,1.8176e-05,1.7082e-05
1306.08,0.0013379,0.0010867,0.0010238,2.5094e-05,1.7542e-05,1.6533e-05
1319.68,0.0013018,0.0010516,0.00099224,2.2262e-05,1.6931e-05,1.6007e-05
1333.29,0.0012669,0.0010178,0.00096191,1.7491e-05,1.6376e-05,1.5501e-05
1346.89,0.0012334,0.00098539,0.00093282,1.5596e-05,1.5872e-05,1.5017e-05
1360.5,0.001201,0.00095417,0.00090481,1.7719e-05,1.5381e-05,1.455e-05
1374.1,0.0011697,0.00092417,0.0008779,2.1097e-05,1.4877e-05,1.4102e-05
1387.71,0.0011395,0.00089531,0.00085203,2.1186e-05,1.437e-05,1.3672e-05
1401.31,0.0011104,0.00086754,0.00082714,1.7386e-05,1.3896e-05,1.3258e-05
1414.92,0.0010821,0.00084078,0.00080317,1.38e-05,1.347e-05,1.286e-05
1428.52,0.0010548,0.00081507,0.00078014,1.3501e-05,1.3075e-05,1.2477e-05
1442.13,0.0010283,0.00079026,0.00075793,1.621e-05,1.2679e-05,1.2109e-05
1455.73,0.0010027,0.00076636,0.00073654,1.8746e-05,1.2271e-05,1.1754e-05
1469.34,0.00097788,0.00074334,0.00071593,1.7703e-05,1.1867e-05,1.1413e-05
1482.94,0.00095385,0.00072113,0.00069605,1.3996e-05,1.1495e-05,1.1084e-05
1496.55,0.0009306,0.00069974,0.00067691,1.1368e-05,1.1162e-05,1.0768e-05
1510.15,0.00090806,0.00067908,0.00065842,1.1764e-05,1.0847e-05,1.0463e-05
1523.76,0.00088623,0.00065914,0.00064058,1.444e-05,1.0527e-05,1.0168e-05
1537.36,0.00086509,0.00063991,0.00062337,1.6413e-05,1.0196e-05,9.8848e-06
1550.97,0.00084462,0.00062134,0.00060675,1.5089e-05,9.8719e-06,9.6114e-06
1564.57,0.00082477,0.00060341,0.0005907,1.175e-05,9.575e-06,9.3477e-06
1578.18,0.00080553,0.0005861,0.0005752,9.591e-06,9.3089e-06,9.0934e-06
1591.78,0.00078684,0.00056936,0.00056021,1.0078e-05,9.0568e-06,8.8478e-06
1605.39,0.00076869,0.00055318,0.00054573,1.2511e-05,8.7988e-06,8.6107e-06
1618.99,0.00075105,0.00053755,0.00053172,1.4339e-05,8.5311e-06,8.3818e-06
1632.6,0.0007339,0.00052243,0.00051818,1.3279e-05,8.2677e-06,8.1607e-06
1646.2,0.00071721,0.00050782,0.00050508,1.032e-05,8.0261e-06,7.9473e-06
1659.81,0.00070097,0.00049369,0.00049241,8.227e-06,7.8102e-06,7.7411e-06
1673.41,0.00068515,0.00048001,0.00048014,8.3969e-06,7.6074e-06,7.5418e-06
1687.02,0.00066974,0.00046678,0.00046825,1.0439e-05,7.4009e-06,7.349e-06
1700.62,0.00065474,0.00045397,0.00045675,1.237e-05,7.1849e-06,7.1626e-06
1714.23,0.00064012,0.00044156,0.0004456,1.1954e-05,6.9692e-06,6.9823e-06
1727.83,0.00062592,0.00042957,0.00043481,9.4702e-06,6.7693e-06,6.8082e-06
1741.44,0.00061209,0.00041795,0.00042436,7.2612e-06,6.5909e-06,6.6396e-06
1755.04,0.00059863,0.0004067,0.00041422,6.885e-06,6.4266e-06,6.4765e-06
1768.65,0.00058552,0.00039579,0.00040439,8.3747e-06,6.262e-06,6.3185e-06
1782.25,0.00057276,0.00038522,0.00039485,1.0431e-05,6.0889e-06,6.1655e-06
1795.86,0.00056033,0.00037497,0.00038559,1.0919e-05,5.9116e-06,6.0172e-06
1809.46,0.00054828,0.00036507,0.00037665,9.1689e-06,5.7433e-06,5.8742e-06
1823.07,0.0005365,0.00035545,0.00036795,6.861e-06,5.5919e-06,5.7352e-06
1836.67,0.00052502,0.00034613,0.00035951,5.7994e-06,5.4558e-06,5.6006e-06
1850.28,0.00051383,0.00033709,0.00035131,6.4914e-06,5.3242e-06,5.4701e-06
1863.88,0.0005029,0.00032832,0.00034335,8.3429e-06,5.187e-06,5.3436e-06
1877.49,0.00049221,0.0003198,0.00033561,9.686e-06,5.0428e-06,5.2207e-06
1891.09,0.00048182,0.00031157,0.00032814,9.0393e-06,4.9006e-06,5.1022e-06
1904.7,0.00047162,0.00030356,0.00032084,6.9626e-06,4.7693e-06,4.9866e-06
1918.3,0.00046166,0.00029579,0.00031376,5.2608e-06,4.6531e-06,4.8747e-06
1931.91,0.00045192,0.00028825,0.00030688,4.9823e-06,4.5461e-06,4.7661e-06
1945.51,0.0004424,0.00028094,0.00030019,6.1352e-06,4.4385e-06,4.6606e-06
1959.12,0.00043309,0.00027383,0.00029368,7.8428e-06,4.3243e-06,4.5582e-06
1972.72,0.00042404,0.00026696,0.00028739,8.5038e-06,4.2066e-06,4.4592e-06
1986.33,0.00041513,0.00026025,0.00028122,7.3455e-06,4.0922e-06,4.3623e-06
1999.93,0.00040644,0.00025374,0.00027524,5.43e-06,3.9893e-06,4.2685e-06
2013.54,0.00039797,0.00024743,0.00026943,4.2424e-06,3.898e-06,4.1773e-06
2027.14,0.0003897,0.0002413,0.00026377,4.3724e-06,3.8121e-06,4.0888e-06
2040.75,0.00038163,0.00023534,0.00025827,5.6459e-06,3.7237e-06,4.0027e-06
2054.35,0.00037372,0.00022954,0.0002529,7.1272e-06,3.629e-06,3.9187e-06
2067.96,0.00036605,0.00022393,0.0002477,7.4254e-06,3.5323e-06,3.8376e-06
2081.56,0.00035852,0.00021846,0.00024262,6.1679e-06,3.4398e-06,3.7583e-06
2095.17,0.00035115,0.00021314,0.00023767,4.4794e-06,3.3572e-06,3.6812e-06
2108.77,0.00034396,0.00020798,0.00023286,3.5636e-06,3.2838e-06,3.6062e-06
2122.38,0.00033691,0.00020296,0.00022817,3.8097e-06,3.2139e-06,3.5332e-06
2135.98,0.00033002,0.00019808,0.00022361,5.0165e-06,3.1412e-06,3.4622e-06
2149.59,0.00032327,0.00019334,0.00021916,6.3297e-06,3.0634e-06,3.3931e-06
2163.19,0.00031664,0.00018872,0.00021482,6.5404e-06,2.9834e-06,3.3257e-06
2176.8,0.00031014,0.00018423,0.00021059,5.3794e-06,2.9073e-06,3.26e-06
2190.4,0.00030377,0.00017986,0.00020647,3.8554e-06,2.8395e-06,3.196e-06
2204.01,0.00029753,0.00017561,0.00020245,3.0123e-06,2.7795e-06,3.1336e-06
2217.61,0.00029141,0.00017148,0.00019854,3.1837e-06,2.7226e-06,3.0729e-06
2231.22,0.00028542,0.00016746,0.00019472,4.2265e-06,2.6635e-06,3.0137e-06
2244.82,0.00027954,0.00016355,0.000191,5.4629e-06,2.5997e-06,2.956e-06
2258.43,0.00027379,0.00015975,0.00018737,5.8189e-06,2.5335e-06,2.8997e-06
2272.03,0.00026815,0.00015604,0.00018383,4.9064e-06,2.4699e-06,2.8447e-06
2285.64,0.00026263,0.00015243,0.00018036,3.5109e-06,2.4128e-06,2.7911e-06
2299.24,0.00025723,0.00014892,0.00017699,2.6108e-06,2.3627e-06,2.7388e-06
2312.85,0.00025195,0.0001455,0.00017369,2.5812e-06,2.3162e-06,2.6877e-06
2326.45,0.00024679,0.00014218,0.00017048,3.3699e-06,2.2684e-06,2.638e-06
2340.06,0.00024173,0.00013894,0.00016735,4.5283e-06,2.2167e-06,2.5894e-06
2353.66,0.00023678,0.00013579,0.00016429,5.1418e-06,2.162e-06,2.5419e-06
2367.27,0.00023193,0.00013272,0.00016129,4.6092e-06,2.1083e-06,2.4955e-06
2380.87,0.00022718,0.00012973,0.00015837,3.3771e-06,2.0593e-06,2.4502e-06
2394.48,0.00022252,0.00012681,0.00015552,2.3668e-06,2.0165e-06,2.4059e-06
2408.08,0.00021795,0.00012397,0.00015273,2.0683e-06,1.9778e-06,2.3627e-06
2421.69,0.00021347,0.00012121,0.00015,2.5274e-06,1.9394e-06,2.3204e-06
2435.29,0.00020907,0.00011852,0.00014735,3.5254e-06,1.8981e-06,2.2793e-06
2448.9,0.00020476,0.0001159,0.00014475,4.3993e-06,1.8535e-06,2.2389e-06
2462.5,0.00020052,0.00011334,0.00014221,4.3822e-06,1.808e-06,2.1995e-06
2476.11,0.00019635,0.00011085,0.00013973,3.4555e-06,1.7652e-06,2.1609e-06
2489.71,0.00019225,0.00010842,0.0001373,2.3662e-06,1.7274e-06,2.1232e-06
2503.32,0.00018823,0.00010605,0.00013492,1.7678e-06,1.6942e-06,2.0862e-06
2516.92,0.00018428,0.00010374,0.0001326,1.838e-06,1.6629e-06,2.0501e-06
2530.53,0.00018043,0.00010151,0.00013034,2.5176e-06,1.6305e-06,2.015e-06
2544.13,0.00017663,9.9315e-05,0.00012812,3.4656e-06,1.5949e-06,1.9805e-06
2557.74,0.00017291,9.7181e-05,0.00012596,3.9768e-06,1.557e-06,1.9467e-06
2571.34,0.00016926,9.5101e-05,0.00012383,3.5752e-06,1.5197e-06,1.9137e-06
2584.95,0.00016568,9.3071e-05,0.00012176,2.5858e-06,1.4856e-06,1.8814e-06
2598.55,0.00016218,9.109e-05,0.00011972,1.7269e-06,1.456e-06,1.8497e-06
2612.16,0.00015873,8.9152e-05,0.00011772,1.3967e-06,1.4296e-06,1.8185e-06
2625.76,0.0001554,8.7287e-05,0.0001158,1.642e-06,1.4042e-06,1.7885e-06
2639.37,0.0001521,8.545e-05,0.0001139,2.367e-06,1.3767e-06,1.7588e-06
2652.97,0.00014888,8.366e-05,0.00011203,3.1809e-06,1.3464e-06,1.7297e-06
2666.58,0.00014572,8.1916e-05,0.00011021,3.4472e-06,1.3148e-06,1.7012e-06
2680.18,0.00014262,8.0215e-05,0.00010843,2.9082e-06,1.2842e-06,1.6734e-06
2693.79,0.00013957,7.8555e-05,0.00010668,1.9994e-06,1.2568e-06,1.6461e-06
2707.39,0.00013657,7.6927e-05,0.00010496,1.3234e-06,1.233e-06,1.6192e-06
2721.0,0.00013367,7.5365e-05,0.00010331,1.1313e-06,1.2121e-06,1.5933e-06
2734.6,0.00013078,7.3817e-05,0.00010166,1.4271e-06,1.1908e-06,1.5676e-06
2748.21,0.00012795,7.2311e-05,0.00010005,2.1159e-06,1.1678e-06,1.5424e-06
2761.81,0.00012517,7.0844e-05,9.8478e-05,2.8209e-06,1.1424e-06,1.5177e-06
2775.42,0.00012244,6.9413e-05,9.6938e-05,2.9875e-06,1.116e-06,1.4936e-06
2789.02,0.00011976,6.8017e-05,9.543e-05,2.4509e-06,1.0907e-06,1.47e-06
2802.63,0.00011712,6.6653e-05,9.395e-05,1.637e-06,1.0682e-06,1.4468e-06
2816.23,0.00011453,6.5319e-05,9.2496e-05,1.0597e-06,1.0488e-06,1.424e-06
2829.84,0.000112,6.4028e-05,9.1088e-05,9.0579e-07,1.0316e-06,1.402e-06
2843.44,0.0001095,6.2759e-05,8.9693e-05,1.1698e-06,1.0142e-06,1.3801e-06
2857.05,0.00010705,6.152e-05,8.8327e-05,1.7816e-06,9.9522e-07,1.3587e-06
2870.65,0.00010465,6.0312e-05,8.6989e-05,2.4268e-06,9.7417e-07,1.3377e-06
2884.26,0.0001023,5.9133e-05,8.5679e-05,2.6126e-06,9.5214e-07,1.3171e-06
2897.86,9.9993e-05,5.7984e-05,8.4395e-05,2.1632e-06,9.3091e-07,1.297e-06
2911.47,9.7735e-05,5.686e-05,8.3135e-05,1.4329e-06,9.12e-07,1.2772e-06
2925.07,9.553e-05,5.5767e-05,8.1906e-05,8.8742e-07,8.9592e-07,1.258e-06
2938.68,9.3361e-05,5.4695e-05,8.0693e-05,7.0613e-07,8.8164e-07,1.2389e-06
2952.28,9.1237e-05,5.3648e-05,7.9503e-05,8.8309e-07,8.6758e-07,1.2203e-06
2965.89,8.9156e-05,5.2625e-05,7.8335e-05,1.3837e-06,8.5223e-07,1.2019e-06
2979.49,8.7117e-05,5.1627e-05,7.7191e-05,1.9921e-06,8.3506e-07,1.184e-06
2993.1,8.5119e-05,5.0652e-05,7.6069e-05,2.2777e-06,8.1674e-07,1.1664e-06
3006.7,8.3161e-05,4.9701e-05,7.4969e-05,1.9897e-06,7.9875e-07,1.1492e-06
3020.31,8.1241e-05,4.8773e-05,7.3891e-05,1.3549e-06,7.8252e-07,1.1322e-06
3033.91,7.9357e-05,4.7866e-05,7.2834e-05,8.0542e-07,7.6868e-07,1.1157e-06
3047.52,7.7506e-05,4.6979e-05,7.1795e-05,5.5953e-07,7.5673e-07,1.0994e-06
3061.12,7.5687e-05,4.6112e-05,7.0775e-05,6.2108e-07,7.454e-07,1.0834e-06
3074.73,7.3899e-05,4.5265e-05,6.9772e-05,9.7564e-07,7.3326e-07,1.0677e-06
3088.33,7.2142e-05,4.4436e-05,6.8787e-05,1.519e-06,7.1955e-07,1.0523e-06
3101.94,7.0417e-05,4.3627e-05,6.782e-05,1.919e-06,7.0453e-07,1.0371e-06
3115.54,6.8723e-05,4.2837e-05,6.6872e-05,1.8483e-06,6.8928e-07,1.0223e-06
3129.15,6.7062e-05,4.2065e-05,6.5943e-05,1.3539e-06,6.7514e-07,1.0077e-06
3142.75,6.5432e-05,4.1313e-05,6.5032e-05,8.0098e-07,6.6296e-07,9.935e-07
3156.36,6.3832e-05,4.0577e-05,6.4136e-05,4.7336e-07,6.5269e-07,9.795e-07
3169.96,6.2262e-05,3.9857e-05,6.3256e-05,4.1397e-07,6.4347e-07,9.6574e-07
3183.57,6.0722e-05,3.9153e-05,6.239e-05,6.0322e-07,6.3405e-07,9.5222e-07
3197.17,5.9212e-05,3.8464e-05,6.1539e-05,1.0231e-06,6.2347e-07,9.3893e-07
3210.78,5.7733e-05,3.779e-05,6.0702e-05,1.4891e-06,6.1149e-07,9.2587e-07
3224.38,5.6284e-05,3.7131e-05,5.9878e-05,1.6652e-06,5.9875e-07,9.1303e-07
3237.99,5.4866e-05,3.6487e-05,5.907e-05,1.3954e-06,5.8635e-07,9.0043e-07
3251.59,5.3488e-05,3.5863e-05,5.8287e-05,8.9069e-07,5.754e-07,8.8822e-07
3265.2,5.2133e-05,3.5249e-05,5.7508e-05,4.804e-07,5.6615e-07,8.761e-07
3278.8,5.0807e-05,3.4649e-05,5.6744e-05,3.0275e-07,5.5831e-07,8.6421e-07
3292.41,4.951e-05,3.4062e-05,5.5994e-05,3.3732e-07,5.5095e-07,8.5254e-07
3306.01,4.824e-05,3.3488e-05,5.5255e-05,5.8267e-07,5.4301e-07,8.4105e-07
3319.62,4.6995e-05,3.2925e-05,5.4527e-05,1.0023e-06,5.3384e-07,8.2975e-07
3333.22,4.5775e-05,3.2374e-05,5.381e-05,1.3721e-06,5.2354e-07,8.1861e-07
3346.83,4.4579e-05,3.1834e-05,5.3104e-05,1.406e-06,5.1283e-07,8.0766e-07
3360.43,4.3422e-05,3.1317e-05,5.2427e-05,1.0686e-06,5.0287e-07,7.9717e-07
3374.04,4.2273e-05,3.0801e-05,5.1745e-05,6.1733e-07,4.9409e-07,7.8661e-07
3387.64,4.1151e-05,3.0299e-05,5.1078e-05,3.1201e-07,4.8687e-07,7.7628e-07
3401.25,4.005e-05,2.9808e-05,5.0424e-05,2.0932e-07,4.8071e-07,7.6615e-07
3414.85,3.8971e-05,2.9328e-05,4.978e-05,2.7629e-07,4.7473e-07,7.5619e-07
3428.46,3.7911e-05,2.8857e-05,4.9145e-05,5.2435e-07,4.6806e-07,7.4639e-07
3442.06,3.6871e-05,2.8396e-05,4.8519e-05,9.0654e-07,4.6027e-07,7.3673e-07
3455.67,3.5845e-05,2.794e-05,4.7896e-05,1.2008e-06,4.515e-07,7.2712e-07
3469.27,3.4864e-05,2.7514e-05,4.7316e-05,1.1734e-06,4.4282e-07,7.1817e-07
3482.88,3.3879e-05,2.7078e-05,4.6713e-05,8.3977e-07,4.3445e-07,7.0888e-07
3496.48,3.2919e-05,2.6655e-05,4.6127e-05,4.5035e-07,4.2737e-07,6.9986e-07
3510.09,3.1981e-05,2.6243e-05,4.5553e-05,2.1033e-07,4.2161e-07,6.9102e-07
3523.69,3.1064e-05,2.5841e-05,4.4988e-05,1.3958e-07,4.1671e-07,6.8235e-07
3537.3,3.0168e-05,2.5447e-05,4.4433e-05,2.0244e-07,4.119e-07,6.7382e-07
3550.9,2.9291e-05,2.5061e-05,4.3886e-05,4.1726e-07,4.0645e-07,6.6542e-07
3564.51,2.8432e-05,2.4681e-05,4.3344e-05,7.4812e-07,4e-07,6.5711e-07
3578.11,2.7588e-05,2.4305e-05,4.2803e-05,1.0013e-06,3.9268e-07,6.488e-07
3591.72,2.6785e-05,2.3955e-05,4.2302e-05,9.7424e-07,3.8546e-07,6.4113e-07
3605.32,2.5986e-05,2.3599e-05,4.1785e-05,6.8319e-07,3.7856e-07,6.3321e-07
3618.93,2.5208e-05,2.3252e-05,4.1278e-05,3.4784e-07,3.7272e-07,6.2546e-07
3632.53,2.4449e-05,2.2912e-05,4.078e-05,1.4523e-07,3.6803e-07,6.1784e-07
3646.14,2.371e-05,2.2581e-05,4.0291e-05,8.4702e-08,3.6411e-07,6.1037e-07
3659.74,2.2988e-05,2.2257e-05,3.981e-05,1.2637e-07,3.603e-07,6.0303e-07
3673.35,2.2284e-05,2.1939e-05,3.9336e-05,2.9182e-07,3.5597e-07,5.9579e-07
3686.95,2.1593e-05,2.1626e-05,3.8865e-05,5.7336e-07,3.5074e-07,5.8861e-07
3700.56,2.0928e-05,2.1328e-05,3.8418e-05,8.1934e-07,3.449e-07,5.8179e-07
3714.16,2.0269e-05,2.1028e-05,3.796e-05,8.3577e-07,3.3865e-07,5.7482e-07
3727.77,1.9627e-05,2.0735e-05,3.7512e-05,6.0447e-07,3.3279e-07,5.68e-07
3741.37,1.8999e-05,2.0448e-05,3.7072e-05,3.0552e-07,3.278e-07,5.613e-07
3754.98,1.8385e-05,2.0168e-05,3.6638e-05,1.1298e-07,3.2383e-07,5.5471e-07
3768.58,1.7786e-05,1.9894e-05,3.6212e-05,4.8111e-08,3.2062e-07,5.4823e-07
3782.19,1.7201e-05,1.9626e-05,3.5794e-05,6.2212e-08,3.1764e-07,5.4187e-07
3795.79,1.6629e-05,1.9364e-05,3.5382e-05,1.6712e-07,3.1431e-07,5.3561e-07
3809.4,1.607e-05,1.9107e-05,3.4974e-05,3.8908e-07,3.1023e-07,5.2943e-07
3823.0,1.5526e-05,1.8858e-05,3.4578e-05,6.3558e-07,3.0545e-07,5.2341e-07
3836.61,1.4992e-05,1.8611e-05,3.4182e-05,7.2404e-07,3.0024e-07,5.1741e-07
3850.21,1.4471e-05,1.8369e-05,3.3792e-05,5.7604e-07,2.9517e-07,5.115e-07
3863.82,1.3963e-05,1.8133e-05,3.3408e-05,3.1181e-07,2.9074e-07,5.0567e-07
3877.42,1.3468e-05,1.7901e-05,3.3029e-05,1.1042e-07,2.872e-07,4.9993e-07
3891.03,1.2986e-05,1.7674e-05,3.2656e-05,3.024e-08,2.8446e-07,4.9429e-07
3904.63,1.2517e-05,1.7452e-05,3.229e-05,2.1538e-08,2.8211e-07,4.8874e-07
3918.24,1.2061e-05,1.7236e-05,3.1929e-05,6.6701e-08,2.7963e-07,4.8329e-07
3931.84,1.1618e-05,1.7024e-05,3.1575e-05,2.0909e-07,2.766e-07,4.7792e-07
3945.45,1.1187e-05,1.6816e-05,3.1225e-05,4.3076e-07,2.7286e-07,4.7263e-07
3959.05,1.0769e-05,1.6613e-05,3.088e-05,5.9124e-07,2.6859e-07,4.6741e-07
3972.66,1.0363e-05,1.6413e-05,3.0539e-05,5.5592e-07,2.6421e-07,4.6226e-07
3986.26,9.968e-06,1.6217e-05,3.0203e-05,3.5291e-07,2.6019e-07,4.5718e-07
3999.87,9.5848e-06,1.6025e-05,2.9871e-05,1.4082e-07,2.5688e-07,4.5215e-07
4013.47,9.2128e-06,1.5837e-05,2.9543e-05,3.1475e-08,2.5435e-07,4.472e-07
4027.08,8.8519e-06,1.5652e-05,2.922e-05,6.2782e-09,2.5237e-07,4.4233e-07
4040.68,8.5017e-06,1.5472e-05,2.8903e-05,1.3851e-08,2.5051e-07,4.3753e-07
4054.29,8.1623e-06,1.5296e-05,2.8591e-05,7.4738e-08,2.4836e-07,4.3282e-07
4067.89,7.8331e-06,1.5125e-05,2.8286e-05,2.2965e-07,2.4563e-07,4.282e-07
4081.5,7.513e-06,1.4956e-05,2.7982e-05,4.2032e-07,2.4227e-07,4.2362e-07
4095.1,7.202e-06,1.4791e-05,2.7684e-05,5.036e-07,2.3856e-07,4.1911e-07
4108.71,6.8998e-06,1.4628e-05,2.7388e-05,4.0512e-07,2.3492e-07,4.1465e-07
4122.31,6.6061e-06,1.4469e-05,2.7096e-05,2.0859e-07,2.3173e-07,4.1023e-07
4135.92,6.3206e-06,1.4313e-05,2.6808e-05,5.8017e-08,2.2921e-07,4.0588e-07
4149.52,6.0433e-06,1.4159e-05,2.6523e-05,5.3687e-09,2.2735e-07,4.0157e-07
4163.13,5.774e-06,1.4008e-05,2.6241e-05,3.2933e-10,2.2585e-07,3.9731e-07
4176.73,5.5128e-06,1.3861e-05,2.5964e-05,8.8811e-09,2.2434e-07,3.9312e-07
4190.34,5.2612e-06,1.3721e-05,2.57e-05,7.1813e-08,2.2254e-07,3.8913e-07
4203.94,5.0157e-06,1.358e-05,2.5431e-05,2.1837e-07,2.2009e-07,3.8506e-07
4217.55,4.778e-06,1.3443e-05,2.5167e-05,3.7297e-07,2.1714e-07,3.8107e-07
4231.15,4.5481e-06,1.3308e-05,2.4907e-05,4.0885e-07,2.1397e-07,3.7714e-07
4244.76,4.3255e-06,1.3176e-05,2.465e-05,2.9173e-07,2.1094e-07,3.7325e-07
4258.36,4.1104e-06,1.3046e-05,2.4395e-05,1.2232e-07,2.0837e-07,3.694e-07
4271.97,3.9026e-06,1.2918e-05,2.4143e-05,1.9707e-08,2.0643e-07,3.6559e-07
4285.57,3.702e-06,1.2792e-05,2.3893e-05,8.2576e-11,2.0502e-07,3.6181e-07
4299.18,3.5087e-06,1.2669e-05,2.3647e-05,1.91e-09,2.039e-07,3.5808e-07
4312.78,3.3248e-06,1.2556e-05,2.3418e-05,2.1778e-09,2.0284e-07,3.5462e-07
4326.39,3.1455e-06,1.2437e-05,2.3177e-05,5.0169e-08,2.0126e-07,3.5096e-07
4339.99,2.9738e-06,1.2322e-05,2.2942e-05,1.7405e-07,1.9918e-07,3.474e-07
4353.6,2.809e-06,1.221e-05,2.2711e-05,3.0235e-07,1.9667e-07,3.439e-07
4367.2,2.6508e-06,1.21e-05,2.2484e-05,3.2419e-07,1.9398e-07,3.4046e-07
4380.81,2.4991e-06,1.1993e-05,2.2259e-05,2.178e-07,1.9143e-07,3.3705e-07
4394.41,2.3535e-06,1.1887e-05,2.2037e-05,7.799e-08,1.8931e-07,3.3368e-07
4408.02,2.2138e-06,1.1782e-05,2.1816e-05,5.8306e-09,1.8773e-07,3.3033e-07
4421.62,2.0794e-06,1.1678e-05,2.1593e-05,4.5566e-09,1.8661e-07,3.2695e-07
4435.23,1.9536e-06,1.1591e-05,2.1404e-05,1.0136e-08,1.8601e-07,3.2408e-07
4448.83,1.8297e-06,1.1487e-05,2.118e-05,1.7424e-10,1.8501e-07,3.2067e-07
4462.44,1.712e-06,1.139e-05,2.097e-05,2.5446e-08,1.8376e-07,3.1747e-07
4476.04,1.5995e-06,1.1296e-05,2.0763e-05,1.2307e-07,1.8205e-07,3.1434e-07
4489.65,1.4918e-06,1.1204e-05,2.0561e-05,2.3791e-07,1.7993e-07,3.1126e-07
4503.25,1.389e-06,1.1115e-05,2.0361e-05,2.6857e-07,1.7762e-07,3.0822e-07
4516.86,1.2906e-06,1.1027e-05,2.0164e-05,1.8489e-07,1.7541e-07,3.0523e-07
4530.46,1.1967e-06,1.0941e-05,1.9969e-05,6.483e-08,1.7356e-07,3.0226e-07
4544.07,1.1069e-06,1.0855e-05,1.9775e-05,3.0825e-09,1.7219e-07,2.993e-07
4557.67,1.0213e-06,1.077e-05,1.9581e-05,9.1674e-09,1.7126e-07,2.9634e-07
4571.28,9.4058e-07,1.0696e-05,1.9406e-05,2.1257e-08,1.7074e-07,2.9367e-07
4584.88,8.6307e-07,1.0614e-05,1.9216e-05,6.149e-09,1.7005e-07,2.9078e-07
4598.49,7.8964e-07,1.0535e-05,1.9031e-05,6.3445e-09,1.6911e-07,2.8796e-07
4612.09,7.2015e-07,1.0458e-05,1.8849e-05,7.2408e-08,1.6776e-07,2.8519e-07
4625.7,6.5452e-07,1.0383e-05,1.867e-05,1.7617e-07,1.66e-07,2.8246e-07
4639.3,5.9267e-07,1.031e-05,1.8494e-05,2.2651e-07,1.6401e-07,2.7977e-07
4652.91,5.3453e-07,1.0238e-05,1.8321e-05,1.7341e-07,1.6205e-07,2.7712e-07
4666.51,4.8e-07,1.0168e-05,1.815e-05,6.8384e-08,1.6036e-07,2.745e-07
4680.12,4.2897e-07,1.0098e-05,1.7979e-05,4.2707e-09,1.591e-07,2.7189e-07
4693.72,3.8132e-07,1.0028e-05,1.7805e-05,1.0731e-08,1.5824e-07,2.6924e-07
4707.33,3.3737e-07,9.9675e-06,1.7651e-05,3.505e-08,1.5784e-07,2.6687e-07
4720.93,2.9644e-07,9.9016e-06,1.7485e-05,2.4943e-08,1.5739e-07,2.6434e-07
4734.54,2.587e-07,9.8372e-06,1.7322e-05,8.0555e-10,1.5677e-07,2.6185e-07
4748.14,2.2403e-07,9.7742e-06,1.7161e-05,2.361e-08,1.5579e-07,2.5939e-07
4761.75,1.9232e-07,9.7128e-06,1.7003e-05,1.0392e-07,1.5442e-07,2.5696e-07
4775.35,1.6347e-07,9.6528e-06,1.6847e-05,1.7404e-07,1.5276e-07,2.5457e-07
4788.96,1.3735e-07,9.5944e-06,1.6693e-05,1.6306e-07,1.5103e-07,2.5222e-07
4802.56,1.1385e-07,9.5374e-06,1.6542e-05,8.1759e-08,1.4947e-07,2.499e-07
4816.17,9.2849e-08,9.4813e-06,1.6392e-05,1.0715e-08,1.4825e-07,2.476e-07
4829.77,7.4263e-08,9.428e-06,1.6247e-05,6.6335e-09,1.4749e-07,2.4538e-07
4843.38,5.7955e-08,9.3735e-06,1.6099e-05,4.2648e-08,1.4704e-07,2.4312e-07
4856.98,4.3851e-08,9.3204e-06,1.5954e-05,5.3067e-08,1.4676e-07,2.4089e-07
4870.59,3.1859e-08,9.268e-06,1.581e-05,2.153e-08,1.4642e-07,2.3868e-07
4884.19,2.1896e-08,9.2165e-06,1.5668e-05,1.9042e-10,1.4581e-07,2.3649e-07
4897.8,1.3884e-08,9.1661e-06,1.5527e-05,3.7892e-08,1.4483e-07,2.3433e-07
4911.4,7.7528e-09,9.1168e-06,1.5388e-05,1.1078e-07,1.4352e-07,2.322e-07
4925.01,3.4356e-09,9.0688e-06,1.5251e-05,1.4468e-07,1.4203e-07,2.301e-07
4938.61,8.7075e-10,9.022e-06,1.5116e-05,1.0264e-07,1.4057e-07,2.2803e-07
4952.22,5.22e-13,8.9764e-06,1.4983e-05,2.9755e-08,1.3935e-07,2.2599e-07
4965.82,7.7009e-10,8.932e-06,1.4852e-05,2.0078e-10,1.3849e-07,2.2398e-07
4979.43,3.1261e-09,8.8883e-06,1.4723e-05,3.1631e-08,1.3801e-07,2.2199e-07
4993.03,7.0156e-09,8.8454e-06,1.4595e-05,7.0191e-08,1.3778e-07,2.2002e-07
5006.64,1.2384e-08,8.8031e-06,1.4467e-05,6.1419e-08,1.3764e-07,2.1806e-07
5020.24,1.9176e-08,8.7613e-06,1.4341e-05,1.7924e-08,1.3735e-07,2.1612e-07
5033.85,2.7332e-08,8.7201e-06,1.4215e-05,1.4006e-09,1.3677e-07,2.1419e-07
5047.45,3.6791e-08,8.6796e-06,1.4091e-05,4.3233e-08,1.3584e-07,2.1228e-07
5061.06,4.7491e-08,8.6399e-06,1.3969e-05,1.0254e-07,1.3464e-07,2.104e-07
5074.66,5.9364e-08,8.6012e-06,1.3848e-05,1.1332e-07,1.3332e-07,2.0854e-07
5088.27,7.2339e-08,8.563e-06,1.3727e-05,6.319e-08,1.3207e-07,2.0669e-07
5101.87,8.6386e-08,8.5296e-06,1.3615e-05,8.4948e-09,1.3115e-07,2.0497e-07
5115.48,1.0136e-07,8.4929e-06,1.3498e-05,7.9782e-09,1.305e-07,2.0316e-07
5129.08,1.1723e-07,8.4581e-06,1.3383e-05,5.4934e-08,1.302e-07,2.0141e-07
5142.69,1.3392e-07,8.4239e-06,1.327e-05,8.7989e-08,1.3011e-07,1.9967e-07
5156.29,1.5136e-07,8.3902e-06,1.3158e-05,6.6007e-08,1.3004e-07,1.9794e-07
5169.9,1.6946e-07,8.3569e-06,1.3046e-05,1.6713e-08,1.298e-07,1.9623e-07
5183.5,1.8817e-07,8.324e-06,1.2935e-05,1.9292e-09,1.2927e-07,1.9453e-07
5197.11,2.0742e-07,8.2914e-06,1.2825e-05,4.2416e-08,1.2842e-07,1.9284e-07
5210.71,2.2715e-07,8.2592e-06,1.2716e-05,9.2467e-08,1.2732e-07,1.9117e-07
5224.32,2.473e-07,8.2267e-06,1.2607e-05,9.3921e-08,1.2612e-07,1.8949e-07
5237.92,2.6787e-07,8.1957e-06,1.25e-05,4.5014e-08,1.2503e-07,1.8785e-07
5251.53,2.8903e-07,8.1719e-06,1.2404e-05,2.607e-09,1.243e-07,1.8638e-07
5265.13,3.1033e-07,8.1427e-06,1.2301e-05,1.5895e-08,1.2379e-07,1.8479e-07
5278.74,3.3195e-07,8.1148e-06,1.2199e-05,6.9487e-08,1.236e-07,1.8323e-07
5292.34,3.5387e-07,8.0876e-06,1.2099e-05,1.0173e-07,1.2358e-07,1.817e-07
5305.95,3.7605e-07,8.0607e-06,1.2e-05,7.6085e-08,1.2358e-07,1.8017e-07
5319.55,3.9846e-07,8.0342e-06,1.1901e-05,2.2255e-08,1.2342e-07,1.7866e-07
5333.16,4.2108e-07,8.0077e-06,1.1803e-05,3.9656e-10,1.2299e-07,1.7716e-07
5346.76,4.4388e-07,7.9813e-06,1.1705e-05,3.1439e-08,1.2225e-07,1.7566e-07
5360.37,4.6681e-07,7.9542e-06,1.1606e-05,7.4479e-08,1.2128e-07,1.7415e-07
5373.97,4.8996e-07,7.9283e-06,1.1509e-05,7.6351e-08,1.2023e-07,1.7267e-07
5387.58,5.1385e-07,7.9118e-06,1.1427e-05,3.4651e-08,1.194e-07,1.7141e-07
5401.18,5.3726e-07,7.8861e-06,1.1331e-05,8.8368e-10,1.1866e-07,1.6994e-07
5414.79,5.609e-07,7.8626e-06,1.1239e-05,2.0987e-08,1.1824e-07,1.6853e-07
5428.39,5.8466e-07,7.8401e-06,1.1148e-05,8.0925e-08,1.1811e-07,1.6715e-07
5442.0,6.0849e-07,7.8183e-06,1.1059e-05,1.2045e-07,1.1817e-07,1.6579e-07
5455.6,6.3233e-07,7.797e-06,1.0971e-05,9.8933e-08,1.1826e-07,1.6444e-07
5469.21,6.5613e-07,7.7759e-06,1.0883e-05,3.9254e-08,1.1821e-07,1.6311e-07
5482.81,6.798e-07,7.7548e-06,1.0796e-05,1.1971e-09,1.1791e-07,1.6177e-07
5496.42,7.0326e-07,7.7332e-06,1.0709e-05,1.5667e-08,1.1733e-07,1.6044e-07
5510.02,7.2618e-07,7.7083e-06,1.0617e-05,5.3737e-08,1.1646e-07,1.5904e-07
5523.63,7.5084e-07,7.7045e-06,1.0554e-05,6.3986e-08,1.158e-07,1.5808e-07
5537.23,7.7301e-07,7.6781e-06,1.0461e-05,3.2909e-08,1.1485e-07,1.5666e-07
5550.84,7.9537e-07,7.6577e-06,1.0376e-05,1.5361e-09,1.1417e-07,1.5537e-07
5564.44,8.1742e-07,7.6386e-06,1.0294e-05,1.7158e-08,1.1377e-07,1.5412e-07
5578.05,8.391e-07,7.6204e-06,1.0213e-05,7.7399e-08,1.1365e-07,1.5289e-07
5591.65,8.6034e-07,7.6029e-06,1.0133e-05,1.2869e-07,1.1373e-07,1.5168e-07
5605.26,8.8109e-07,7.586e-06,1.0054e-05,1.2188e-07,1.1388e-07,1.5048e-07
5618.86,9.0129e-07,7.5693e-06,9.9765e-06,6.3976e-08,1.1394e-07,1.493e-07
5632.47,9.2089e-07,7.5525e-06,9.8988e-06,9.9158e-09,1.1379e-07,1.4812e-07
5646.07,9.3978e-07,7.535e-06,9.8206e-06,4.1958e-09,1.1336e-07,1.4693e-07
5659.68,9.5799e-07,7.5172e-06,9.7422e-06,3.6481e-08,1.1268e-07,1.4574e-07
5673.28,9.7689e-07,7.5095e-06,9.6773e-06,5.847e-08,1.1201e-07,1.4476e-07
5686.89,9.9381e-07,7.4912e-06,9.5991e-06,4.0795e-08,1.1117e-07,1.4357e-07
5700.49,1.0103e-06,7.4748e-06,9.5237e-06,6.9877e-09,1.105e-07,1.4243e-07
5714.1,1.0264e-06,7.4591e-06,9.4497e-06,6.1564e-09,1.1006e-07,1.4131e-07
5727.7,1.0419e-06,7.4441e-06,9.3768e-06,5.6041e-08,1.0989e-07,1.4021e-07
5741.31,1.057e-06,7.4297e-06,9.3052e-06,1.1916e-07,1.0994e-07,1.3912e-07
5754.91,1.0716e-06,7.4159e-06,9.2346e-06,1.3892e-07,1.1011e-07,1.3806e-07
5768.52,1.0858e-06,7.4025e-06,9.165e-06,9.7313e-08,1.1026e-07,1.37e-07
5782.12,1.0995e-06,7.3892e-06,9.0959e-06,3.2853e-08,1.1026e-07,1.3596e-07
5795.73,1.1126e-06,7.3754e-06,9.0265e-06,3.679e-10,1.1001e-07,1.3491e-07
5809.33,1.125e-06,7.3605e-06,8.9561e-06,1.6095e-08,1.095e-07,1.3385e-07
5822.94,1.1382e-06,7.3533e-06,8.8954e-06,4.6031e-08,1.0892e-07,1.3293e-07
5836.54,1.1499e-06,7.3395e-06,8.8272e-06,4.7686e-08,1.0817e-07,1.3191e-07
5850.15,1.1612e-06,7.3263e-06,8.76e-06,1.8858e-08,1.0749e-07,1.3089e-07
5863.75,1.1721e-06,7.3133e-06,8.6935e-06,2.8383e-11,1.07e-07,1.2989e-07
5877.36,1.1826e-06,7.3007e-06,8.6279e-06,2.8511e-08,1.0674e-07,1.289e-07
5890.96,1.1926e-06,7.2885e-06,8.5631e-06,9.4146e-08,1.0673e-07,1.2793e-07
5904.57,1.2022e-06,7.2769e-06,8.4994e-06,1.4473e-07,1.0689e-07,1.2697e-07
5918.17,1.2113e-06,7.2658e-06,8.4367e-06,1.364e-07,1.071e-07,1.2603e-07
5931.78,1.2199e-06,7.2552e-06,8.3748e-06,7.6913e-08,1.0723e-07,1.251e-07
5945.38,1.228e-06,7.2446e-06,8.3134e-06,1.718e-08,1.0719e-07,1.2418e-07
5958.99,1.2352e-06,7.2333e-06,8.2516e-06,7.6768e-10,1.069e-07,1.2325e-07
5972.59,1.2423e-06,7.225e-06,8.1936e-06,2.3734e-08,1.0644e-07,1.2238e-07
5986.2,1.2483e-06,7.2146e-06,8.1335e-06,4.5131e-08,1.058e-07,1.2147e-07
5999.8,1.2536e-06,7.2041e-06,8.0736e-06,3.4845e-08,1.0515e-07,1.2058e-07
6013.41,1.2581e-06,7.1935e-06,8.0141e-06,7.097e-09,1.0459e-07,1.1968e-07
6027.01,1.2618e-06,7.1829e-06,7.9549e-06,4.3477e-09,1.0422e-07,1.188e-07
6040.62,1.2647e-06,7.1724e-06,7.8964e-06,4.9214e-08,1.0408e-07,1.1792e-07
6054.22,1.2669e-06,7.1623e-06,7.8385e-06,1.1567e-07,1.0415e-07,1.1705e-07
6067.83,1.2683e-06,7.1525e-06,7.7815e-06,1.5057e-07,1.0435e-07,1.162e-07
6081.43,1.269e-06,7.1433e-06,7.7254e-06,1.2434e-07,1.0457e-07,1.1536e-07
6095.04,1.269e-06,7.1344e-06,7.6701e-06,5.9481e-08,1.0468e-07,1.1453e-07
6108.64,1.2683e-06,7.1263e-06,7.6159e-06,8.462e-09,1.0461e-07,1.1372e-07
6122.25,1.2668e-06,7.1178e-06,7.5618e-06,3.7552e-09,1.0432e-07,1.1291e-07
6135.85,1.2645e-06,7.1095e-06,7.5082e-06,3.0279e-08,1.0383e-07,1.1211e-07
6149.46,1.2615e-06,7.1011e-06,7.4549e-06,4.6509e-08,1.0323e-07,1.1131e-07
6163.06,1.2578e-06,7.0924e-06,7.4017e-06,3.0735e-08,1.0262e-07,1.1052e-07
6176.67,1.2534e-06,7.0835e-06,7.3486e-06,4.1582e-09,1.0213e-07,1.0973e-07
6190.27,1.2484e-06,7.0744e-06,7.2957e-06,7.4333e-09,1.0182e-07,1.0894e-07
6203.88,1.2428e-06,7.0652e-06,7.2432e-06,5.5486e-08,1.0173e-07,1.0815e-07
6217.48,1.2366e-06,7.0561e-06,7.1912e-06,1.1761e-07,1.0183e-07,1.0738e-07
6231.09,1.23e-06,7.0473e-06,7.1397e-06,1.4395e-07,1.0203e-07,1.0661e-07
6244.69,1.2229e-06,7.0383e-06,7.0885e-06,1.1242e-07,1.0222e-07,1.0584e-07
6258.3,1.2156e-06,7.0312e-06,7.0396e-06,4.9603e-08,1.0233e-07,1.0511e-07
6271.9,1.2083e-06,7.0256e-06,6.9926e-06,5.1934e-09,1.0227e-07,1.0441e-07
6285.51,1.2001e-06,7.0178e-06,6.9437e-06,5.8128e-09,1.0198e-07,1.0368e-07
6299.11,1.1916e-06,7.0104e-06,6.8956e-06,3.3338e-08,1.015e-07,1.0297e-07
6312.72,1.1827e-06,7.0031e-06,6.8479e-06,4.7877e-08,1.0094e-07,1.0226e-07
6326.32,1.1735e-06,6.9955e-06,6.8004e-06,3.0822e-08,1.0037e-07,1.0155e-07
6339.93,1.1638e-06,6.9877e-06,6.753e-06,4.1818e-09,9.9918e-08,1.0084e-07
6353.53,1.1537e-06,6.9795e-06,6.7056e-06,7.0886e-09,9.9638e-08,1.0013e-07
6367.14,1.1432e-06,6.9711e-06,6.6583e-06,5.3586e-08,9.956e-08,9.9429e-08
6380.74,1.1322e-06,6.9623e-06,6.6112e-06,1.1448e-07,9.9653e-08,9.8726e-08
6394.35,1.1208e-06,6.9529e-06,6.5637e-06,1.4198e-07,9.9837e-08,9.802e-08
6407.95,1.1093e-06,6.9455e-06,6.5186e-06,1.1364e-07,1.0005e-07,9.7347e-08
6421.56,1.0984e-06,6.9453e-06,6.4805e-06,5.2946e-08,1.0027e-07,9.6779e-08
6435.16,1.0856e-06,6.9354e-06,6.4337e-06,7.0157e-09,1.0017e-07,9.6082e-08
6448.77,1.0728e-06,6.9278e-06,6.3895e-06,4.0073e-09,9.9908e-08,9.5423e-08
6462.37,1.0595e-06,6.9209e-06,6.3461e-06,2.9868e-08,9.9482e-08,9.4778e-08
6475.98,1.0458e-06,6.9142e-06,6.3033e-06,4.6882e-08,9.8958e-08,9.414e-08
6489.58,1.0316e-06,6.9073e-06,6.2608e-06,3.3633e-08,9.8428e-08,9.3506e-08
6503.19,1.0169e-06,6.9002e-06,6.2184e-06,6.7962e-09,9.7987e-08,9.2874e-08
6516.79,1.0017e-06,6.8926e-06,6.1759e-06,3.5783e-09,9.7704e-08,9.224e-08
6530.4,9.8593e-07,6.8844e-06,6.1332e-06,4.257e-08,9.7608e-08,9.1605e-08
6544.0,9.6959e-07,6.8753e-06,6.0901e-06,1.0184e-07,9.7671e-08,9.0963e-08
6557.61,9.523e-07,6.8625e-06,6.0441e-06,1.3622e-07,9.779e-08,9.0277e-08
6571.21,9.3506e-07,6.8528e-06,6.0012e-06,1.1806e-07,9.797e-08,8.9637e-08
6584.82,9.1967e-07,6.8596e-06,5.9731e-06,6.226e-08,9.8309e-08,8.9219e-08
6598.42,9.0175e-07,6.8504e-06,5.9313e-06,1.2157e-08,9.8265e-08,8.8596e-08
6612.03,8.8372e-07,6.8427e-06,5.8912e-06,1.4704e-09,9.8054e-08,8.7998e-08
6625.63,8.655e-07,6.8356e-06,5.852e-06,2.5199e-08,9.7677e-08,8.7413e-08
6639.24,8.4706e-07,6.8288e-06,5.8134e-06,4.8727e-08,9.7189e-08,8.6837e-08
6652.84,8.2842e-07,6.8221e-06,5.7752e-06,4.3734e-08,9.6671e-08,8.6267e-08
6666.45,8.0959e-07,6.8153e-06,5.7371e-06,1.6228e-08,9.6215e-08,8.5699e-08
6680.05,7.9058e-07,6.8079e-06,5.699e-06,1.0817e-11,9.5893e-08,8.5131e-08
6693.66,7.7137e-07,6.7998e-06,5.6607e-06,2.2352e-08,9.574e-08,8.4558e-08
6707.26,7.5192e-07,6.79e-06,5.6212e-06,7.5148e-08,9.5737e-08,8.3969e-08
6720.87,7.3253e-07,6.7809e-06,5.5828e-06,1.1954e-07,9.5873e-08,8.3395e-08
6734.47,7.1478e-07,6.7873e-06,5.5573e-06,1.2026e-07,9.6275e-08,8.3016e-08
6748.08,6.9498e-07,6.7744e-06,5.5163e-06,7.6276e-08,9.636e-08,8.2404e-08
6761.68,6.7562e-07,6.7651e-06,5.4787e-06,2.3156e-08,9.6374e-08,8.1841e-08
6775.29,6.5643e-07,6.7568e-06,5.4422e-06,3.0568e-11,9.623e-08,8.1296e-08
6788.89,6.3736e-07,6.7491e-06,5.4065e-06,1.6246e-08,9.592e-08,8.0762e-08
6802.5,6.1843e-07,6.7418e-06,5.3714e-06,4.5838e-08,9.5478e-08,8.0238e-08
6816.1,5.996e-07,6.7347e-06,5.3369e-06,5.4442e-08,9.4977e-08,7.9722e-08
6829.71,5.8088e-07,6.7277e-06,5.3027e-06,3.2711e-08,9.4501e-08,7.921e-08
6843.31,5.6223e-07,6.7204e-06,5.2686e-06,4.9148e-09,9.4126e-08,7.87e-08
6856.92,5.4362e-07,6.7124e-06,5.2343e-06,5.0762e-09,9.39e-08,7.8187e-08
6870.52,5.2496e-07,6.7022e-06,5.1986e-06,4.3309e-08,9.3818e-08,7.7653e-08
6884.13,5.0639e-07,6.6918e-06,5.1631e-06,9.4072e-08,9.3881e-08,7.7121e-08
6897.73,4.89e-07,6.6959e-06,5.139e-06,1.1781e-07,9.4232e-08,7.6761e-08
6911.34,4.7059e-07,6.685e-06,5.1038e-06,9.4913e-08,9.4374e-08,7.6232e-08
6924.94,4.524e-07,6.6755e-06,5.0699e-06,4.4184e-08,9.4455e-08,7.5724e-08
6938.55,4.3436e-07,6.6665e-06,5.0366e-06,5.3773e-09,9.44e-08,7.5227e-08
6952.15,4.1645e-07,6.6579e-06,5.004e-06,4.8268e-09,9.4181e-08,7.4738e-08
6965.76,3.987e-07,6.6496e-06,4.972e-06,3.3835e-08,9.3811e-08,7.4257e-08
6979.36,3.8109e-07,6.6417e-06,4.9405e-06,5.8988e-08,9.3345e-08,7.3785e-08
6992.97,3.6363e-07,6.6341e-06,4.9095e-06,5.4122e-08,9.2855e-08,7.3321e-08
7006.57,3.4633e-07,6.6265e-06,4.8789e-06,2.4455e-08,9.2422e-08,7.2861e-08
7020.18,3.2919e-07,6.6186e-06,4.8483e-06,1.0962e-09,9.2108e-08,7.2402e-08
7033.78,3.1216e-07,6.6092e-06,4.817e-06,1.1433e-08,9.1934e-08,7.1931e-08
7047.39,2.9529e-07,6.5985e-06,4.785e-06,5.2712e-08,9.1901e-08,7.1451e-08
7060.99,2.791e-07,6.598e-06,4.7607e-06,9.3236e-08,9.2129e-08,7.1085e-08
7074.6,2.6276e-07,6.5882e-06,4.7299e-06,9.9472e-08,9.2281e-08,7.0622e-08
7088.2,2.4672e-07,6.5786e-06,4.6996e-06,6.6155e-08,9.2409e-08,7.0166e-08
7101.81,2.31e-07,6.5689e-06,4.6695e-06,2.0827e-08,9.2436e-08,6.9714e-08
7115.41,2.1563e-07,6.5593e-06,4.6397e-06,9.8532e-12,9.2313e-08,6.9267e-08
7129.02,2.0063e-07,6.5497e-06,4.6103e-06,1.7786e-08,9.2031e-08,6.8825e-08
7142.62,1.8604e-07,6.5405e-06,4.5814e-06,5.4539e-08,9.1617e-08,6.839e-08
7156.23,1.7189e-07,6.5316e-06,4.5531e-06,7.5336e-08,9.1127e-08,6.7962e-08
7169.83,1.5819e-07,6.5229e-06,4.5252e-06,6.1175e-08,9.0637e-08,6.7542e-08
7183.44,1.4496e-07,6.5145e-06,4.4977e-06,2.5383e-08,9.0221e-08,6.7128e-08
7197.04,1.3222e-07,6.5059e-06,4.4703e-06,1.0144e-09,8.9931e-08,6.6716e-08
7210.65,1.1996e-07,6.4962e-06,4.4426e-06,1.0925e-08,8.978e-08,6.6298e-08
7224.25,1.0829e-07,6.4895e-06,4.4171e-06,4.7263e-08,8.9817e-08,6.5914e-08
7237.86,9.7115e-08,6.4802e-06,4.3901e-06,7.8384e-08,8.9921e-08,6.5507e-08
7251.46,8.6493e-08,6.4705e-06,4.3631e-06,7.6945e-08,9.0055e-08,6.51e-08
7265.07,7.6437e-08,6.4604e-06,4.3361e-06,4.4123e-08,9.0145e-08,6.4693e-08
7278.67,6.696e-08,6.4499e-06,4.3091e-06,8.73e-09,9.0126e-08,6.4286e-08
7292.28,5.8074e-08,6.4392e-06,4.2823e-06,2.0833e-09,8.996e-08,6.3881e-08
7305.88,4.979e-08,6.4284e-06,4.2557e-06,3.0724e-08,8.9644e-08,6.348e-08
7319.49,4.2114e-08,6.4178e-06,4.2294e-06,7.0715e-08,8.9207e-08,6.3083e-08
7333.09,3.5054e-08,6.4075e-06,4.2036e-06,8.8286e-08,8.8709e-08,6.2694e-08
7346.7,2.8616e-08,6.3974e-06,4.1783e-06,6.8759e-08,8.8221e-08,6.2311e-08
7360.3,2.2805e-08,6.3875e-06,4.1533e-06,2.8797e-08,8.7811e-08,6.1933e-08
7373.91,1.7632e-08,6.3786e-06,4.1292e-06,1.698e-09,8.754e-08,6.1569e-08
7387.51,1.3098e-08,6.3689e-06,4.1048e-06,8.746e-09,8.7407e-08,6.12e-08
7401.12,9.2155e-09,6.3591e-06,4.0806e-06,4.1397e-08,8.7411e-08,6.0835e-08
7414.72,5.9956e-09,6.3491e-06,4.0565e-06,6.9389e-08,8.7508e-08,6.0471e-08
7428.33,3.4504e-09,6.3386e-06,4.0324e-06,6.7437e-08,8.7631e-08,6.0106e-08
7441.93,1.5933e-09,6.3276e-06,4.0082e-06,3.7288e-08,8.771e-08,5.974e-08
7455.54,4.3911e-10,6.3161e-06,3.9839e-06,6.2003e-09,8.7685e-08,5.9372e-08
7469.14,3.426e-12,6.3042e-06,3.9596e-06,3.3168e-09,8.7518e-08,5.9005e-08
7482.75,3.0276e-10,6.292e-06,3.9354e-06,3.4335e-08,8.7206e-08,5.8639e-08
7496.35,1.3544e-09,6.2798e-06,3.9114e-06,7.6127e-08,8.6776e-08,5.8276e-08
7509.96,3.1764e-09,6.2675e-06,3.8876e-06,9.579e-08,8.6282e-08,5.7916e-08
7523.56,5.7869e-09,6.2548e-06,3.8638e-06,7.7878e-08,8.5785e-08,5.7556e-08
7537.17,9.2086e-09,6.2448e-06,3.8419e-06,3.6901e-08,8.5392e-08,5.7225e-08
7550.77,1.3465e-08,6.2372e-06,3.8217e-06,4.7044e-09,8.5147e-08,5.6918e-08
7564.38,1.856e-08,6.2248e-06,3.7988e-06,4.012e-09,8.4978e-08,5.6571e-08
7577.98,2.4522e-08,6.2134e-06,3.7767e-06,3.018e-08,8.4953e-08,5.6238e-08
7591.59,3.1367e-08,6.2021e-06,3.7549e-06,5.6445e-08,8.5025e-08,5.5908e-08
7605.19,3.9109e-08,6.1905e-06,3.7332e-06,5.7778e-08,8.513e-08,5.5579e-08
7618.8,4.7761e-08,6.1785e-06,3.7114e-06,3.2817e-08,8.5201e-08,5.5249e-08
7632.4,5.7331e-08,6.1659e-06,3.6895e-06,5.2885e-09,8.5178e-08,5.4918e-08
7646.01,6.7829e-08,6.1527e-06,3.6675e-06,3.7603e-09,8.5021e-08,5.4585e-08
7659.61,7.9261e-08,6.1391e-06,3.6455e-06,3.681e-08,8.472e-08,5.4252e-08
7673.22,9.1631e-08,6.1248e-06,3.6233e-06,8.4517e-08,8.4294e-08,5.3916e-08
7686.82,1.0493e-07,6.1097e-06,3.6008e-06,1.1347e-07,8.3782e-08,5.3576e-08
7700.43,1.1907e-07,6.0885e-06,3.575e-06,1.029e-07,8.3178e-08,5.3187e-08
7714.03,1.3481e-07,6.0986e-06,3.5678e-06,6.1372e-08,8.3051e-08,5.3074e-08
7727.64,1.5087e-07,6.0776e-06,3.5426e-06,1.7722e-08,8.2601e-08,5.2694e-08
7741.24,1.6803e-07,6.0633e-06,3.5215e-06,1.295e-11,8.237e-08,5.2374e-08
7754.85,1.8618e-07,6.0501e-06,3.5012e-06,1.2563e-08,8.2283e-08,5.2068e-08
7768.45,2.0531e-07,6.0372e-06,3.4814e-06,3.542e-08,8.23e-08,5.1767e-08
7782.06,2.2541e-07,6.0243e-06,3.4617e-06,4.3162e-08,8.2369e-08,5.147e-08
7795.66,2.4646e-07,6.0112e-06,3.4421e-06,2.759e-08,8.2424e-08,5.1173e-08
7809.27,2.6845e-07,5.9975e-06,3.4224e-06,5.1705e-09,8.2405e-08,5.0875e-08
7822.87,2.9139e-07,5.9832e-06,3.4025e-06,3.0057e-09,8.2268e-08,5.0575e-08
7836.48,3.1524e-07,5.9681e-06,3.3824e-06,3.502e-08,8.1991e-08,5.0271e-08
7850.08,3.4e-07,5.9519e-06,3.3619e-06,8.8197e-08,8.1579e-08,4.9961e-08
7863.69,3.6554e-07,5.9327e-06,3.3399e-06,1.3049e-07,8.1043e-08,4.9629e-08
7877.29,3.9233e-07,5.9181e-06,3.3207e-06,1.3466e-07,8.0538e-08,4.9339e-08
7890.9,4.2126e-07,5.9195e-06,3.3107e-06,9.8539e-08,8.028e-08,4.9185e-08
7904.5,4.4977e-07,5.9e-06,3.2891e-06,4.5421e-08,7.9817e-08,4.886e-08
7918.11,4.7952e-07,5.8839e-06,3.2696e-06,7.6448e-09,7.9515e-08,4.8565e-08
7931.71,5.104e-07,5.8687e-06,3.2509e-06,1.2898e-09,7.9352e-08,4.8283e-08
7945.32,5.4239e-07,5.8541e-06,3.2327e-06,1.6966e-08,7.9306e-08,4.8007e-08
7958.92,5.7548e-07,5.8397e-06,3.2147e-06,3.0699e-08,7.9333e-08,4.7736e-08
7972.53,6.0969e-07,5.8253e-06,3.1969e-06,2.5912e-08,7.9376e-08,4.7467e-08
7986.13,6.4499e-07,5.8106e-06,3.1792e-06,8.1583e-09,7.9377e-08,4.72e-08
7999.74,6.8139e-07,5.7954e-06,3.1614e-06,4.8532e-10,7.9283e-08,4.693e-08
8013.34,7.1884e-07,5.7793e-06,3.1432e-06,2.3297e-08,7.9061e-08,4.6657e-08
8026.95,7.5726e-07,5.7617e-06,3.1244e-06,7.5228e-08,7.8698e-08,4.6374e-08
8040.55,7.9598e-07,5.7378e-06,3.1025e-06,1.3079e-07,7.8153e-08,4.6043e-08
8054.16,8.3673e-07,5.7203e-06,3.0841e-06,1.5784e-07,7.764e-08,4.5767e-08
8067.76,8.8201e-07,5.7244e-06,3.0776e-06,1.4058e-07,7.7417e-08,4.5666e-08
8081.37,9.2499e-07,5.7047e-06,3.0584e-06,8.9088e-08,7.6923e-08,4.5377e-08
8094.97,9.6948e-07,5.6868e-06,3.0404e-06,3.4389e-08,7.6548e-08,4.5107e-08
8108.58,1.0153e-06,5.6698e-06,3.023e-06,3.5999e-09,7.63e-08,4.4845e-08
8122.18,1.0626e-06,5.6533e-06,3.0061e-06,2.62e-09,7.6173e-08,4.459e-08
8135.79,1.1111e-06,5.6372e-06,2.9896e-06,1.5503e-08,7.614e-08,4.4341e-08
8149.39,1.1609e-06,5.6213e-06,2.9733e-06,2.0832e-08,7.6155e-08,4.4097e-08
8163.0,1.212e-06,5.6055e-06,2.9572e-06,1.1267e-08,7.6165e-08,4.3855e-08
8176.6,1.2644e-06,5.5894e-06,2.9412e-06,3.054e-10,7.6113e-08,4.3613e-08
8190.21,1.3178e-06,5.5727e-06,2.925e-06,1.0767e-08,7.5958e-08,4.337e-08
8203.81,1.372e-06,5.5545e-06,2.9082e-06,5.429e-08,7.5669e-08,4.3118e-08
8217.42,1.4254e-06,5.5284e-06,2.8875e-06,1.1829e-07,7.5164e-08,4.2807e-08
8231.02,1.4892e-06,5.5375e-06,2.8852e-06,1.729e-07,7.5056e-08,4.2771e-08
8244.63,1.5449e-06,5.5112e-06,2.8647e-06,1.8692e-07,7.4432e-08,4.2463e-08
8258.23,1.6034e-06,5.4914e-06,2.8477e-06,1.5392e-07,7.391e-08,4.2208e-08
8271.84,1.6632e-06,5.4723e-06,2.8313e-06,9.2732e-08,7.3461e-08,4.1962e-08
8285.44,1.7241e-06,5.4537e-06,2.8152e-06,3.5201e-08,7.3113e-08,4.1721e-08
8299.05,1.7863e-06,5.4353e-06,2.7994e-06,4.3762e-09,7.288e-08,4.1485e-08
8312.65,1.8496e-06,5.4174e-06,2.784e-06,1.1934e-09,7.2754e-08,4.1254e-08
8326.26,1.9141e-06,5.3997e-06,2.769e-06,8.7411e-09,7.2707e-08,4.1028e-08
8339.86,1.9798e-06,5.3824e-06,2.7542e-06,9.6611e-09,7.2693e-08,4.0807e-08
8353.47,2.0465e-06,5.3652e-06,2.7396e-06,2.263e-09,7.2663e-08,4.0588e-08
8367.07,2.1143e-06,5.3478e-06,2.7251e-06,2.3791e-09,7.2567e-08,4.0372e-08
8380.68,2.1829e-06,5.3298e-06,2.7104e-06,2.9469e-08,7.2367e-08,4.0152e-08
8394.28,2.2507e-06,5.3073e-06,2.6936e-06,8.7976e-08,7.1999e-08,3.9901e-08
8407.89,2.3267e-06,5.3017e-06,2.6855e-06,1.5966e-07,7.1761e-08,3.9779e-08
8421.49,2.397e-06,5.2801e-06,2.6695e-06,2.1109e-07,7.124e-08,3.9539e-08
8435.1,2.4692e-06,5.2605e-06,2.6546e-06,2.1655e-07,7.0721e-08,3.9316e-08
8448.7,2.5425e-06,5.2409e-06,2.6398e-06,1.7361e-07,7.0225e-08,3.9096e-08
8462.31,2.6168e-06,5.2212e-06,2.6251e-06,1.0483e-07,6.9792e-08,3.8877e-08
8475.91,2.6921e-06,5.2015e-06,2.6106e-06,4.2374e-08,6.9453e-08,3.866e-08
8489.52,2.7687e-06,5.1819e-06,2.5962e-06,7.5542e-09,6.9219e-08,3.8445e-08
8503.12,2.8466e-06,5.1625e-06,2.5821e-06,7.927e-11,6.9083e-08,3.8235e-08
8516.73,2.9258e-06,5.1434e-06,2.5683e-06,3.8699e-09,6.9016e-08,3.8029e-08
8530.33,3.0064e-06,5.1246e-06,2.5547e-06,3.8609e-09,6.8978e-08,3.7827e-08
8543.94,3.0885e-06,5.1061e-06,2.5415e-06,7.1423e-11,6.8923e-08,3.7629e-08
8557.54,3.1719e-06,5.0878e-06,2.5284e-06,7.8278e-09,6.8807e-08,3.7435e-08
8571.15,3.2565e-06,5.0691e-06,2.5153e-06,4.4e-08,6.8596e-08,3.724e-08
8584.75,3.3434e-06,5.052e-06,2.5031e-06,1.1013e-07,6.8307e-08,3.7058e-08
8598.36,3.4304e-06,5.0329e-06,2.49e-06,1.8579e-07,6.79e-08,3.6864e-08
8611.96,3.5186e-06,5.0137e-06,2.477e-06,2.3843e-07,6.743e-08,3.667e-08
8625.57,3.6078e-06,4.994e-06,2.464e-06,2.4297e-07,6.6932e-08,3.6476e-08
8639.17,3.6981e-06,4.9739e-06,2.4508e-06,1.9765e-07,6.6451e-08,3.628e-08
8652.78,3.7893e-06,4.9535e-06,2.4375e-06,1.2487e-07,6.6025e-08,3.6084e-08
8666.38,3.8817e-06,4.9327e-06,2.4243e-06,5.649e-08,6.5683e-08,3.5887e-08
8679.99,3.9751e-06,4.9119e-06,2.4111e-06,1.4553e-08,6.5438e-08,3.5691e-08
8693.59,4.0699e-06,4.8911e-06,2.3981e-06,6.5041e-10,6.5282e-08,3.5498e-08
8707.2,4.1661e-06,4.8706e-06,2.3853e-06,8.3089e-10,6.5191e-08,3.5308e-08
8720.8,4.2636e-06,4.8503e-06,2.3728e-06,9.9018e-10,6.5129e-08,3.5122e-08
8734.41,4.3626e-06,4.8303e-06,2.3605e-06,3.3843e-10,6.5052e-08,3.494e-08
8748.01,4.4628e-06,4.8103e-06,2.3483e-06,1.2415e-08,6.492e-08,3.476e-08
8761.62,4.5657e-06,4.7919e-06,2.337e-06,5.29e-08,6.4727e-08,3.4593e-08
8775.22,4.6686e-06,4.7724e-06,2.3253e-06,1.2362e-07,6.4423e-08,3.4419e-08
8788.83,4.7724e-06,4.7527e-06,2.3136e-06,2.0545e-07,6.4032e-08,3.4246e-08
8802.43,4.8771e-06,4.7329e-06,2.302e-06,2.662e-07,6.3576e-08,3.4073e-08
8816.04,4.9824e-06,4.7127e-06,2.2902e-06,2.7897e-07,6.3088e-08,3.39e-08
8829.64,5.0881e-06,4.692e-06,2.2784e-06,2.3839e-07,6.261e-08,3.3725e-08
8843.25,5.1943e-06,4.6709e-06,2.2664e-06,1.6358e-07,6.2177e-08,3.3548e-08
8856.85,5.3008e-06,4.6493e-06,2.2544e-06,8.612e-08,6.1818e-08,3.337e-08
8870.46,5.4078e-06,4.6275e-06,2.2423e-06,3.1349e-08,6.1545e-08,3.3191e-08
8884.06,5.5153e-06,4.6055e-06,2.2302e-06,6.0753e-09,6.1355e-08,3.3013e-08
8897.67,5.6235e-06,4.5835e-06,2.2182e-06,2.3787e-10,6.1228e-08,3.2835e-08
8911.27,5.7324e-06,4.5614e-06,2.2063e-06,2.9814e-12,6.1131e-08,3.2659e-08
8924.88,5.841e-06,4.5385e-06,2.1941e-06,1.5802e-09,6.1015e-08,3.2479e-08
8938.48,5.9556e-06,4.5197e-06,2.184e-06,1.5034e-08,6.091e-08,3.233e-08
8952.09,6.0745e-06,4.5034e-06,2.1752e-06,5.524e-08,6.0765e-08,3.22e-08
8965.69,6.1864e-06,4.4812e-06,2.1636e-06,1.2668e-07,6.0454e-08,3.2029e-08
8979.3,6.3009e-06,4.4603e-06,2.1528e-06,2.1437e-07,6.0076e-08,3.1869e-08
8992.9,6.4164e-06,4.4396e-06,2.1421e-06,2.879e-07,5.9636e-08,3.1712e-08
9006.51,6.5327e-06,4.4188e-06,2.1315e-06,3.1727e-07,5.916e-08,3.1555e-08
9020.11,6.6495e-06,4.3977e-06,2.1208e-06,2.9016e-07,5.8683e-08,3.1398e-08
9033.72,6.7665e-06,4.3762e-06,2.11e-06,2.1898e-07,5.824e-08,3.1239e-08
9047.32,6.8836e-06,4.3542e-06,2.0991e-06,1.332e-07,5.7857e-08,3.1078e-08
9060.93,7.001e-06,4.3318e-06,2.0881e-06,6.2272e-08,5.755e-08,3.0915e-08
9074.53,7.1184e-06,4.309e-06,2.0769e-06,2.0659e-08,5.732e-08,3.075e-08
9088.14,7.2359e-06,4.2856e-06,2.0656e-06,4.5835e-09,5.7151e-08,3.0583e-08
9101.74,7.3525e-06,4.2612e-06,2.0538e-06,1.2934e-09,5.7008e-08,3.041e-08
9115.35,7.4572e-06,4.2296e-06,2.0387e-06,2.9887e-09,5.6775e-08,3.0187e-08
9128.95,7.6306e-06,4.236e-06,2.042e-06,1.4658e-08,5.7022e-08,3.0236e-08
9142.56,7.7371e-06,4.2043e-06,2.0269e-06,4.9499e-08,5.6697e-08,3.0015e-08
9156.16,7.8594e-06,4.1808e-06,2.016e-06,1.1624e-07,5.6407e-08,2.9853e-08
9169.77,7.9852e-06,4.1587e-06,2.0058e-06,2.0692e-07,5.6053e-08,2.9703e-08
9183.37,8.1131e-06,4.1372e-06,1.9959e-06,2.9571e-07,5.5637e-08,2.9557e-08
9196.98,8.2424e-06,4.1158e-06,1.9862e-06,3.5022e-07,5.5178e-08,2.9414e-08
9210.58,8.3726e-06,4.0944e-06,1.9765e-06,3.4889e-07,5.4705e-08,2.9272e-08
9224.19,8.5033e-06,4.0727e-06,1.9668e-06,2.9295e-07,5.4249e-08,2.9129e-08
9237.79,8.6342e-06,4.0507e-06,1.957e-06,2.0544e-07,5.3839e-08,2.8985e-08
9251.4,8.7648e-06,4.0281e-06,1.947e-06,1.1796e-07,5.3494e-08,2.8837e-08
9265.0,8.8949e-06,4.0048e-06,1.9367e-06,5.4081e-08,5.3217e-08,2.8687e-08
9278.61,9.0234e-06,3.9806e-06,1.9261e-06,1.9981e-08,5.2998e-08,2.853e-08
9292.21,9.1461e-06,3.9536e-06,1.9142e-06,7.5625e-09,5.2793e-08,2.8354e-08
9305.82,9.2823e-06,3.9322e-06,1.905e-06,6.3614e-09,5.2684e-08,2.822e-08
9319.42,9.4584e-06,3.9271e-06,1.9038e-06,1.4789e-08,5.2783e-08,2.8203e-08
9333.03,9.5789e-06,3.8984e-06,1.8913e-06,4.1956e-08,5.2525e-08,2.8018e-08
9346.63,9.7104e-06,3.8741e-06,1.8809e-06,9.9236e-08,5.2261e-08,2.7866e-08
9360.24,9.8455e-06,3.8511e-06,1.8713e-06,1.8715e-07,5.1938e-08,2.7724e-08
9373.84,9.9826e-06,3.8287e-06,1.862e-06,2.8816e-07,5.1552e-08,2.7587e-08
9387.45,1.0121e-05,3.8067e-06,1.853e-06,3.7128e-07,5.1115e-08,2.7455e-08
9401.05,1.0261e-05,3.7849e-06,1.8441e-06,4.0658e-07,5.065e-08,2.7324e-08
9414.66,1.0401e-05,3.7631e-06,1.8353e-06,3.8098e-07,5.0186e-08,2.7195e-08
9428.26,1.054e-05,3.7412e-06,1.8265e-06,3.0512e-07,4.975e-08,2.7065e-08
9441.87,1.0679e-05,3.7188e-06,1.8175e-06,2.0728e-07,4.9364e-08,2.6933e-08
9455.47,1.0816e-05,3.6958e-06,1.8083e-06,1.1828e-07,4.904e-08,2.6797e-08
9469.08,1.095e-05,3.6716e-06,1.7986e-06,5.6977e-08,4.8771e-08,2.6654e-08
9482.68,1.1071e-05,3.6433e-06,1.7869e-06,2.5223e-08,4.8507e-08,2.6481e-08
9496.29,1.1211e-05,3.6211e-06,1.7782e-06,1.4173e-08,4.8365e-08,2.6354e-08
9509.89,1.1403e-05,3.6155e-06,1.7778e-06,1.6094e-08,4.8455e-08,2.6349e-08
9523.5,1.1528e-05,3.5884e-06,1.7668e-06,3.2601e-08,4.8239e-08,2.6187e-08
9537.1,1.1662e-05,3.564e-06,1.7572e-06,7.3525e-08,4.8012e-08,2.6046e-08
9550.71,1.1798e-05,3.5404e-06,1.7481e-06,1.465e-07,4.7735e-08,2.5911e-08
9564.31,1.1936e-05,3.5174e-06,1.7393e-06,2.4584e-07,4.7396e-08,2.5782e-08
9577.92,1.2076e-05,3.4949e-06,1.7308e-06,3.4885e-07,4.6999e-08,2.5657e-08
9591.52,1.2218e-05,3.4727e-06,1.7226e-06,4.2351e-07,4.6562e-08,2.5535e-08
9605.13,1.236e-05,3.4508e-06,1.7145e-06,4.4357e-07,4.6108e-08,2.5415e-08
9618.73,1.2503e-05,3.429e-06,1.7065e-06,4.0202e-07,4.5663e-08,2.5297e-08
9632.34,1.2647e-05,3.4071e-06,1.6985e-06,3.1463e-07,4.5251e-08,2.518e-08
9645.94,1.2789e-05,3.3848e-06,1.6903e-06,2.1148e-07,4.489e-08,2.506e-08
9659.55,1.2928e-05,3.3617e-06,1.6818e-06,1.218e-07,4.4583e-08,2.4934e-08
9673.15,1.3054e-05,3.3351e-06,1.6716e-06,6.1502e-08,4.4295e-08,2.4783e-08
9686.76,1.3194e-05,3.3121e-06,1.6632e-06,3.0654e-08,4.4109e-08,2.466e-08
9700.36,1.339e-05,3.3027e-06,1.6617e-06,2.0537e-08,4.4135e-08,2.4638e-08
9713.97,1.3522e-05,3.2775e-06,1.6523e-06,2.4905e-08,4.3957e-08,2.45e-08
9727.57,1.366e-05,3.2536e-06,1.6436e-06,4.6921e-08,4.3774e-08,2.4371e-08
9741.18,1.38e-05,3.2302e-06,1.6352e-06,9.584e-08,4.3552e-08,2.4246e-08
9754.78,1.3941e-05,3.207e-06,1.6269e-06,1.7701e-07,4.3274e-08,2.4124e-08
9768.39,1.4084e-05,3.1842e-06,1.6188e-06,2.8195e-07,4.2938e-08,2.4005e-08
9781.99,1.4229e-05,3.1617e-06,1.611e-06,3.8633e-07,4.2549e-08,2.3889e-08
9795.6,1.4376e-05,3.1396e-06,1.6034e-06,4.585e-07,4.2125e-08,2.3777e-08
9809.2,1.4524e-05,3.1178e-06,1.5959e-06,4.7404e-07,4.1688e-08,2.3667e-08
9822.81,1.4673e-05,3.0962e-06,1.5886e-06,4.2796e-07,4.1263e-08,2.3559e-08
9836.41,1.4824e-05,3.0746e-06,1.5814e-06,3.3705e-07,4.0871e-08,2.3452e-08
9850.02,1.4973e-05,3.0528e-06,1.5741e-06,2.3112e-07,4.0528e-08,2.3344e-08
9863.62,1.5116e-05,3.0297e-06,1.5661e-06,1.3864e-07,4.0229e-08,2.3226e-08
9877.23,1.526e-05,3.007e-06,1.5583e-06,7.5353e-08,3.9991e-08,2.3111e-08
9890.83,1.544e-05,2.9913e-06,1.5543e-06,4.1858e-08,3.9896e-08,2.3052e-08
9904.44,1.5583e-05,2.9683e-06,1.5465e-06,3.0418e-08,3.9732e-08,2.2936e-08
9918.04,1.5728e-05,2.9457e-06,1.5388e-06,3.5996e-08,3.9576e-08,2.2823e-08
9931.65,1.5872e-05,2.923e-06,1.5312e-06,6.159e-08,3.9399e-08,2.271e-08
9945.25,1.6015e-05,2.9002e-06,1.5236e-06,1.1562e-07,3.9182e-08,2.2598e-08
9958.86,1.6158e-05,2.8776e-06,1.5161e-06,2.0244e-07,3.891e-08,2.2486e-08
9972.46,1.6301e-05,2.8551e-06,1.5086e-06,3.1306e-07,3.8582e-08,2.2376e-08
9986.07,1.6445e-05,2.8329e-06,1.5014e-06,4.232e-07,3.8204e-08,2.2268e-08
9999.67,1.6591e-05,2.811e-06,1.4943e-06,5.0127e-07,3.7792e-08,2.2163e-08
