,1s,1s,1s,2p,2p,2p,2s,2s,2s,3s,3s,3s
,x,y,z,x,y,z,x,y,z,x,y,z
0,,,,,,,,,,,,
13.6,,,,,,,,,,0.27186,0.26814,0.096873
27.21,,,,,,,,,,0.22297,0.22065,0.13972
40.81,,,,,,,,,,0.16611,0.16471,0.12114
54.42,,,,,,,,,,0.12549,0.12448,0.09832
68.02,,,,4.2992,4.3099,4.3512,,,,0.096739,0.096001,0.079083
81.63,,,,3.5175,3.5321,3.5684,,,,0.076192,0.075799,0.064215
95.23,,,,2.893,2.9155,2.9462,0.38476,0.38373,0.34669,0.061575,0.0613,0.052995
108.84,,,,2.4053,2.4313,2.4566,0.35237,0.35187,0.32037,0.051008,0.050681,0.044493
122.44,,,,2.0223,2.0459,2.0665,0.32363,0.3234,0.29637,0.04282,0.042696,0.037943
136.05,,,,1.7162,1.7338,1.7506,0.29783,0.29769,0.27432,0.036704,0.036523,0.032787
149.65,,,,1.467,1.4787,1.4926,0.27452,0.27437,0.25406,0.031736,0.031651,0.02865
163.26,,,,1.2612,1.2692,1.2809,0.2534,0.25326,0.2355,0.02782,0.027727,0.025282
176.86,,,,1.0893,1.0965,1.1064,0.23428,0.2342,0.2186,0.024571,0.02453,0.022503
190.47,,,,0.94509,0.9534,0.96183,0.21698,0.21705,0.20327,0.021937,0.02188,0.020183
204.07,,,,0.82373,0.83398,0.84104,0.20135,0.20163,0.1894,0.019659,0.019662,0.018222
217.68,,,,0.72165,0.73347,0.73926,0.18725,0.18773,0.17681,0.017821,0.017776,0.016543
231.28,,,,0.63579,0.64814,0.65276,0.17449,0.17515,0.16536,0.016115,0.016152,0.015088
244.89,,,,0.56349,0.57519,0.57879,0.16293,0.16371,0.15489,0.014763,0.014739,0.013812
258.49,,,,0.50226,0.5124,0.51515,0.15242,0.15326,0.14529,0.013455,0.013493,0.012683
272.1,,,,0.45,0.45815,0.46022,0.14285,0.1437,0.13646,0.012369,0.012391,0.011677
285.7,,,,0.40485,0.41106,0.4126,0.1341,0.13491,0.12832,0.011396,0.011407,0.010775
299.31,,,,0.36534,0.37003,0.37119,0.12605,0.12683,0.12082,0.010465,0.010526,0.0099644
312.91,,,,0.33041,0.33421,0.33506,0.11868,0.11942,0.11392,0.0097233,0.0097381,0.0092359
326.52,,,,0.29923,0.30277,0.30337,0.11187,0.1126,0.10755,0.0089856,0.0090275,0.0085777
340.12,,,,0.27132,0.2751,0.27549,0.10557,0.10632,0.10168,0.008329,0.0083888,0.0079828
353.73,,,,0.24634,0.25065,0.25083,0.099728,0.10052,0.096243,0.0077903,0.0078108,0.0074438
367.33,,,,0.22404,0.22896,0.22894,0.094309,0.095166,0.091207,0.0072327,0.0072872,0.0069545
380.94,,,,0.20428,0.20967,0.20945,0.08928,0.090205,0.086533,0.0067538,0.0068133,0.0065096
394.54,,,,0.18683,0.19245,0.19203,0.084608,0.085595,0.082181,0.0063531,0.006381,0.0061037
408.15,,,,0.17148,0.17701,0.17642,0.080268,0.081305,0.078122,0.0059293,0.0059866,0.0057328
421.75,,,,0.158,0.16316,0.16242,0.076242,0.077309,0.074334,0.0055634,0.0056272,0.0053934
435.36,,,,0.14611,0.15068,0.14982,0.0725,0.073575,0.070789,0.0052632,0.0052973,0.0050818
448.96,,,,0.13555,0.13941,0.13844,0.069023,0.070086,0.067473,0.0049417,0.0049946,0.0047957
462.57,,,,0.12608,0.12921,0.12818,0.065787,0.066823,0.064366,0.0046493,0.0047171,0.0045324
476.17,,,,0.11747,0.11994,0.11887,0.062765,0.063765,0.061452,0.0044201,0.0044613,0.0042896
489.78,,,,0.10956,0.11151,0.11042,0.059939,0.060901,0.05872,0.0041808,0.0042249,0.0040654
503.38,,,,0.10222,0.10383,0.10273,0.057289,0.058215,0.056156,0.0039397,0.0040071,0.003858
516.99,,,,0.095359,0.096819,0.095708,0.054793,0.055692,0.053745,0.0037524,0.0038054,0.0036656
530.59,,,,0.08893,0.090405,0.089295,0.052437,0.053318,0.051475,0.0035788,0.0036177,0.0034868
544.2,,,,0.082916,0.084533,0.083422,0.05021,0.051087,0.049339,0.0033843,0.0034432,0.0033204
557.8,,,,0.077315,0.079146,0.078031,0.048101,0.048982,0.047323,0.0032164,0.0032809,0.003165
571.41,,,,0.072135,0.0742,0.073078,0.0461,0.046995,0.045417,0.0030848,0.0031289,0.0030195
585.01,,,,0.067385,0.069654,0.068521,0.044207,0.04512,0.043616,0.0029414,0.0029864,0.0028833
598.62,,,,0.06306,0.065467,0.064321,0.042412,0.043345,0.04191,0.0027898,0.002853,0.0027552
612.22,,,,0.059151,0.061605,0.060445,0.040715,0.041665,0.040294,0.0026706,0.0027278,0.0026349
625.83,,,,0.055631,0.058034,0.056861,0.039109,0.040071,0.038758,0.0025693,0.0026096,0.0025215
639.43,,,,0.052474,0.054733,0.053551,0.037599,0.038566,0.037307,0.0024513,0.0024985,0.0024149
653.04,,,,0.049632,0.051669,0.050483,0.036171,0.037136,0.035927,0.0023334,0.002394,0.0023142
666.64,,,,0.047058,0.048821,0.047636,0.034825,0.035778,0.034616,0.002244,0.0022954,0.0022192
680.25,,,,0.044709,0.046172,0.044993,0.033556,0.03449,0.033372,0.0021641,0.0022023,0.0021296
693.85,,,,0.042534,0.0437,0.042533,0.032353,0.033263,0.032185,0.0020681,0.002114,0.0020447
707.46,,,,0.040497,0.041393,0.040243,0.031216,0.032097,0.031058,0.0019735,0.0020309,0.0019644
721.06,,,,0.038563,0.039236,0.038107,0.030136,0.030987,0.029985,0.0019028,0.0019524,0.0018885
734.67,,,,0.036711,0.037221,0.036115,0.029108,0.02993,0.028963,0.0018403,0.0018779,0.0018166
748.27,,,,0.034919,0.035333,0.034251,0.028126,0.028921,0.027987,0.001764,0.0018071,0.0017484
761.88,,,,0.033185,0.033566,0.032509,0.027186,0.027959,0.027056,0.0016862,0.0017403,0.0016838
775.48,,,,0.031506,0.03191,0.030877,0.026286,0.02704,0.026167,0.0016275,0.001677,0.0016224
789.09,,,,0.029888,0.03036,0.02935,0.02542,0.026163,0.025317,0.0015793,0.0016167,0.0015641
802.69,,,,0.028338,0.028906,0.027915,0.024588,0.025323,0.024504,0.0015209,0.0015594,0.0015087
816.3,,,,0.026866,0.027542,0.02657,0.023788,0.02452,0.023726,0.001456,0.0015049,0.001456
829.9,,,,0.025482,0.026263,0.025306,0.023018,0.023752,0.022981,0.001404,0.0014533,0.0014058
843.51,,,,0.024193,0.025061,0.024118,0.02228,0.023017,0.022268,0.0013657,0.001404,0.0013581
857.11,,,,0.023003,0.023931,0.023,0.021572,0.022312,0.021584,0.0013232,0.001357,0.0013126
870.72,,,,0.021914,0.022867,0.021947,0.020894,0.021637,0.020928,0.0012705,0.0013122,0.0012692
884.32,,,,0.020923,0.021865,0.020955,0.020246,0.02099,0.020299,0.0012222,0.0012696,0.0012278
897.93,,,,0.020026,0.020919,0.02002,0.019627,0.02037,0.019697,0.001188,0.001229,0.0011884
911.53,,,,0.019213,0.020024,0.019136,0.019037,0.019775,0.019118,0.0011578,0.0011901,0.0011507
925.14,,,,0.018474,0.019177,0.018302,0.018474,0.019204,0.018562,0.0011188,0.0011529,0.0011146
938.74,,,,0.017798,0.018375,0.017513,0.017938,0.018655,0.018028,0.0010752,0.0011174,0.0010802
952.35,,,,0.017172,0.017614,0.016767,0.017425,0.018127,0.017515,0.0010404,0.0010835,0.0010471
965.95,,,,0.016584,0.016892,0.016061,0.016938,0.017622,0.017022,0.0010161,0.001051,0.0010156
979.56,,,,0.016024,0.016206,0.015391,0.01647,0.017134,0.016548,0.00099038,0.0010198,0.00098527
993.16,,,,0.015481,0.015553,0.014757,0.016023,0.016665,0.016091,0.0009561,0.0009898,0.0009562
1006.77,,,,0.014947,0.014932,0.014155,0.015592,0.016212,0.015651,0.00092093,0.00096109,0.00092827
1020.37,,,,0.01442,0.014342,0.013585,0.015178,0.015777,0.015228,0.0008951,0.00093363,0.0009015
1033.98,,,,0.013894,0.013781,0.013043,0.014778,0.015357,0.01482,0.00087648,0.00090712,0.00087571
1047.58,,,,0.01337,0.013248,0.012528,0.01439,0.014953,0.014426,0.00085453,0.00088156,0.00085091
1061.19,,,,0.012848,0.01274,0.012038,0.014015,0.014562,0.014046,0.0008253,0.00085697,0.00082705
1074.79,,,,0.012332,0.012257,0.011572,0.01365,0.014185,0.013679,0.00079642,0.00083334,0.00080404
1088.4,,,,0.011826,0.011798,0.01113,0.013297,0.013822,0.013327,0.00077591,0.0008107,0.00078195
1102.0,,,,0.011333,0.011362,0.010709,0.012953,0.013471,0.012985,0.00076109,0.00078877,0.00076061
1115.61,,,,0.01086,0.010946,0.010307,0.012619,0.013132,0.012656,0.00074306,0.00076758,0.00074006
1129.21,,,,0.010409,0.01055,0.0099244,0.012295,0.012805,0.012337,0.00071859,0.00074716,0.00072024
1142.82,,,,0.0099849,0.010174,0.0095602,0.011982,0.012489,0.01203,0.00069408,0.00072756,0.00070114
1156.42,,,,0.0095894,0.0098148,0.0092118,0.011677,0.012183,0.011733,0.00067644,0.00070864,0.00068268
1170.03,,,,0.0092254,0.0094723,0.0088798,0.011383,0.011888,0.011445,0.00066438,0.00069035,0.00066487
1183.63,,,,0.0088928,0.0091452,0.0085627,0.011099,0.011603,0.011167,0.00065041,0.00067265,0.00064769
1197.24,,,,0.0085908,0.0088324,0.0082596,0.010826,0.011327,0.010899,0.0006306,0.00065556,0.00063111
1210.84,,,,0.0083186,0.0085337,0.0079704,0.010564,0.01106,0.010639,0.00060931,0.00063912,0.0006151
1224.45,,,,0.0080722,0.0082469,0.0076933,0.010311,0.010802,0.010387,0.00059314,0.00062326,0.00059963
1238.05,,,,0.0078492,0.0079722,0.0074284,0.010068,0.010552,0.010143,0.00058283,0.00060792,0.00058467
1251.66,,,,0.0076458,0.0077086,0.007175,0.0098355,0.01031,0.0099075,0.00057264,0.00059303,0.00057021
1265.26,,,,0.0074574,0.0074554,0.0069322,0.0096119,0.010075,0.0096789,0.00055758,0.00057863,0.00055625
1278.87,,,,0.0072805,0.0072124,0.0067001,0.0093971,0.0098477,0.0094574,0.00053926,0.00056474,0.00054275
1292.47,0.038546,0.037094,0.036697,0.0071102,0.0069784,0.0064772,0.0091904,0.0096272,0.0092427,0.00052359,0.00055135,0.00052968
1306.08,0.038007,0.036567,0.036184,0.0069435,0.0067534,0.0062637,0.0089911,0.0094132,0.0090344,0.00051359,0.00053839,0.00051704
1319.68,0.037477,0.036051,0.035681,0.0067772,0.0065372,0.0060591,0.0087985,0.0092055,0.0088323,0.00050614,0.0005258,0.00050481
1333.29,0.036956,0.035543,0.035186,0.0066089,0.0063292,0.0058629,0.0086121,0.0090039,0.0086362,0.0004958,0.00051358,0.00049297
1346.89,0.036445,0.035046,0.034702,0.0064372,0.0061293,0.0056747,0.0084316,0.0088084,0.0084462,0.00048113,0.00050178,0.00048152
1360.5,0.035943,0.034558,0.034225,0.0062606,0.0059368,0.0054939,0.0082559,0.0086185,0.0082617,0.00046606,0.00049038,0.00047042
1374.1,0.03545,0.034078,0.033758,0.0060794,0.0057517,0.0053203,0.0080846,0.008434,0.0080825,0.00045516,0.00047937,0.00045967
1387.71,0.034965,0.033606,0.033298,0.0058941,0.0055739,0.0051537,0.0079173,0.0082547,0.0079084,0.0004486,0.00046867,0.00044926
1401.31,0.034488,0.033143,0.032846,0.0057061,0.005403,0.0049936,0.0077536,0.0080805,0.0077393,0.00044216,0.00045826,0.00043916
1414.92,0.03402,0.032688,0.032402,0.0055169,0.0052389,0.0048397,0.0075933,0.0079111,0.007575,0.00043203,0.00044815,0.00042937
1428.52,0.033561,0.032243,0.031968,0.0053284,0.0050812,0.0046918,0.0074368,0.0077471,0.0074158,0.00041891,0.0004384,0.00041991
1442.13,0.03311,0.031804,0.031541,0.0051427,0.0049297,0.0045495,0.0072832,0.0075874,0.0072609,0.00040693,0.00042896,0.00041072
1455.73,0.032666,0.031374,0.031121,0.004962,0.004784,0.0044125,0.0071328,0.0074321,0.0071103,0.00039918,0.00041981,0.0004018
1469.34,0.03223,0.030951,0.030709,0.0047882,0.004644,0.0042807,0.0069856,0.0072811,0.0069639,0.00039444,0.0004109,0.00039315
1482.94,0.0318,0.030534,0.030302,0.0046232,0.0045094,0.0041538,0.0068414,0.0071339,0.0068211,0.00038871,0.00040221,0.00038473
1496.55,0.031381,0.030129,0.029906,0.0044685,0.0043801,0.0040317,0.0067015,0.0069917,0.0066832,0.00037948,0.0003938,0.0003766
1510.15,0.030966,0.029727,0.029515,0.004325,0.0042555,0.0039141,0.0065646,0.0068528,0.0065484,0.00036812,0.00038563,0.00036867
1523.76,0.030559,0.029334,0.02913,0.0041935,0.0041355,0.0038006,0.0064317,0.0067177,0.0064174,0.00035842,0.00037772,0.00036098
1537.36,0.03016,0.028947,0.028753,0.0040742,0.0040198,0.0036913,0.0063026,0.0065863,0.0062898,0.00035252,0.00037004,0.0003535
1550.97,0.029766,0.028566,0.028381,0.0039668,0.0039082,0.0035858,0.0061774,0.0064583,0.0061656,0.0003489,0.00036253,0.00034623
1564.57,0.029377,0.028191,0.028014,0.003871,0.0038004,0.0034842,0.006056,0.0063333,0.0060444,0.00034405,0.00035519,0.00033913
1578.18,0.028999,0.027825,0.027658,0.0037858,0.0036965,0.0033862,0.0059396,0.0062125,0.0059272,0.00033603,0.0003481,0.00033228
1591.78,0.028625,0.027464,0.027305,0.0037099,0.0035958,0.0032916,0.0058266,0.0060942,0.0058124,0.0003262,0.00034118,0.00032558
1605.39,0.028256,0.027109,0.026958,0.0036417,0.0034984,0.0032003,0.0057177,0.005979,0.0057007,0.00031785,0.00033447,0.00031907
1618.99,0.027895,0.02676,0.026617,0.0035797,0.003404,0.0031122,0.0056127,0.0058668,0.0055919,0.00031283,0.00032795,0.00031272
1632.6,0.027538,0.026416,0.026281,0.0035221,0.0033125,0.003027,0.0055114,0.0057573,0.0054857,0.00030991,0.00032156,0.00030654
1646.2,0.027189,0.02608,0.025953,0.0034676,0.0032242,0.002945,0.0054139,0.0056509,0.0053827,0.0003061,0.00031535,0.00030054
1659.81,0.026843,0.025747,0.025627,0.003414,0.0031382,0.0028655,0.0053192,0.0055466,0.0052816,0.00029944,0.00030925,0.00029467
1673.41,0.026504,0.02542,0.025307,0.0033601,0.0030549,0.0027887,0.0052276,0.0054449,0.0051833,0.00029092,0.00030334,0.00028895
1687.02,0.02617,0.025098,0.024993,0.0033047,0.0029741,0.0027146,0.0051388,0.0053458,0.0050874,0.00028332,0.00029759,0.00028339
1700.62,0.025841,0.024783,0.024684,0.0032465,0.0028957,0.0026428,0.0050526,0.0052491,0.0049939,0.0002786,0.00029201,0.00027796
1714.23,0.025518,0.024472,0.024381,0.0031849,0.0028196,0.0025734,0.0049685,0.0051547,0.0049027,0.00027614,0.00028654,0.00027267
1727.83,0.025201,0.024167,0.024082,0.0031199,0.0027462,0.0025065,0.0048865,0.0050627,0.0048139,0.00027346,0.0002812,0.00026753
1741.44,0.024888,0.023866,0.023788,0.0030507,0.0026747,0.0024416,0.0048059,0.0049727,0.0047271,0.00026844,0.00027597,0.0002625
1755.04,0.02458,0.02357,0.023498,0.0029778,0.0026056,0.0023787,0.0047269,0.0048847,0.0046423,0.00026127,0.00027088,0.00025759
1768.65,0.024276,0.023279,0.023214,0.0029017,0.0025387,0.002318,0.0046492,0.0047989,0.0045595,0.00025416,0.00026593,0.00025281
1782.25,0.023978,0.022993,0.022934,0.002823,0.0024739,0.0022591,0.0045727,0.0047151,0.0044788,0.00024925,0.00026112,0.00024814
1795.86,0.023685,0.022712,0.022658,0.0027424,0.002411,0.002202,0.0044973,0.0046333,0.0044001,0.0002468,0.00025642,0.00024359
1809.46,0.023396,0.022435,0.022387,0.0026614,0.0023506,0.002147,0.004423,0.0045534,0.0043232,0.00024502,0.00025182,0.00023916
1823.07,0.023112,0.022162,0.022121,0.0025803,0.0022918,0.0020935,0.0043496,0.0044753,0.0042481,0.0002417,0.00024731,0.00023483
1836.67,0.022831,0.021894,0.021858,0.0025004,0.002235,0.0020416,0.0042771,0.0043989,0.0041746,0.00023611,0.0002429,0.0002306
1850.28,0.022555,0.02163,0.021599,0.0024229,0.00218,0.0019914,0.0042057,0.0043243,0.0041029,0.0002296,0.00023862,0.00022647
1863.88,0.022284,0.02137,0.021344,0.0023485,0.0021269,0.0019427,0.0041354,0.0042514,0.0040328,0.00022432,0.00023445,0.00022244
1877.49,0.022016,0.021114,0.021094,0.002278,0.0020754,0.0018955,0.0040663,0.0041801,0.0039643,0.0002214,0.00023038,0.00021851
1891.09,0.021754,0.020863,0.020847,0.0022123,0.0020257,0.0018498,0.0039986,0.0041106,0.0038975,0.00022005,0.0002264,0.00021467
1904.7,0.021495,0.020615,0.020605,0.0021515,0.0019774,0.0018053,0.0039322,0.0040426,0.0038321,0.00021831,0.0002225,0.00021093
1918.3,0.021239,0.020371,0.020366,0.0020961,0.0019306,0.0017622,0.0038673,0.003976,0.0037681,0.00021465,0.00021867,0.00020727
1931.91,0.020987,0.020131,0.02013,0.0020463,0.0018853,0.0017204,0.0038039,0.0039109,0.0037055,0.00020927,0.00021494,0.00020369
1945.51,0.020739,0.019894,0.019898,0.0020021,0.0018412,0.0016799,0.0037421,0.0038472,0.0036443,0.00020383,0.00021131,0.0002002
1959.12,0.020495,0.019661,0.019669,0.0019633,0.0017985,0.0016405,0.0036821,0.0037848,0.0035844,0.00020002,0.00020777,0.00019678
1972.72,0.020256,0.019433,0.019445,0.0019295,0.001757,0.0016024,0.0036242,0.0037242,0.0035261,0.00019826,0.00020432,0.00019346
1986.33,0.020018,0.019206,0.019223,0.0019001,0.0017165,0.0015652,0.0035678,0.0036645,0.0034688,0.00019735,0.00020092,0.0001902
1999.93,0.019785,0.018984,0.019005,0.0018746,0.0016771,0.0015292,0.0035133,0.0036062,0.0034128,0.00019553,0.00019759,0.00018702
2013.54,0.019555,0.018765,0.01879,0.0018523,0.0016387,0.0014941,0.0034605,0.0035491,0.003358,0.00019185,0.00019433,0.00018391
2027.14,0.019328,0.018549,0.018577,0.0018325,0.0016014,0.0014601,0.0034095,0.0034931,0.0033043,0.0001869,0.00019115,0.00018087
2040.75,0.019104,0.018336,0.018368,0.0018143,0.0015649,0.0014271,0.0033601,0.0034383,0.0032517,0.0001823,0.00018805,0.00017789
2054.35,0.018883,0.018125,0.018161,0.0017971,0.0015294,0.001395,0.0033121,0.0033844,0.0032001,0.00017934,0.00018502,0.00017497
2067.96,0.018668,0.017921,0.017961,0.0017799,0.0014947,0.0013638,0.0032662,0.0033323,0.0031501,0.00017813,0.00018208,0.00017215
2081.56,0.018455,0.017718,0.017761,0.001762,0.0014609,0.0013335,0.0032213,0.0032808,0.0031009,0.0001774,0.00017917,0.00016937
2095.17,0.018244,0.017518,0.017565,0.0017429,0.0014278,0.0013039,0.0031777,0.0032304,0.0030527,0.00017566,0.00017631,0.00016665
2108.77,0.018037,0.017321,0.017371,0.001722,0.0013956,0.0012752,0.0031352,0.003181,0.0030054,0.00017224,0.00017352,0.000164
2122.38,0.017832,0.017127,0.01718,0.0016989,0.0013642,0.0012473,0.0030936,0.0031325,0.0029592,0.00016781,0.00017079,0.00016139
2135.98,0.01763,0.016934,0.016991,0.0016734,0.0013335,0.0012201,0.0030527,0.0030849,0.0029137,0.0001638,0.00016813,0.00015884
2149.59,0.017434,0.016748,0.016808,0.0016453,0.0013037,0.0011938,0.0030132,0.0030388,0.0028697,0.00016136,0.00016555,0.00015637
2163.19,0.017237,0.016561,0.016624,0.0016146,0.0012746,0.0011681,0.0029736,0.0029929,0.002826,0.00016039,0.000163,0.00015392
2176.8,0.017044,0.016378,0.016443,0.0015815,0.0012463,0.0011431,0.0029347,0.0029482,0.0027834,0.00015987,0.00016049,0.00015153
2190.4,0.016854,0.016198,0.016266,0.0015463,0.0012187,0.0011187,0.0028963,0.0029043,0.0027417,0.00015846,0.00015803,0.00014919
2204.01,0.016666,0.01602,0.016091,0.0015091,0.0011918,0.001095,0.0028582,0.0028613,0.0027008,0.00015554,0.00015562,0.0001469
2217.61,0.016481,0.015845,0.015918,0.0014706,0.0011657,0.0010719,0.0028204,0.0028191,0.0026606,0.00015166,0.00015326,0.00014466
2231.22,0.016298,0.015671,0.015747,0.0014311,0.0011403,0.0010494,0.0027827,0.0027775,0.0026212,0.00014807,0.00015095,0.00014245
2244.82,0.01612,0.015503,0.015582,0.0013913,0.0011157,0.0010275,0.0027458,0.0027372,0.0025829,0.00014585,0.00014872,0.00014032
2258.43,0.015942,0.015334,0.015416,0.0013516,0.0010917,0.0010062,0.0027086,0.0026973,0.002545,0.00014502,0.0001465,0.0001382
2272.03,0.015767,0.015169,0.015252,0.0013125,0.0010684,0.00098544,0.0026719,0.0026582,0.0025079,0.00014477,0.00014432,0.00013613
2285.64,0.015595,0.015006,0.015092,0.0012745,0.0010457,0.0009652,0.0026354,0.0026198,0.0024716,0.00014387,0.00014218,0.0001341
2299.24,0.015425,0.014845,0.014933,0.0012381,0.0010237,0.00094547,0.0025994,0.0025823,0.002436,0.00014162,0.00014008,0.00013211
2312.85,0.015257,0.014687,0.014777,0.0012036,0.0010023,0.00092621,0.0025638,0.0025454,0.002401,0.00013832,0.00013802,0.00013016
2326.45,0.01509,0.014529,0.014621,0.0011712,0.00098138,0.00090737,0.0025284,0.002509,0.0023665,0.00013499,0.000136,0.00012824
2340.06,0.01493,0.014377,0.014471,0.0011418,0.00096131,0.00088927,0.0024941,0.0024738,0.0023332,0.00013271,0.00013405,0.00012638
2353.66,0.014768,0.014224,0.014321,0.0011148,0.0009416,0.00087145,0.00246,0.0024389,0.0023001,0.00013174,0.00013211,0.00012454
2367.27,0.014609,0.014074,0.014172,0.0010907,0.00092242,0.0008541,0.0024266,0.0024047,0.0022676,0.00013156,0.00013021,0.00012273
2380.87,0.014453,0.013926,0.014026,0.0010694,0.00090372,0.00083717,0.002394,0.0023711,0.0022358,0.0001311,0.00012833,0.00012096
2394.48,0.014298,0.01378,0.013882,0.001051,0.00088547,0.00082065,0.0023622,0.0023382,0.0022046,0.00012953,0.00012649,0.00011923
2408.08,0.014146,0.013637,0.013741,0.0010351,0.00086764,0.00080451,0.0023313,0.0023059,0.002174,0.0001268,0.00012468,0.00011752
2421.69,0.013996,0.013495,0.0136,0.0010217,0.0008502,0.00078875,0.0023011,0.0022741,0.002144,0.00012366,0.00012291,0.00011585
2435.29,0.013848,0.013356,0.013463,0.0010107,0.00083332,0.00077352,0.002272,0.002243,0.0021146,0.00012113,0.00012119,0.00011421
2448.9,0.013702,0.013217,0.013326,0.0010015,0.00081668,0.00075853,0.0022436,0.0022124,0.0020856,0.00011979,0.0001195,0.0001126
2462.5,0.013557,0.013081,0.013191,0.00099396,0.00080041,0.00074393,0.0022161,0.0021823,0.0020571,0.00011947,0.00011783,0.00011102
2476.11,0.013414,0.012947,0.013058,0.00098759,0.00078449,0.00072968,0.0021895,0.0021527,0.0020291,0.00011936,0.00011618,0.00010947
2489.71,0.013274,0.012814,0.012927,0.00098203,0.0007689,0.00071576,0.0021637,0.0021237,0.0020017,0.00011854,0.00011456,0.00010794
2503.32,0.013135,0.012684,0.012798,0.00097684,0.0007536,0.00070216,0.0021387,0.0020952,0.0019748,0.0001166,0.00011296,0.00010645
2516.92,0.012999,0.012555,0.012671,0.00097149,0.0007385,0.00068877,0.0021146,0.0020672,0.0019484,0.00011388,0.00011141,0.00010498
2530.53,0.012864,0.012428,0.012545,0.00096621,0.000724,0.00067598,0.0020911,0.0020397,0.0019224,0.00011123,0.00010988,0.00010354
2544.13,0.012731,0.012303,0.012421,0.00095993,0.0007096,0.00066331,0.0020683,0.0020127,0.0018969,0.00010944,0.00010839,0.00010213
2557.74,0.012599,0.012179,0.012299,0.00095265,0.0006955,0.00065093,0.002046,0.001986,0.0018718,0.00010876,0.00010692,0.00010074
2571.34,0.012469,0.012057,0.012177,0.00094412,0.00068169,0.00063886,0.0020241,0.0019598,0.0018472,0.00010876,0.00010547,9.937e-05
2584.95,0.012341,0.011936,0.012058,0.00093416,0.00066818,0.00062707,0.0020027,0.001934,0.0018229,0.00010861,0.00010404,9.8028e-05
2598.55,0.012214,0.011817,0.01194,0.00092262,0.00065494,0.00061555,0.0019816,0.0019087,0.0017991,0.00010761,0.00010263,9.6711e-05
2612.16,0.01209,0.011699,0.011823,0.00090941,0.00064196,0.00060425,0.0019609,0.0018838,0.0017758,0.0001056,0.00010125,9.5418e-05
2625.76,0.011967,0.011584,0.011709,0.00089473,0.00062937,0.00059332,0.0019405,0.0018594,0.0017529,0.0001031,9.9905e-05,9.4153e-05
2639.37,0.011846,0.01147,0.011596,0.00087839,0.00061696,0.00058254,0.0019202,0.0018353,0.0017303,0.0001009,9.8583e-05,9.2907e-05
2652.97,0.011726,0.011357,0.011484,0.00086064,0.00060484,0.00057201,0.0019,0.0018117,0.0017082,9.9608e-05,9.7286e-05,9.1683e-05
2666.58,0.011607,0.011246,0.011373,0.00084166,0.00059302,0.00056172,0.0018798,0.0017883,0.0016863,9.927e-05,9.6009e-05,9.0479e-05
2680.18,0.01149,0.011135,0.011264,0.00082169,0.00058148,0.00055167,0.0018597,0.0017654,0.0016649,9.9382e-05,9.4746e-05,8.9295e-05
2693.79,0.011374,0.011027,0.011156,0.00080095,0.00057022,0.00054185,0.0018396,0.0017427,0.0016437,9.9181e-05,9.3498e-05,8.813e-05
2707.39,0.011259,0.010918,0.011049,0.00077971,0.00055924,0.00053224,0.0018194,0.0017204,0.0016228,9.8112e-05,9.2264e-05,8.6981e-05
2721.0,0.011148,0.010814,0.010945,0.00075828,0.00054857,0.00052288,0.0017997,0.0016989,0.0016027,9.6193e-05,9.1076e-05,8.5874e-05
2734.6,0.011037,0.01071,0.010841,0.00073684,0.00053812,0.00051368,0.0017796,0.0016773,0.0015826,9.3907e-05,8.9895e-05,8.4769e-05
2748.21,0.010927,0.010607,0.010739,0.00071571,0.00052793,0.00050468,0.0017597,0.0016562,0.0015629,9.1998e-05,8.8743e-05,8.3687e-05
2761.81,0.010819,0.010505,0.010638,0.00069514,0.000518,0.00049588,0.0017398,0.0016354,0.0015436,9.0949e-05,8.7612e-05,8.2623e-05
2775.42,0.010712,0.010404,0.010538,0.00067536,0.00050832,0.00048727,0.00172,0.001615,0.0015245,9.0745e-05,8.6497e-05,8.1576e-05
2789.02,0.010606,0.010305,0.010439,0.00065658,0.00049889,0.00047884,0.0017003,0.0015948,0.0015057,9.0897e-05,8.5394e-05,8.0546e-05
2802.63,0.010501,0.010206,0.010341,0.00063898,0.00048969,0.00047061,0.0016806,0.0015749,0.0014871,9.072e-05,8.4301e-05,7.9529e-05
2816.23,0.010397,0.010109,0.010244,0.0006227,0.00048073,0.00046256,0.0016612,0.0015554,0.0014689,8.9745e-05,8.3225e-05,7.8532e-05
2829.84,0.010297,0.010015,0.010151,0.00060784,0.00047199,0.00045468,0.0016424,0.0015364,0.0014513,8.7998e-05,8.2186e-05,7.7567e-05
2843.44,0.010196,0.0099205,0.010056,0.00059447,0.00046344,0.00044696,0.0016236,0.0015175,0.0014337,8.5919e-05,8.1153e-05,7.6604e-05
2857.05,0.010097,0.0098273,0.0099638,0.00058262,0.00045507,0.0004394,0.0016051,0.001499,0.0014164,8.4178e-05,8.0144e-05,7.5659e-05
2870.65,0.0099991,0.0097354,0.0098723,0.0005723,0.00044689,0.00043199,0.001587,0.0014808,0.0013994,8.3216e-05,7.9154e-05,7.4731e-05
2884.26,0.0099023,0.0096446,0.0097818,0.00056348,0.00043889,0.00042474,0.0015694,0.0014628,0.0013826,8.3044e-05,7.8178e-05,7.3817e-05
2897.86,0.0098065,0.0095546,0.0096922,0.00055611,0.00043105,0.00041763,0.001552,0.0014451,0.0013661,8.3243e-05,7.7211e-05,7.2917e-05
2911.47,0.0097106,0.0094646,0.0096024,0.00055008,0.00042337,0.00041067,0.001535,0.0014275,0.0013497,8.3194e-05,7.6246e-05,7.2022e-05
2925.07,0.0096204,0.0093801,0.0095182,0.00054535,0.00041589,0.00040391,0.0015191,0.0014108,0.0013342,8.2482e-05,7.5329e-05,7.1175e-05
2938.68,0.009527,0.0092924,0.0094308,0.00054165,0.0004085,0.00039724,0.001503,0.0013937,0.0013183,8.0982e-05,7.4394e-05,7.031e-05
2952.28,0.0094356,0.0092067,0.0093453,0.00053887,0.00040127,0.00039072,0.0014876,0.001377,0.0013028,7.9117e-05,7.3484e-05,6.9466e-05
2965.89,0.0093456,0.0091222,0.0092611,0.00053679,0.00039415,0.00038432,0.0014726,0.0013607,0.0012875,7.7462e-05,7.2595e-05,6.8637e-05
2979.49,0.0092569,0.009039,0.009178,0.00053522,0.00038716,0.00037805,0.0014582,0.0013446,0.0012726,7.6469e-05,7.1723e-05,6.7822e-05
2993.1,0.0091692,0.0089567,0.0090959,0.00053395,0.00038028,0.0003719,0.0014441,0.0013287,0.0012578,7.6229e-05,7.0864e-05,6.702e-05
3006.7,0.0090824,0.0088753,0.0090146,0.00053277,0.00037352,0.00036587,0.0014305,0.001313,0.0012433,7.6438e-05,7.0013e-05,6.6229e-05
3020.31,0.0089959,0.0087941,0.0089335,0.00053146,0.00036687,0.00035996,0.0014172,0.0012975,0.0012288,7.6555e-05,6.9165e-05,6.5445e-05
3033.91,0.0089132,0.0087166,0.0088561,0.00052996,0.0003604,0.00035424,0.0014046,0.0012826,0.001215,7.613e-05,6.8348e-05,6.4693e-05
3047.52,0.0088288,0.0086374,0.0087771,0.00052787,0.00035397,0.00034857,0.001392,0.0012675,0.001201,7.4958e-05,6.7523e-05,6.3934e-05
3061.12,0.0087458,0.0085595,0.0086992,0.00052515,0.00034767,0.00034302,0.0013797,0.0012527,0.0011873,7.3305e-05,6.6717e-05,6.3189e-05
3074.73,0.008664,0.0084827,0.0086225,0.00052166,0.00034148,0.00033759,0.0013677,0.0012381,0.0011738,7.1669e-05,6.5928e-05,6.2457e-05
3088.33,0.0085833,0.008407,0.0085468,0.00051729,0.0003354,0.00033226,0.0013559,0.0012238,0.0011606,7.0525e-05,6.5154e-05,6.1737e-05
3101.94,0.0085037,0.0083323,0.0084721,0.00051195,0.00032941,0.00032702,0.0013443,0.0012097,0.0011475,7.0082e-05,6.4393e-05,6.1029e-05
3115.54,0.008425,0.0082585,0.0083982,0.00050562,0.00032353,0.00032188,0.0013328,0.0011957,0.0011346,7.019e-05,6.3641e-05,6.033e-05
3129.15,0.0083466,0.0081849,0.0083246,0.00049828,0.00031774,0.00031682,0.0013214,0.0011819,0.0011219,7.0416e-05,6.2892e-05,5.9639e-05
3142.75,0.0082708,0.0081139,0.0082536,0.00049018,0.00031218,0.00031197,0.0013103,0.0011685,0.0011096,7.0294e-05,6.2163e-05,5.8969e-05
3156.36,0.0081945,0.0080422,0.0081818,0.00048104,0.00030664,0.00030712,0.0012989,0.0011551,0.0010972,6.9511e-05,6.1432e-05,5.8299e-05
3169.96,0.008119,0.0079713,0.0081109,0.00047111,0.00030122,0.00030238,0.0012876,0.0011419,0.001085,6.8146e-05,6.0714e-05,5.7639e-05
3183.57,0.0080445,0.0079014,0.0080408,0.00046049,0.00029592,0.00029774,0.0012762,0.0011289,0.001073,6.657e-05,6.001e-05,5.6989e-05
3197.17,0.0079709,0.0078323,0.0079717,0.0004493,0.00029074,0.00029318,0.0012648,0.0011161,0.0010612,6.5255e-05,5.932e-05,5.6349e-05
3210.78,0.0078984,0.0077642,0.0079034,0.00043766,0.00028566,0.00028871,0.0012534,0.0011034,0.0010496,6.453e-05,5.8642e-05,5.572e-05
3224.38,0.0078268,0.007697,0.0078361,0.0004257,0.00028068,0.0002843,0.001242,0.001091,0.0010382,6.4427e-05,5.7975e-05,5.51e-05
3237.99,0.007756,0.0076305,0.0077695,0.00041356,0.00027579,0.00027996,0.0012305,0.0010787,0.0010269,6.4674e-05,5.7313e-05,5.4489e-05
3251.59,0.0076863,0.0075651,0.0077039,0.00040159,0.00027114,0.00027582,0.001219,0.0010667,0.0010159,6.4835e-05,5.666e-05,5.389e-05
3265.2,0.007617,0.0075001,0.0076387,0.0003896,0.00026649,0.00027166,0.0012074,0.0010547,0.0010049,6.4519e-05,5.6011e-05,5.3296e-05
3278.8,0.0075484,0.0074356,0.007574,0.00037789,0.00026196,0.00026758,0.0011958,0.001043,0.0009941,6.3593e-05,5.537e-05,5.271e-05
3292.41,0.0074805,0.0073718,0.00751,0.00036657,0.00025755,0.00026359,0.0011841,0.0010313,0.00098342,6.2241e-05,5.4739e-05,5.2131e-05
3306.01,0.0074134,0.0073088,0.0074467,0.00035574,0.00025324,0.00025968,0.0011724,0.0010199,0.00097289,6.0859e-05,5.4121e-05,5.1561e-05
3319.62,0.0073471,0.0072465,0.0073842,0.00034549,0.00024902,0.00025584,0.0011608,0.0010086,0.00096252,5.9848e-05,5.3514e-05,5.0999e-05
3333.22,0.0072817,0.007185,0.0073225,0.0003359,0.00024489,0.00025206,0.0011493,0.00099744,0.00095232,5.9421e-05,5.2917e-05,5.0447e-05
3346.83,0.0072173,0.0071245,0.0072617,0.00032701,0.00024084,0.00024833,0.0011379,0.00098651,0.00094229,5.9512e-05,5.2329e-05,4.9903e-05
3360.43,0.0071536,0.0070646,0.0072016,0.00031902,0.00023697,0.00024476,0.0011266,0.00097573,0.00093239,5.9808e-05,5.1746e-05,4.9368e-05
3374.04,0.0070906,0.0070054,0.0071421,0.00031172,0.00023309,0.00024116,0.0011154,0.0009651,0.00092263,5.9905e-05,5.1168e-05,4.884e-05
3387.64,0.0070282,0.0069468,0.0070831,0.00030527,0.0002293,0.00023765,0.0011044,0.0009546,0.000913,5.9499e-05,5.0595e-05,4.8318e-05
3401.25,0.0069664,0.0068886,0.0070247,0.00029966,0.0002256,0.0002342,0.0010935,0.00094423,0.00090347,5.8541e-05,5.003e-05,4.7803e-05
3414.85,0.0069051,0.006831,0.0069667,0.00029489,0.00022197,0.00023082,0.0010828,0.00093398,0.00089407,5.7256e-05,4.9475e-05,4.7294e-05
3428.46,0.0068445,0.0067739,0.0069093,0.00029093,0.00021842,0.0002275,0.0010724,0.00092387,0.00088478,5.6021e-05,4.8929e-05,4.6792e-05
3442.06,0.0067845,0.0067175,0.0068526,0.00028772,0.00021493,0.00022424,0.0010622,0.00091389,0.00087561,5.5176e-05,4.8392e-05,4.6297e-05
3455.67,0.006725,0.0066615,0.0067962,0.00028521,0.00021148,0.00022103,0.0010522,0.00090402,0.00086655,5.487e-05,4.7862e-05,4.5808e-05
3469.27,0.0066679,0.0066078,0.0067422,0.00028342,0.00020816,0.00021793,0.0010428,0.00089452,0.00085783,5.5016e-05,4.7349e-05,4.5337e-05
3482.88,0.00661,0.0065532,0.0066873,0.0002821,0.00020482,0.00021483,0.0010334,0.00088494,0.00084904,5.5284e-05,4.6831e-05,4.4862e-05
3496.48,0.006553,0.0064996,0.0066333,0.00028126,0.00020155,0.00021178,0.0010243,0.00087554,0.00084041,5.5324e-05,4.632e-05,4.4397e-05
3510.09,0.0064967,0.0064465,0.0065798,0.0002808,0.00019833,0.00020879,0.0010155,0.00086626,0.0008319,5.4883e-05,4.5814e-05,4.3937e-05
3523.69,0.0064409,0.0063939,0.0065268,0.00028062,0.00019516,0.00020586,0.001007,0.00085709,0.00082348,5.3944e-05,4.5315e-05,4.3484e-05
3537.3,0.0063855,0.0063417,0.0064742,0.00028059,0.00019204,0.00020298,0.00099864,0.00084801,0.00081516,5.2727e-05,4.4824e-05,4.3035e-05
3550.9,0.0063305,0.0062899,0.006422,0.00028063,0.00018897,0.00020015,0.00099054,0.00083903,0.00080692,5.1578e-05,4.4341e-05,4.2592e-05
3564.51,0.0062759,0.0062384,0.0063701,0.00028061,0.00018594,0.00019737,0.00098263,0.00083012,0.00079876,5.0799e-05,4.3864e-05,4.2152e-05
3578.11,0.0062215,0.006187,0.0063183,0.00028041,0.00018294,0.00019464,0.00097487,0.00082127,0.00079065,5.0519e-05,4.3391e-05,4.1716e-05
3591.72,0.0061709,0.0061394,0.0062703,0.00027998,0.00018003,0.00019198,0.0009678,0.00081296,0.00078306,5.0672e-05,4.2946e-05,4.1307e-05
3605.32,0.0061185,0.0060899,0.0062203,0.00027918,0.00017713,0.00018934,0.00096052,0.00080444,0.00077527,5.0939e-05,4.2487e-05,4.0888e-05
3618.93,0.0060669,0.0060412,0.0061712,0.00027796,0.00017427,0.00018674,0.00095343,0.00079606,0.00076761,5.1012e-05,4.2035e-05,4.0477e-05
3632.53,0.0060159,0.005993,0.0061226,0.00027625,0.00017145,0.00018418,0.00094646,0.00078779,0.00076006,5.0653e-05,4.1587e-05,4.0071e-05
3646.14,0.0059654,0.0059453,0.0060745,0.00027401,0.00016868,0.00018167,0.00093958,0.00077962,0.00075259,4.9835e-05,4.1146e-05,3.967e-05
3659.74,0.0059152,0.005898,0.0060267,0.00027123,0.00016596,0.00017921,0.00093274,0.00077152,0.0007452,4.8741e-05,4.0711e-05,3.9274e-05
3673.35,0.0058654,0.0058508,0.0059791,0.0002679,0.00016328,0.00017678,0.0009259,0.00076348,0.00073787,4.7678e-05,4.0282e-05,3.8881e-05
3686.95,0.0058148,0.005803,0.0059307,0.00026401,0.00016064,0.0001744,0.0009189,0.00075539,0.00073049,4.6925e-05,3.9852e-05,3.8485e-05
3700.56,0.00577,0.0057608,0.0058881,0.00025961,0.00015808,0.00017208,0.00091272,0.00074807,0.00072384,4.6674e-05,3.9464e-05,3.8128e-05
3714.16,0.0057209,0.0057142,0.0058411,0.0002547,0.00015554,0.00016978,0.00090576,0.00074021,0.00071668,4.6784e-05,3.9046e-05,3.7745e-05
3727.77,0.0056733,0.0056692,0.0057955,0.00024934,0.00015304,0.00016752,0.00089893,0.00073258,0.00070974,4.7074e-05,3.8639e-05,3.7373e-05
3741.37,0.0056264,0.0056248,0.0057507,0.00024358,0.0001506,0.00016529,0.0008921,0.00072508,0.00070292,4.7237e-05,3.8237e-05,3.7008e-05
3754.98,0.0055802,0.0055811,0.0057064,0.0002375,0.0001482,0.0001631,0.00088523,0.00071768,0.00069619,4.7031e-05,3.7839e-05,3.6648e-05
3768.58,0.0055344,0.0055377,0.0056626,0.00023116,0.00014584,0.00016094,0.0008783,0.00071037,0.00068955,4.6384e-05,3.7446e-05,3.6293e-05
3782.19,0.0054891,0.0054947,0.0056191,0.00022464,0.00014354,0.00015881,0.00087128,0.00070314,0.00068298,4.5425e-05,3.7059e-05,3.5941e-05
3795.79,0.0054438,0.0054518,0.0055757,0.00021801,0.00014128,0.00015673,0.00086414,0.00069595,0.00067645,4.4415e-05,3.6677e-05,3.5592e-05
3809.4,0.0053985,0.0054088,0.0055321,0.00021135,0.00013908,0.00015468,0.00085685,0.00068878,0.00066993,4.3631e-05,3.6297e-05,3.5244e-05
3823.0,0.005357,0.0053696,0.0054925,0.00020476,0.00013694,0.00015268,0.00085003,0.00068213,0.00066391,4.3276e-05,3.5946e-05,3.4922e-05
3836.61,0.0053127,0.0053276,0.0054499,0.00019823,0.00013483,0.0001507,0.00084264,0.00067515,0.00065756,4.3298e-05,3.5577e-05,3.4583e-05
3850.21,0.0052694,0.0052864,0.0054083,0.00019186,0.00013277,0.00014875,0.00083529,0.00066832,0.00065136,4.356e-05,3.5214e-05,3.4252e-05
3863.82,0.0052268,0.0052459,0.0053673,0.0001857,0.00013075,0.00014683,0.00082794,0.0006616,0.00064525,4.3795e-05,3.4855e-05,3.3926e-05
3877.42,0.0051848,0.005206,0.0053268,0.0001798,0.00012877,0.00014494,0.00082059,0.00065499,0.00063924,4.3751e-05,3.45e-05,3.3605e-05
3891.03,0.0051432,0.0051666,0.0052869,0.0001742,0.00012684,0.00014308,0.00081326,0.00064846,0.00063331,4.3299e-05,3.4149e-05,3.3289e-05
3904.63,0.0051021,0.0051275,0.0052472,0.00016892,0.00012494,0.00014125,0.00080593,0.00064202,0.00062745,4.2491e-05,3.3803e-05,3.2976e-05
3918.24,0.0050611,0.0050885,0.0052077,0.00016401,0.00012308,0.00013943,0.00079859,0.00063561,0.00062163,4.153e-05,3.3462e-05,3.2666e-05
3931.84,0.0050198,0.0050491,0.0051678,0.00015948,0.00012126,0.00013765,0.00079117,0.00062919,0.00061578,4.0673e-05,3.3121e-05,3.2354e-05
3945.45,0.004982,0.0050132,0.0051314,0.00015543,0.00011952,0.00013595,0.00078431,0.00062324,0.00061038,4.0161e-05,3.2806e-05,3.2066e-05
3959.05,0.004942,0.0049751,0.0050927,0.00015174,0.00011777,0.00013423,0.00077712,0.00061704,0.00060473,4.0019e-05,3.2478e-05,3.1764e-05
3972.66,0.0049026,0.0049375,0.0050546,0.00014849,0.00011607,0.00013254,0.00077007,0.00061093,0.00059917,4.0186e-05,3.2154e-05,3.1468e-05
3986.26,0.0048637,0.0049004,0.005017,0.00014566,0.00011439,0.00013089,0.00076314,0.00060492,0.00059369,4.045e-05,3.1832e-05,3.1176e-05
3999.87,0.0048253,0.0048639,0.0049799,0.00014325,0.00011274,0.00012925,0.00075637,0.00059899,0.00058829,4.0563e-05,3.1514e-05,3.0888e-05
4013.47,0.0047875,0.0048278,0.0049432,0.00014125,0.00011112,0.00012764,0.00074975,0.00059316,0.00058297,4.0342e-05,3.12e-05,3.0605e-05
4027.08,0.0047501,0.0047921,0.004907,0.00013964,0.00010953,0.00012605,0.0007433,0.0005874,0.00057773,3.9747e-05,3.089e-05,3.0325e-05
4040.68,0.0047131,0.0047567,0.0048711,0.00013839,0.00010795,0.00012447,0.000737,0.00058171,0.00057254,3.8896e-05,3.0585e-05,3.0048e-05
4054.29,0.0046759,0.0047212,0.004835,0.00013747,0.00010638,0.00012291,0.00073079,0.00057602,0.00056735,3.8008e-05,3.0281e-05,2.9772e-05
4067.89,0.0046406,0.0046876,0.0048009,0.00013696,0.00010491,0.00012146,0.00072498,0.00057059,0.0005624,3.7329e-05,2.9993e-05,2.9508e-05
4081.5,0.0046045,0.004653,0.0047657,0.00013664,0.00010341,0.00011996,0.00071915,0.00056506,0.00055736,3.6981e-05,2.97e-05,2.924e-05
4095.1,0.0045686,0.0046187,0.0047309,0.00013654,0.00010193,0.00011849,0.00071348,0.0005596,0.00055237,3.6983e-05,2.9411e-05,2.8974e-05
4108.71,0.0045332,0.0045847,0.0046963,0.00013663,0.00010047,0.00011705,0.00070797,0.0005542,0.00054745,3.7208e-05,2.9123e-05,2.8712e-05
4122.31,0.0044981,0.0045511,0.0046622,0.00013683,9.903e-05,0.00011563,0.00070264,0.00054887,0.00054258,3.7444e-05,2.8838e-05,2.8452e-05
4135.92,0.0044635,0.0045179,0.0046284,0.0001371,9.7608e-05,0.00011423,0.00069747,0.00054361,0.00053778,3.7474e-05,2.8555e-05,2.8197e-05
4149.52,0.0044293,0.0044852,0.0045952,0.00013738,9.6201e-05,0.00011285,0.00069247,0.00053843,0.00053306,3.717e-05,2.8276e-05,2.7945e-05
4163.13,0.0043956,0.0044529,0.0045623,0.00013761,9.4803e-05,0.00011147,0.00068762,0.00053331,0.0005284,3.6541e-05,2.8001e-05,2.7697e-05
4176.73,0.0043623,0.0044209,0.0045298,0.00013773,9.3414e-05,0.00011011,0.00068289,0.00052826,0.00052379,3.5731e-05,2.7731e-05,2.7452e-05
4190.34,0.0043294,0.0043893,0.0044976,0.00013782,9.2113e-05,0.00010886,0.00067828,0.00052327,0.00051926,3.4955e-05,2.7466e-05,2.721e-05
4203.94,0.0042967,0.0043579,0.0044657,0.00013762,9.0765e-05,0.00010754,0.00067375,0.00051833,0.00051475,3.4406e-05,2.7204e-05,2.697e-05
4217.55,0.0042642,0.0043267,0.0044339,0.00013722,8.9443e-05,0.00010626,0.00066928,0.00051342,0.00051028,3.4186e-05,2.6945e-05,2.6732e-05
4231.15,0.0042319,0.0042956,0.0044022,0.00013658,8.8141e-05,0.00010499,0.00066485,0.00050855,0.00050585,3.4272e-05,2.6687e-05,2.6496e-05
4244.76,0.0041998,0.0042648,0.0043708,0.00013568,8.686e-05,0.00010375,0.00066046,0.00050373,0.00050147,3.4527e-05,2.6431e-05,2.6262e-05
4258.36,0.0041681,0.0042342,0.0043397,0.0001345,8.5598e-05,0.00010253,0.0006561,0.00049896,0.00049713,3.4748e-05,2.6177e-05,2.6031e-05
4271.97,0.0041368,0.004204,0.004309,0.00013304,8.4353e-05,0.00010133,0.00065177,0.00049425,0.00049285,3.4746e-05,2.5924e-05,2.5803e-05
4285.57,0.0041058,0.0041742,0.0042786,0.00013129,8.3122e-05,0.00010014,0.00064746,0.00048961,0.00048862,3.4424e-05,2.5675e-05,2.5578e-05
4299.18,0.0040754,0.0041449,0.0042487,0.00012926,8.1906e-05,9.8958e-05,0.00064317,0.00048504,0.00048448,3.3813e-05,2.543e-05,2.5358e-05
4312.78,0.0040455,0.004116,0.0042193,0.00012705,8.0758e-05,9.7852e-05,0.00063888,0.00048054,0.00048039,3.3056e-05,2.5191e-05,2.514e-05
4326.39,0.0040156,0.0040872,0.0041899,0.00012453,7.9576e-05,9.6697e-05,0.00063454,0.00047606,0.00047633,3.2349e-05,2.4954e-05,2.4924e-05
4339.99,0.0039861,0.0040586,0.0041608,0.00012183,7.8423e-05,9.557e-05,0.00063015,0.00047164,0.00047231,3.1863e-05,2.4721e-05,2.471e-05
4353.6,0.0039567,0.0040303,0.0041319,0.00011896,7.7294e-05,9.4461e-05,0.0006257,0.00046725,0.00046833,3.1684e-05,2.449e-05,2.4498e-05
4367.2,0.0039276,0.0040021,0.0041031,0.00011595,7.6188e-05,9.3372e-05,0.00062118,0.0004629,0.00046438,3.1779e-05,2.4261e-05,2.4288e-05
4380.81,0.0038986,0.003974,0.0040745,0.00011284,7.5105e-05,9.23e-05,0.00061659,0.00045859,0.00046046,3.2017e-05,2.4033e-05,2.408e-05
4394.41,0.0038698,0.0039461,0.0040461,0.00010966,7.4044e-05,9.1246e-05,0.00061192,0.00045431,0.00045658,3.2214e-05,2.3805e-05,2.3873e-05
4408.02,0.0038413,0.0039185,0.0040179,0.00010644,7.3004e-05,9.0207e-05,0.00060719,0.00045008,0.00045273,3.2199e-05,2.3579e-05,2.3669e-05
4421.62,0.0038128,0.0038908,0.0039897,0.0001032,7.1978e-05,8.9176e-05,0.00060236,0.00044587,0.0004489,3.1882e-05,2.3353e-05,2.3465e-05
4435.23,0.0037871,0.003866,0.0039644,0.00010004,7.1018e-05,8.8204e-05,0.00059789,0.000442,0.00044541,3.1316e-05,2.3147e-05,2.328e-05
4448.83,0.0037588,0.0038385,0.0039363,9.6842e-05,7.0021e-05,8.7188e-05,0.0005929,0.00043784,0.00044162,3.0587e-05,2.2926e-05,2.3079e-05
4462.44,0.0037317,0.0038122,0.0039094,9.3727e-05,6.9059e-05,8.6199e-05,0.00058802,0.00043383,0.00043798,2.9907e-05,2.2714e-05,2.2885e-05
4476.04,0.003705,0.0037862,0.0038829,9.0699e-05,6.8118e-05,8.5225e-05,0.00058312,0.00042988,0.00043438,2.9428e-05,2.2507e-05,2.2694e-05
4489.65,0.0036784,0.0037604,0.0038565,8.7774e-05,6.7198e-05,8.4264e-05,0.00057819,0.00042596,0.00043082,2.9231e-05,2.2301e-05,2.2505e-05
4503.25,0.003652,0.0037347,0.0038303,8.4966e-05,6.6298e-05,8.3319e-05,0.00057322,0.00042209,0.00042729,2.9297e-05,2.2097e-05,2.2318e-05
4516.86,0.0036258,0.0037091,0.0038042,8.2288e-05,6.5418e-05,8.2389e-05,0.00056823,0.00041823,0.00042378,2.9514e-05,2.1894e-05,2.2132e-05
4530.46,0.0035996,0.0036836,0.0037781,7.9751e-05,6.4558e-05,8.1474e-05,0.00056323,0.00041441,0.00042029,2.9714e-05,2.1691e-05,2.1947e-05
4544.07,0.0035735,0.0036581,0.003752,7.7361e-05,6.3715e-05,8.0574e-05,0.0005582,0.0004106,0.00041681,2.9736e-05,2.1487e-05,2.1762e-05
4557.67,0.0035477,0.0036329,0.0037263,7.5124e-05,6.2887e-05,7.9684e-05,0.00055323,0.00040684,0.00041338,2.949e-05,2.1286e-05,2.158e-05
4571.28,0.0035245,0.0036104,0.0037033,7.3076e-05,6.2088e-05,7.8816e-05,0.00054867,0.00040341,0.00041026,2.9005e-05,2.1103e-05,2.1415e-05
4584.88,0.0034991,0.0035855,0.0036779,7.1174e-05,6.1289e-05,7.795e-05,0.00054377,0.00039972,0.00040688,2.8346e-05,2.0907e-05,2.1236e-05
4598.49,0.0034744,0.0035613,0.0036532,6.9449e-05,6.0506e-05,7.7095e-05,0.00053901,0.00039614,0.0004036,2.77e-05,2.0717e-05,2.1062e-05
4612.09,0.0034501,0.0035375,0.0036288,6.7905e-05,5.9734e-05,7.6249e-05,0.00053435,0.00039261,0.00040037,2.7216e-05,2.0532e-05,2.0891e-05
4625.7,0.003426,0.003514,0.0036048,6.6544e-05,5.8976e-05,7.5415e-05,0.00052977,0.00038912,0.00039718,2.6986e-05,2.0348e-05,2.0722e-05
4639.3,0.0034021,0.0034906,0.0035809,6.5368e-05,5.8229e-05,7.4591e-05,0.00052528,0.00038567,0.00039401,2.7012e-05,2.0167e-05,2.0555e-05
4652.91,0.0033784,0.0034673,0.003557,6.4377e-05,5.7495e-05,7.378e-05,0.00052086,0.00038223,0.00039087,2.7211e-05,1.9986e-05,2.0389e-05
4666.51,0.0033546,0.003444,0.0035331,6.3568e-05,5.6772e-05,7.2981e-05,0.00051652,0.00037882,0.00038773,2.7436e-05,1.9804e-05,2.0223e-05
4680.12,0.0033304,0.0034202,0.0035088,6.2932e-05,5.606e-05,7.2195e-05,0.00051219,0.00037537,0.00038455,2.7531e-05,1.962e-05,2.0055e-05
4693.72,0.0033058,0.0033959,0.003484,6.246e-05,5.5356e-05,7.1422e-05,0.00050786,0.00037188,0.00038132,2.7385e-05,1.9433e-05,1.9884e-05
4707.33,0.0032865,0.0033771,0.0034647,6.2159e-05,5.4672e-05,7.0664e-05,0.00050442,0.00036899,0.00037872,2.7026e-05,1.9278e-05,1.9746e-05
4720.93,0.0032633,0.0033543,0.0034414,6.1984e-05,5.3987e-05,6.9911e-05,0.00050048,0.0003657,0.00037568,2.645e-05,1.9103e-05,1.9586e-05
4734.54,0.0032408,0.0033321,0.0034186,6.1932e-05,5.3309e-05,6.9167e-05,0.00049671,0.00036247,0.00037271,2.5829e-05,1.8932e-05,1.9429e-05
4748.14,0.0032186,0.0033102,0.0033963,6.1981e-05,5.2637e-05,6.8431e-05,0.00049306,0.0003593,0.00036979,2.5311e-05,1.8765e-05,1.9275e-05
4761.75,0.0031967,0.0032886,0.0033742,6.2111e-05,5.1972e-05,6.7703e-05,0.00048954,0.00035617,0.00036692,2.5003e-05,1.8601e-05,1.9124e-05
4775.35,0.0031751,0.0032673,0.0033523,6.23e-05,5.1313e-05,6.6984e-05,0.00048612,0.00035308,0.00036407,2.4941e-05,1.8438e-05,1.8974e-05
4788.96,0.0031536,0.003246,0.0033306,6.2523e-05,5.0661e-05,6.6273e-05,0.00048277,0.00035001,0.00036125,2.5077e-05,1.8277e-05,1.8825e-05
4802.56,0.003132,0.0032247,0.0033088,6.2757e-05,5.0015e-05,6.5571e-05,0.00047948,0.00034695,0.00035843,2.5296e-05,1.8115e-05,1.8676e-05
4816.17,0.0031098,0.0032027,0.0032862,6.2975e-05,4.9374e-05,6.4874e-05,0.00047613,0.00034383,0.00035554,2.5448e-05,1.7949e-05,1.8524e-05
4829.77,0.0030927,0.003186,0.0032691,6.3193e-05,4.8768e-05,6.423e-05,0.00047361,0.00034127,0.00035324,2.546e-05,1.7812e-05,1.8402e-05
4843.38,0.0030701,0.0031635,0.003246,6.332e-05,4.8138e-05,6.3548e-05,0.00047026,0.00033812,0.00035031,2.5184e-05,1.7644e-05,1.8248e-05
4856.98,0.0030491,0.0031426,0.0032246,6.3385e-05,4.7523e-05,6.2888e-05,0.00046718,0.00033515,0.00034757,2.4707e-05,1.7486e-05,1.8104e-05
4870.59,0.0030284,0.0031221,0.0032037,6.3364e-05,4.6916e-05,6.2237e-05,0.00046417,0.00033223,0.00034488,2.4122e-05,1.7332e-05,1.7962e-05
4884.19,0.0030082,0.003102,0.003183,6.3245e-05,4.6315e-05,6.1595e-05,0.00046121,0.00032936,0.00034224,2.3564e-05,1.7181e-05,1.7823e-05
4897.8,0.0029882,0.0030821,0.0031627,6.302e-05,4.5721e-05,6.0958e-05,0.00045829,0.00032653,0.00033963,2.3156e-05,1.7033e-05,1.7686e-05
4911.4,0.0029685,0.0030625,0.0031426,6.2686e-05,4.5133e-05,6.0328e-05,0.00045539,0.00032374,0.00033706,2.2968e-05,1.6888e-05,1.755e-05
4925.01,0.002949,0.0030431,0.0031227,6.2242e-05,4.4551e-05,5.9704e-05,0.0004525,0.00032097,0.00033452,2.2998e-05,1.6743e-05,1.7417e-05
4938.61,0.0029295,0.0030238,0.0031029,6.1692e-05,4.3977e-05,5.9085e-05,0.00044958,0.00031823,0.000332,2.3171e-05,1.66e-05,1.7283e-05
4952.22,0.0029096,0.0030039,0.0030825,6.1034e-05,4.3402e-05,5.846e-05,0.00044654,0.00031544,0.00032942,2.3363e-05,1.6453e-05,1.7148e-05
4965.82,0.0028928,0.0029872,0.0030654,6.0345e-05,4.2889e-05,5.7925e-05,0.00044393,0.00031299,0.0003272,2.3474e-05,1.6323e-05,1.7031e-05
4979.43,0.002873,0.0029674,0.0030451,5.9515e-05,4.2331e-05,5.7314e-05,0.0004408,0.00031023,0.00032465,2.3362e-05,1.6177e-05,1.6896e-05
4993.03,0.0028539,0.0029484,0.0030256,5.8629e-05,4.1795e-05,5.6731e-05,0.00043772,0.00030756,0.00032218,2.3033e-05,1.6035e-05,1.6767e-05
5006.64,0.0028351,0.0029295,0.0030062,5.7687e-05,4.1271e-05,5.6159e-05,0.00043461,0.00030492,0.00031974,2.2536e-05,1.5895e-05,1.6639e-05
5020.24,0.0028165,0.0029109,0.0029872,5.6698e-05,4.0756e-05,5.5595e-05,0.00043147,0.00030231,0.00031734,2.1982e-05,1.5759e-05,1.6512e-05
5033.85,0.0027982,0.0028926,0.0029683,5.5673e-05,4.0251e-05,5.5037e-05,0.0004283,0.00029974,0.00031497,2.1494e-05,1.5625e-05,1.6387e-05
5047.45,0.0027801,0.0028745,0.0029498,5.462e-05,3.9754e-05,5.4485e-05,0.0004251,0.00029721,0.00031264,2.1174e-05,1.5493e-05,1.6265e-05
5061.06,0.0027623,0.0028566,0.0029314,5.3549e-05,3.9265e-05,5.3937e-05,0.00042187,0.00029471,0.00031033,2.1065e-05,1.5364e-05,1.6143e-05
5074.66,0.0027447,0.0028389,0.0029133,5.2466e-05,3.8783e-05,5.3392e-05,0.0004186,0.00029225,0.00030806,2.1144e-05,1.5236e-05,1.6024e-05
5088.27,0.0027271,0.0028213,0.0028952,5.137e-05,3.83e-05,5.2836e-05,0.00041526,0.00028979,0.00030579,2.1329e-05,1.5107e-05,1.5904e-05
5101.87,0.0027105,0.0028046,0.0028781,5.0339e-05,3.7896e-05,5.2393e-05,0.00041201,0.00028745,0.00030364,2.151e-05,1.4984e-05,1.5791e-05
5115.48,0.0026931,0.002787,0.00286,4.9241e-05,3.7424e-05,5.1837e-05,0.00040857,0.00028502,0.00030139,2.1562e-05,1.4855e-05,1.5673e-05
5129.08,0.0026759,0.0027697,0.0028423,4.8165e-05,3.6981e-05,5.1318e-05,0.00040511,0.00028263,0.00029918,2.142e-05,1.4729e-05,1.5556e-05
5142.69,0.0026588,0.0027524,0.0028246,4.7097e-05,3.6552e-05,5.0811e-05,0.00040163,0.00028026,0.00029698,2.1079e-05,1.4603e-05,1.544e-05
5156.29,0.0026418,0.0027353,0.002807,4.6033e-05,3.6132e-05,5.0313e-05,0.00039812,0.00027791,0.0002948,2.0601e-05,1.4479e-05,1.5326e-05
5169.9,0.0026249,0.0027183,0.0027895,4.4973e-05,3.5722e-05,4.9822e-05,0.0003946,0.00027559,0.00029264,2.0091e-05,1.4357e-05,1.5212e-05
5183.5,0.0026083,0.0027015,0.0027723,4.3917e-05,3.532e-05,4.9337e-05,0.00039109,0.0002733,0.0002905,1.9662e-05,1.4238e-05,1.51e-05
5197.11,0.0025919,0.0026849,0.0027553,4.2865e-05,3.4925e-05,4.8856e-05,0.00038759,0.00027104,0.0002884,1.94e-05,1.412e-05,1.4989e-05
5210.71,0.0025758,0.0026686,0.0027385,4.1817e-05,3.4536e-05,4.8378e-05,0.00038413,0.00026881,0.00028633,1.9334e-05,1.4005e-05,1.488e-05
5224.32,0.0025598,0.0026524,0.0027219,4.0773e-05,3.4146e-05,4.7894e-05,0.00038069,0.00026662,0.00028429,1.9436e-05,1.389e-05,1.4772e-05
5237.92,0.0025441,0.0026365,0.0027055,3.9743e-05,3.3758e-05,4.7404e-05,0.00037729,0.00026445,0.00028227,1.9626e-05,1.3776e-05,1.4666e-05
5251.53,0.0025285,0.0026207,0.0026893,3.8784e-05,3.3434e-05,4.7008e-05,0.00037392,0.00026231,0.00028027,1.9797e-05,1.3663e-05,1.4561e-05
5265.13,0.002513,0.0026049,0.0026731,3.7807e-05,3.3069e-05,4.6545e-05,0.00037059,0.00026018,0.00027828,1.9846e-05,1.355e-05,1.4456e-05
5278.74,0.0024975,0.0025892,0.002657,3.6866e-05,3.2713e-05,4.6094e-05,0.00036729,0.00025807,0.0002763,1.9712e-05,1.3437e-05,1.4352e-05
5292.34,0.0024821,0.0025735,0.0026409,3.5967e-05,3.2365e-05,4.5651e-05,0.00036403,0.00025597,0.00027433,1.9395e-05,1.3325e-05,1.4248e-05
5305.95,0.0024667,0.0025578,0.0026248,3.5116e-05,3.2024e-05,4.5215e-05,0.00036082,0.00025388,0.00027237,1.8954e-05,1.3214e-05,1.4145e-05
5319.55,0.0024514,0.0025422,0.0026088,3.4321e-05,3.1688e-05,4.4786e-05,0.00035767,0.00025181,0.00027042,1.8486e-05,1.3105e-05,1.4043e-05
5333.16,0.0024363,0.0025268,0.0025929,3.3588e-05,3.1356e-05,4.4362e-05,0.00035459,0.00024976,0.00026849,1.8095e-05,1.2998e-05,1.3941e-05
5346.76,0.0024213,0.0025115,0.0025772,3.2923e-05,3.1028e-05,4.3942e-05,0.00035159,0.00024774,0.00026658,1.7856e-05,1.2892e-05,1.3841e-05
5360.37,0.0024065,0.0024964,0.0025617,3.233e-05,3.07e-05,4.3523e-05,0.00034867,0.00024574,0.0002647,1.7798e-05,1.2787e-05,1.3742e-05
5373.97,0.0023921,0.0024817,0.0025466,3.1817e-05,3.0373e-05,4.3103e-05,0.00034586,0.00024379,0.00026287,1.7897e-05,1.2685e-05,1.3645e-05
5387.58,0.0023781,0.0024673,0.0025319,3.1425e-05,3.008e-05,4.2732e-05,0.00034317,0.00024189,0.00026107,1.808e-05,1.2585e-05,1.3551e-05
5401.18,0.0023639,0.0024527,0.0025169,3.1075e-05,2.9758e-05,4.2321e-05,0.0003405,0.00023996,0.00025926,1.8246e-05,1.2482e-05,1.3455e-05
5414.79,0.0023498,0.0024383,0.002502,3.0813e-05,2.9443e-05,4.192e-05,0.00033791,0.00023807,0.00025747,1.8304e-05,1.2381e-05,1.3361e-05
5428.39,0.0023358,0.0024239,0.0024873,3.0632e-05,2.9132e-05,4.1524e-05,0.00033539,0.00023619,0.00025569,1.8194e-05,1.228e-05,1.3268e-05
5442.0,0.0023218,0.0024096,0.0024726,3.0526e-05,2.8825e-05,4.1135e-05,0.00033292,0.00023431,0.00025391,1.7908e-05,1.218e-05,1.3174e-05
5455.6,0.0023079,0.0023953,0.0024579,3.0488e-05,2.8521e-05,4.0752e-05,0.00033051,0.00023245,0.00025215,1.7498e-05,1.2081e-05,1.3081e-05
5469.21,0.002294,0.002381,0.0024432,3.0511e-05,2.8221e-05,4.0375e-05,0.00032814,0.00023059,0.00025039,1.7049e-05,1.1983e-05,1.2989e-05
5482.81,0.0022802,0.0023667,0.0024285,3.0585e-05,2.7923e-05,4.0004e-05,0.00032583,0.00022875,0.00024863,1.6658e-05,1.1886e-05,1.2897e-05
5496.42,0.0022664,0.0023525,0.0024139,3.0701e-05,2.7627e-05,3.9636e-05,0.00032356,0.00022691,0.00024689,1.6397e-05,1.179e-05,1.2805e-05
5510.02,0.0022522,0.0023379,0.0023989,3.084e-05,2.7329e-05,3.9268e-05,0.00032126,0.00022504,0.00024511,1.6298e-05,1.1693e-05,1.2712e-05
5523.63,0.0022416,0.0023269,0.0023876,3.1063e-05,2.706e-05,3.8932e-05,0.00031949,0.00022354,0.00024371,1.6374e-05,1.1614e-05,1.2638e-05
5537.23,0.0022274,0.0023123,0.0023726,3.1239e-05,2.6763e-05,3.8566e-05,0.00031724,0.00022169,0.00024194,1.6516e-05,1.1517e-05,1.2545e-05
5550.84,0.0022144,0.0022988,0.0023587,3.144e-05,2.6475e-05,3.8211e-05,0.00031516,0.00021995,0.00024029,1.6669e-05,1.1425e-05,1.2458e-05
5564.44,0.0022015,0.0022855,0.0023451,3.1648e-05,2.619e-05,3.786e-05,0.00031312,0.00021824,0.00023867,1.674e-05,1.1335e-05,1.2373e-05
5578.05,0.0021888,0.0022724,0.0023316,3.1856e-05,2.5908e-05,3.7513e-05,0.00031109,0.00021654,0.00023706,1.6665e-05,1.1244e-05,1.2289e-05
5591.65,0.0021762,0.0022593,0.0023181,3.2063e-05,2.563e-05,3.717e-05,0.00030907,0.00021486,0.00023546,1.6426e-05,1.1155e-05,1.2205e-05
5605.26,0.0021636,0.0022462,0.0023047,3.2264e-05,2.5356e-05,3.6832e-05,0.00030703,0.00021319,0.00023387,1.6057e-05,1.1067e-05,1.2121e-05
5618.86,0.002151,0.002233,0.0022912,3.2459e-05,2.5086e-05,3.6499e-05,0.00030498,0.00021152,0.00023228,1.563e-05,1.0979e-05,1.2038e-05
5632.47,0.0021383,0.0022199,0.0022777,3.2647e-05,2.4821e-05,3.6171e-05,0.00030289,0.00020984,0.00023068,1.5233e-05,1.0892e-05,1.1954e-05
5646.07,0.0021254,0.0022065,0.0022639,3.2827e-05,2.4559e-05,3.5848e-05,0.00030075,0.00020816,0.00022907,1.494e-05,1.0805e-05,1.187e-05
5659.68,0.0021129,0.0021935,0.0022505,3.2998e-05,2.4301e-05,3.5528e-05,0.00029863,0.00020652,0.0002275,1.4798e-05,1.072e-05,1.1788e-05
5673.28,0.0021031,0.0021832,0.00224,3.3195e-05,2.4054e-05,3.5217e-05,0.00029685,0.00020514,0.00022622,1.4824e-05,1.0649e-05,1.1721e-05
5686.89,0.0020904,0.00217,0.0022264,3.3359e-05,2.3803e-05,3.4904e-05,0.00029461,0.00020349,0.00022464,1.4937e-05,1.0563e-05,1.1637e-05
5700.49,0.0020784,0.0021574,0.0022135,3.3525e-05,2.3558e-05,3.4593e-05,0.00029244,0.0002019,0.00022312,1.509e-05,1.048e-05,1.1558e-05
5714.1,0.0020666,0.0021451,0.0022009,3.3691e-05,2.3316e-05,3.4285e-05,0.00029025,0.00020036,0.00022164,1.5199e-05,1.0399e-05,1.1481e-05
5727.7,0.002055,0.002133,0.0021884,3.3856e-05,2.3078e-05,3.3979e-05,0.00028805,0.00019883,0.00022019,1.5194e-05,1.0318e-05,1.1404e-05
5741.31,0.0020436,0.002121,0.0021761,3.402e-05,2.2845e-05,3.3676e-05,0.00028581,0.00019732,0.00021874,1.504e-05,1.0239e-05,1.1329e-05
5754.91,0.0020322,0.002109,0.0021638,3.4179e-05,2.2616e-05,3.3377e-05,0.00028353,0.00019581,0.00021731,1.4749e-05,1.016e-05,1.1253e-05
5768.52,0.0020207,0.002097,0.0021514,3.4329e-05,2.2393e-05,3.3081e-05,0.00028121,0.00019431,0.00021587,1.4375e-05,1.0081e-05,1.1178e-05
5782.12,0.0020092,0.0020849,0.002139,3.4465e-05,2.2176e-05,3.279e-05,0.00027882,0.00019281,0.00021442,1.3993e-05,1.0003e-05,1.1103e-05
5795.73,0.0019972,0.0020723,0.0021261,3.4579e-05,2.1963e-05,3.2503e-05,0.00027634,0.00019127,0.00021293,1.3677e-05,9.9234e-06,1.1025e-05
5809.33,0.0019853,0.0020598,0.0021132,3.4659e-05,2.1757e-05,3.2222e-05,0.00027382,0.00018975,0.00021146,1.3486e-05,9.8449e-06,1.0947e-05
5822.94,0.0019772,0.0020512,0.0021044,3.4726e-05,2.1559e-05,3.1947e-05,0.0002718,0.00018859,0.00021038,1.3462e-05,9.7855e-06,1.0891e-05
5836.54,0.0019656,0.002039,0.0020919,3.473e-05,2.1362e-05,3.1671e-05,0.00026926,0.0001871,0.00020894,1.3537e-05,9.7087e-06,1.0816e-05
5850.15,0.0019545,0.0020273,0.0020798,3.4684e-05,2.1169e-05,3.1398e-05,0.00026676,0.00018567,0.00020756,1.3684e-05,9.6343e-06,1.0744e-05
5863.75,0.0019436,0.0020159,0.0020681,3.4581e-05,2.098e-05,3.1127e-05,0.00026427,0.00018427,0.0002062,1.3828e-05,9.5609e-06,1.0673e-05
5877.36,0.001933,0.0020047,0.0020566,3.4415e-05,2.0794e-05,3.0857e-05,0.0002618,0.00018289,0.00020487,1.3898e-05,9.4884e-06,1.0603e-05
5890.96,0.0019225,0.0019936,0.0020452,3.4182e-05,2.0613e-05,3.0589e-05,0.00025933,0.00018153,0.00020356,1.3841e-05,9.4167e-06,1.0535e-05
5904.57,0.0019122,0.0019826,0.0020339,3.388e-05,2.0434e-05,3.0324e-05,0.00025686,0.00018019,0.00020226,1.3646e-05,9.3458e-06,1.0467e-05
5918.17,0.0019018,0.0019716,0.0020227,3.3508e-05,2.0259e-05,3.0061e-05,0.0002544,0.00017886,0.00020096,1.3341e-05,9.2756e-06,1.0399e-05
5931.78,0.0018914,0.0019606,0.0020113,3.3065e-05,2.0088e-05,2.98e-05,0.00025193,0.00017753,0.00019966,1.2985e-05,9.2056e-06,1.0331e-05
5945.38,0.0018805,0.001949,0.0019995,3.2555e-05,1.9919e-05,2.9539e-05,0.0002494,0.00017615,0.00019831,1.2648e-05,9.1341e-06,1.0261e-05
5958.99,0.0018693,0.0019372,0.0019873,3.1978e-05,1.9757e-05,2.9288e-05,0.00024685,0.00017476,0.00019693,1.2395e-05,9.0619e-06,1.0189e-05
5972.59,0.0018621,0.0019295,0.0019794,3.1346e-05,1.9608e-05,2.9056e-05,0.00024484,0.00017374,0.00019598,1.2291e-05,9.0093e-06,1.0139e-05
5986.2,0.0018516,0.0019183,0.0019679,3.0659e-05,1.9451e-05,2.8809e-05,0.00024242,0.00017241,0.00019467,1.2294e-05,8.9408e-06,1.0071e-05
5999.8,0.0018414,0.0019074,0.0019567,2.993e-05,1.9297e-05,2.8566e-05,0.00024006,0.00017113,0.00019341,1.2396e-05,8.8738e-06,1.0005e-05
6013.41,0.0018314,0.0018968,0.0019458,2.9168e-05,1.9146e-05,2.8327e-05,0.00023776,0.00016986,0.00019216,1.2542e-05,8.8075e-06,9.9397e-06
6027.01,0.0018216,0.0018863,0.001935,2.8385e-05,1.8996e-05,2.8089e-05,0.00023552,0.00016862,0.00019094,1.266e-05,8.7419e-06,9.8759e-06
6040.62,0.0018119,0.001876,0.0019245,2.7593e-05,1.8848e-05,2.7852e-05,0.00023333,0.0001674,0.00018974,1.2691e-05,8.677e-06,9.8131e-06
6054.22,0.0018024,0.0018658,0.001914,2.6806e-05,1.8701e-05,2.7617e-05,0.00023121,0.0001662,0.00018855,1.2598e-05,8.613e-06,9.7513e-06
6067.83,0.001793,0.0018558,0.0019037,2.6034e-05,1.8554e-05,2.7383e-05,0.00022913,0.00016501,0.00018738,1.2379e-05,8.5498e-06,9.6901e-06
6081.43,0.0017837,0.0018458,0.0018934,2.5291e-05,1.8407e-05,2.7149e-05,0.00022711,0.00016383,0.00018621,1.2071e-05,8.4873e-06,9.6292e-06
6095.04,0.0017741,0.0018355,0.0018829,2.4584e-05,1.8258e-05,2.6911e-05,0.00022509,0.00016263,0.00018502,1.1732e-05,8.4245e-06,9.5672e-06
6108.64,0.0017642,0.0018249,0.001872,2.3929e-05,1.8115e-05,2.6683e-05,0.00022308,0.00016141,0.0001838,1.1427e-05,8.3607e-06,9.5036e-06
6122.25,0.0017567,0.0018168,0.0018637,2.3328e-05,1.7995e-05,2.6493e-05,0.00022142,0.00016041,0.00018284,1.1226e-05,8.309e-06,9.4531e-06
6135.85,0.0017473,0.0018067,0.0018533,2.2785e-05,1.7853e-05,2.6268e-05,0.00021956,0.00015924,0.00018167,1.1131e-05,8.2483e-06,9.3922e-06
6149.46,0.001738,0.0017967,0.0018431,2.2308e-05,1.7714e-05,2.6051e-05,0.00021775,0.00015809,0.00018052,1.115e-05,8.1883e-06,9.3322e-06
6163.06,0.0017288,0.0017868,0.0018329,2.1899e-05,1.7577e-05,2.5837e-05,0.00021599,0.00015695,0.00017938,1.1252e-05,8.1288e-06,9.2728e-06
6176.67,0.0017197,0.001777,0.0018229,2.1561e-05,1.7441e-05,2.5626e-05,0.00021429,0.00015582,0.00017825,1.1381e-05,8.0696e-06,9.214e-06
6190.27,0.0017107,0.0017674,0.001813,2.1294e-05,1.7306e-05,2.5417e-05,0.00021264,0.00015471,0.00017714,1.1476e-05,8.0108e-06,9.1561e-06
6203.88,0.0017019,0.0017579,0.0018033,2.1097e-05,1.717e-05,2.5209e-05,0.00021104,0.00015361,0.00017605,1.1483e-05,7.9527e-06,9.0992e-06
6217.48,0.0016933,0.0017486,0.0017937,2.097e-05,1.7034e-05,2.5001e-05,0.00020949,0.00015254,0.00017497,1.1373e-05,7.8955e-06,9.0431e-06
6231.09,0.0016847,0.0017393,0.0017842,2.0911e-05,1.6897e-05,2.4793e-05,0.00020797,0.00015148,0.00017391,1.1151e-05,7.8392e-06,8.9878e-06
6244.69,0.0016763,0.0017302,0.0017748,2.0914e-05,1.6757e-05,2.458e-05,0.00020649,0.00015042,0.00017286,1.0853e-05,7.7837e-06,8.9329e-06
6258.3,0.0016677,0.0017209,0.0017653,2.0987e-05,1.662e-05,2.4374e-05,0.00020501,0.00014936,0.0001718,1.0534e-05,7.7283e-06,8.8776e-06
6271.9,0.0016598,0.0017123,0.0017565,2.1131e-05,1.6513e-05,2.4214e-05,0.00020363,0.00014837,0.00017081,1.0258e-05,7.6766e-06,8.8259e-06
6285.51,0.0016514,0.0017032,0.0017472,2.1314e-05,1.6377e-05,2.4009e-05,0.0002022,0.00014733,0.00016977,1.0064e-05,7.6231e-06,8.7717e-06
6299.11,0.001643,0.0016941,0.0017379,2.1553e-05,1.6245e-05,2.3812e-05,0.00020077,0.0001463,0.00016874,9.9795e-06,7.57e-06,8.7177e-06
6312.72,0.0016347,0.0016851,0.0017286,2.1842e-05,1.6117e-05,2.3619e-05,0.00019935,0.00014527,0.0001677,1e-05,7.517e-06,8.6637e-06
6326.32,0.0016263,0.001676,0.0017193,2.2177e-05,1.599e-05,2.343e-05,0.00019792,0.00014425,0.00016667,1.0095e-05,7.464e-06,8.61e-06
6339.93,0.001618,0.001667,0.00171,2.2556e-05,1.5866e-05,2.3243e-05,0.0001965,0.00014323,0.00016565,1.0215e-05,7.4111e-06,8.5566e-06
6353.53,0.0016098,0.0016581,0.0017009,2.2976e-05,1.5743e-05,2.3059e-05,0.00019508,0.00014223,0.00016464,1.0304e-05,7.3584e-06,8.5038e-06
6367.14,0.0016017,0.0016492,0.0016918,2.3435e-05,1.5621e-05,2.2875e-05,0.00019366,0.00014124,0.00016364,1.0313e-05,7.3062e-06,8.4518e-06
6380.74,0.0015938,0.0016406,0.001683,2.393e-05,1.55e-05,2.2692e-05,0.00019224,0.00014027,0.00016266,1.0216e-05,7.2548e-06,8.4006e-06
6394.35,0.001586,0.0016321,0.0016742,2.4456e-05,1.5378e-05,2.2506e-05,0.00019082,0.00013931,0.00016169,1.0017e-05,7.2043e-06,8.3502e-06
6407.95,0.0015784,0.0016237,0.0016657,2.5022e-05,1.5258e-05,2.2322e-05,0.00018939,0.00013837,0.00016075,9.7476e-06,7.1552e-06,8.3009e-06
6421.56,0.0015707,0.0016154,0.0016572,2.5657e-05,1.5169e-05,2.2182e-05,0.00018795,0.00013743,0.0001598,9.4572e-06,7.1066e-06,8.2517e-06
6435.16,0.0015632,0.0016071,0.0016487,2.6268e-05,1.5048e-05,2.1992e-05,0.00018648,0.00013651,0.00015887,9.2001e-06,7.0588e-06,8.2028e-06
6448.77,0.0015556,0.0015989,0.0016402,2.6912e-05,1.4935e-05,2.1813e-05,0.00018499,0.00013558,0.00015794,9.0193e-06,7.0115e-06,8.1542e-06
6462.37,0.0015481,0.0015906,0.0016317,2.7577e-05,1.4826e-05,2.1639e-05,0.00018347,0.00013466,0.00015701,8.938e-06,6.9645e-06,8.1056e-06
6475.98,0.0015405,0.0015823,0.0016232,2.8253e-05,1.4721e-05,2.1468e-05,0.00018192,0.00013375,0.00015607,8.9547e-06,6.9174e-06,8.0569e-06
6489.58,0.0015329,0.001574,0.0016147,2.8934e-05,1.4619e-05,2.13e-05,0.00018033,0.00013283,0.00015514,9.0441e-06,6.8701e-06,8.0082e-06
6503.19,0.0015253,0.0015656,0.0016062,2.9609e-05,1.4521e-05,2.1134e-05,0.00017872,0.00013191,0.00015421,9.163e-06,6.8227e-06,7.9596e-06
6516.79,0.0015178,0.0015574,0.0015977,3.0268e-05,1.4425e-05,2.0971e-05,0.00017709,0.00013101,0.00015328,9.2601e-06,6.7753e-06,7.9113e-06
6530.4,0.0015103,0.0015491,0.0015893,3.0902e-05,1.4332e-05,2.0808e-05,0.00017543,0.00013011,0.00015236,9.2894e-06,6.7282e-06,7.8635e-06
6544.0,0.0015029,0.001541,0.0015809,3.1497e-05,1.424e-05,2.0646e-05,0.00017377,0.00012922,0.00015146,9.223e-06,6.6814e-06,7.8161e-06
6557.61,0.0014954,0.0015328,0.0015725,3.2029e-05,1.4146e-05,2.0479e-05,0.00017206,0.00012833,0.00015054,9.0579e-06,6.6345e-06,7.7684e-06
6571.21,0.0014885,0.0015252,0.0015648,3.2515e-05,1.4052e-05,2.0309e-05,0.00017042,0.0001275,0.00014969,8.8232e-06,6.591e-06,7.7242e-06
6584.82,0.0014821,0.001518,0.0015574,3.3032e-05,1.3991e-05,2.0185e-05,0.00016879,0.00012671,0.00014888,8.56e-06,6.5494e-06,7.6819e-06
6598.42,0.0014751,0.0015103,0.0015495,3.3388e-05,1.3907e-05,2.0024e-05,0.00016709,0.00012587,0.00014802,8.3128e-06,6.5062e-06,7.6371e-06
6612.03,0.0014682,0.0015027,0.0015417,3.3668e-05,1.3826e-05,1.9867e-05,0.00016539,0.00012505,0.00014718,8.1276e-06,6.4638e-06,7.5929e-06
6625.63,0.0014613,0.0014951,0.001534,3.3861e-05,1.3748e-05,1.9712e-05,0.00016369,0.00012423,0.00014633,8.03e-06,6.4219e-06,7.5489e-06
6639.24,0.0014545,0.0014875,0.0015262,3.3961e-05,1.3672e-05,1.9559e-05,0.00016197,0.00012341,0.00014549,8.0244e-06,6.38e-06,7.5049e-06
6652.84,0.0014476,0.0014798,0.0015184,3.3961e-05,1.36e-05,1.9409e-05,0.00016025,0.0001226,0.00014465,8.0932e-06,6.3379e-06,7.4609e-06
6666.45,0.0014406,0.0014722,0.0015105,3.3857e-05,1.353e-05,1.9261e-05,0.00015853,0.00012178,0.0001438,8.201e-06,6.2956e-06,7.4167e-06
6680.05,0.0014337,0.0014645,0.0015026,3.3649e-05,1.3462e-05,1.9116e-05,0.0001568,0.00012097,0.00014295,8.3022e-06,6.253e-06,7.3725e-06
6693.66,0.0014267,0.0014568,0.0014947,3.3335e-05,1.3397e-05,1.8972e-05,0.00015509,0.00012016,0.0001421,8.3521e-06,6.2102e-06,7.3283e-06
6707.26,0.0014196,0.0014489,0.0014867,3.2914e-05,1.3333e-05,1.8829e-05,0.00015337,0.00011934,0.00014124,8.3186e-06,6.1668e-06,7.2836e-06
6720.87,0.001413,0.0014416,0.0014793,3.2398e-05,1.3269e-05,1.8686e-05,0.00015172,0.00011857,0.00014044,8.1956e-06,6.126e-06,7.2416e-06
6734.47,0.0014081,0.001436,0.0014735,3.1854e-05,1.3215e-05,1.8557e-05,0.00015026,0.00011795,0.0001398,8.0043e-06,6.0928e-06,7.2084e-06
6748.08,0.001401,0.0014282,0.0014655,3.1157e-05,1.3152e-05,1.8414e-05,0.00014859,0.00011714,0.00013895,7.7569e-06,6.0504e-06,7.1638e-06
6761.68,0.0013944,0.0014209,0.0014581,3.0402e-05,1.3092e-05,1.8274e-05,0.000147,0.00011638,0.00013815,7.5137e-06,6.011e-06,7.1223e-06
6775.29,0.0013881,0.0014138,0.0014509,2.9591e-05,1.3031e-05,1.8135e-05,0.00014546,0.00011564,0.00013737,7.3146e-06,5.9728e-06,7.0819e-06
6788.89,0.0013818,0.0014068,0.0014437,2.8736e-05,1.2972e-05,1.7998e-05,0.00014395,0.00011492,0.0001366,7.189e-06,5.9352e-06,7.0419e-06
6802.5,0.0013756,0.0013998,0.0014366,2.7848e-05,1.2913e-05,1.7861e-05,0.00014247,0.00011419,0.00013584,7.1488e-06,5.898e-06,7.0021e-06
6816.1,0.0013693,0.0013929,0.0014294,2.694e-05,1.2854e-05,1.7726e-05,0.00014101,0.00011347,0.00013508,7.1862e-06,5.8607e-06,6.9623e-06
6829.71,0.001363,0.0013858,0.0014222,2.6024e-05,1.2797e-05,1.7593e-05,0.00013958,0.00011275,0.00013431,7.2752e-06,5.8231e-06,6.9224e-06
6843.31,0.0013566,0.0013787,0.001415,2.5112e-05,1.2741e-05,1.7463e-05,0.00013818,0.00011203,0.00013354,7.3774e-06,5.785e-06,6.8821e-06
6856.92,0.0013501,0.0013714,0.0014076,2.4214e-05,1.2685e-05,1.7334e-05,0.00013679,0.00011129,0.00013275,7.4504e-06,5.7463e-06,6.8413e-06
6870.52,0.0013431,0.0013637,0.0013997,2.334e-05,1.263e-05,1.7207e-05,0.0001354,0.00011053,0.00013192,7.4567e-06,5.7056e-06,6.7982e-06
6884.13,0.0013368,0.0013567,0.0013925,2.25e-05,1.2575e-05,1.7082e-05,0.0001341,0.00010982,0.00013116,7.3835e-06,5.6678e-06,6.7586e-06
6897.73,0.0013333,0.0013525,0.0013882,2.1737e-05,1.2522e-05,1.696e-05,0.00013311,0.00010934,0.00013068,7.2449e-06,5.6421e-06,6.7333e-06
6911.34,0.0013267,0.0013451,0.0013807,2.0997e-05,1.2467e-05,1.6836e-05,0.00013184,0.00010861,0.00012988,7.0314e-06,5.6035e-06,6.6921e-06
6924.94,0.0013205,0.0013383,0.0013737,2.0319e-05,1.2411e-05,1.6713e-05,0.00013064,0.00010792,0.00012914,6.8e-06,5.5674e-06,6.6536e-06
6938.55,0.0013146,0.0013316,0.0013669,1.9708e-05,1.2355e-05,1.659e-05,0.0001295,0.00010725,0.00012842,6.5894e-06,5.5326e-06,6.6162e-06
6952.15,0.0013088,0.0013251,0.0013603,1.9166e-05,1.2297e-05,1.6468e-05,0.0001284,0.00010659,0.00012772,6.4331e-06,5.4988e-06,6.5796e-06
6965.76,0.0013031,0.0013187,0.0013537,1.8698e-05,1.224e-05,1.6346e-05,0.00012733,0.00010595,0.00012702,6.351e-06,5.4655e-06,6.5434e-06
6979.36,0.0012974,0.0013123,0.0013472,1.8304e-05,1.2182e-05,1.6225e-05,0.00012628,0.0001053,0.00012633,6.346e-06,5.4324e-06,6.5074e-06
6992.97,0.0012917,0.0013058,0.0013406,1.7986e-05,1.2124e-05,1.6105e-05,0.00012526,0.00010466,0.00012563,6.4038e-06,5.3992e-06,6.4713e-06
7006.57,0.0012859,0.0012993,0.0013339,1.7744e-05,1.2066e-05,1.5987e-05,0.00012424,0.00010401,0.00012493,6.4955e-06,5.3656e-06,6.435e-06
7020.18,0.0012799,0.0012926,0.0013271,1.7575e-05,1.2009e-05,1.587e-05,0.00012323,0.00010335,0.00012422,6.5836e-06,5.3311e-06,6.3978e-06
7033.78,0.0012732,0.0012852,0.0013196,1.7478e-05,1.1951e-05,1.5754e-05,0.00012216,0.00010264,0.00012343,6.6283e-06,5.2935e-06,6.3571e-06
7047.39,0.001267,0.0012783,0.0013125,1.7449e-05,1.1898e-05,1.5644e-05,0.00012114,0.00010197,0.0001227,6.6085e-06,5.258e-06,6.3191e-06
7060.99,0.0012646,0.0012752,0.0013094,1.75e-05,1.1845e-05,1.5536e-05,0.0001205,0.0001016,0.00012233,6.5308e-06,5.2382e-06,6.2998e-06
7074.6,0.0012584,0.0012683,0.0013023,1.7608e-05,1.179e-05,1.5425e-05,0.00011951,0.00010093,0.0001216,6.3653e-06,5.2032e-06,6.2619e-06
7088.2,0.0012526,0.0012618,0.0012957,1.7779e-05,1.1736e-05,1.5316e-05,0.00011855,0.0001003,0.00012091,6.16e-06,5.1701e-06,6.2261e-06
7101.81,0.001247,0.0012555,0.0012893,1.8011e-05,1.1682e-05,1.5207e-05,0.00011762,9.9688e-05,0.00012024,5.9491e-06,5.1383e-06,6.1914e-06
7115.41,0.0012416,0.0012494,0.0012831,1.8302e-05,1.1628e-05,1.5098e-05,0.0001167,9.9087e-05,0.00011959,5.7678e-06,5.1075e-06,6.1574e-06
7129.02,0.0012363,0.0012434,0.0012769,1.8649e-05,1.1574e-05,1.4989e-05,0.00011579,9.8498e-05,0.00011894,5.6433e-06,5.0774e-06,6.1241e-06
7142.62,0.0012311,0.0012374,0.0012709,1.9051e-05,1.152e-05,1.4881e-05,0.00011487,9.7917e-05,0.00011831,5.5893e-06,5.0478e-06,6.0913e-06
7156.23,0.0012259,0.0012316,0.0012649,1.9504e-05,1.1467e-05,1.4773e-05,0.00011396,9.7341e-05,0.00011768,5.6041e-06,5.0185e-06,6.0586e-06
7169.83,0.0012206,0.0012256,0.0012589,2.0007e-05,1.1414e-05,1.4666e-05,0.00011303,9.6765e-05,0.00011705,5.6709e-06,4.989e-06,6.026e-06
7183.44,0.0012153,0.0012196,0.0012527,2.0555e-05,1.1362e-05,1.4559e-05,0.00011207,9.6181e-05,0.00011641,5.7612e-06,4.9588e-06,5.9928e-06
7197.04,0.0012094,0.001213,0.001246,2.1144e-05,1.1309e-05,1.4449e-05,0.00011105,9.5554e-05,0.00011572,5.8385e-06,4.9262e-06,5.9568e-06
7210.65,0.0012035,0.0012065,0.0012393,2.1772e-05,1.1264e-05,1.435e-05,0.00011003,9.4937e-05,0.00011503,5.8739e-06,4.8939e-06,5.9215e-06
7224.25,0.001201,0.0012033,0.0012361,2.2432e-05,1.123e-05,1.4263e-05,0.0001093,9.4584e-05,0.00011467,5.8611e-06,4.8752e-06,5.9025e-06
7237.86,0.0011954,0.001197,0.0012297,2.3115e-05,1.1184e-05,1.4161e-05,0.00010826,9.3988e-05,0.00011401,5.7626e-06,4.8439e-06,5.8682e-06
7251.46,0.0011901,0.0011909,0.0012236,2.3816e-05,1.1141e-05,1.4062e-05,0.00010723,9.3413e-05,0.00011337,5.6063e-06,4.8139e-06,5.8353e-06
7265.07,0.0011848,0.001185,0.0012175,2.4528e-05,1.1101e-05,1.3965e-05,0.00010619,9.285e-05,0.00011275,5.4174e-06,4.7847e-06,5.803e-06
7278.67,0.0011797,0.0011792,0.0012116,2.5243e-05,1.1062e-05,1.3868e-05,0.00010515,9.2299e-05,0.00011214,5.2283e-06,4.7563e-06,5.7714e-06
7292.28,0.0011747,0.0011735,0.0012059,2.5951e-05,1.1024e-05,1.3771e-05,0.0001041,9.1758e-05,0.00011154,5.07e-06,4.7287e-06,5.7404e-06
7305.88,0.0011698,0.0011679,0.0012002,2.6644e-05,1.0987e-05,1.3675e-05,0.00010305,9.1229e-05,0.00011095,4.9656e-06,4.7018e-06,5.7099e-06
7319.49,0.001165,0.0011625,0.0011946,2.7314e-05,1.095e-05,1.3578e-05,0.00010199,9.0708e-05,0.00011038,4.9257e-06,4.6754e-06,5.68e-06
7333.09,0.0011602,0.001157,0.0011891,2.795e-05,1.0915e-05,1.3481e-05,0.00010092,9.0194e-05,0.00010981,4.9469e-06,4.6493e-06,5.6504e-06
7346.7,0.0011554,0.0011516,0.0011836,2.8544e-05,1.0879e-05,1.3384e-05,9.9834e-05,8.9682e-05,0.00010923,5.0129e-06,4.6231e-06,5.6209e-06
7360.3,0.0011505,0.001146,0.0011779,2.908e-05,1.0841e-05,1.3281e-05,9.8721e-05,8.9158e-05,0.00010865,5.0967e-06,4.596e-06,5.5904e-06
7373.91,0.0011454,0.0011402,0.001172,2.957e-05,1.0811e-05,1.3189e-05,9.7585e-05,8.8624e-05,0.00010805,5.1676e-06,4.5682e-06,5.5594e-06
7387.51,0.001142,0.0011362,0.0011679,3.0003e-05,1.0805e-05,1.3123e-05,9.6588e-05,8.8226e-05,0.00010761,5.2054e-06,4.5472e-06,5.5367e-06
7401.12,0.001137,0.0011306,0.0011622,3.0334e-05,1.0774e-05,1.3027e-05,9.5449e-05,8.7707e-05,0.00010703,5.1758e-06,4.5198e-06,5.5064e-06
7414.72,0.0011322,0.001125,0.0011566,3.0582e-05,1.0748e-05,1.2936e-05,9.4313e-05,8.7198e-05,0.00010645,5.0819e-06,4.493e-06,5.4766e-06
7428.33,0.0011273,0.0011196,0.001151,3.0739e-05,1.0724e-05,1.2848e-05,9.3177e-05,8.6693e-05,0.00010588,4.9345e-06,4.4665e-06,5.447e-06
7441.93,0.0011225,0.0011141,0.0011455,3.0798e-05,1.0703e-05,1.2761e-05,9.2044e-05,8.6194e-05,0.00010531,4.7573e-06,4.4405e-06,5.4176e-06
7455.54,0.0011178,0.0011087,0.00114,3.0755e-05,1.0683e-05,1.2674e-05,9.0917e-05,8.5701e-05,0.00010475,4.5798e-06,4.415e-06,5.3886e-06
7469.14,0.0011131,0.0011034,0.0011346,3.061e-05,1.0663e-05,1.2589e-05,8.9801e-05,8.5217e-05,0.0001042,4.4302e-06,4.3902e-06,5.3601e-06
7482.75,0.0011086,0.0010982,0.0011293,3.0361e-05,1.0644e-05,1.2503e-05,8.8699e-05,8.4744e-05,0.00010366,4.3292e-06,4.366e-06,5.3321e-06
7496.35,0.0011041,0.0010931,0.0011242,3.001e-05,1.0624e-05,1.2416e-05,8.7613e-05,8.428e-05,0.00010313,4.2869e-06,4.3424e-06,5.3046e-06
7509.96,0.0010997,0.0010881,0.0011191,2.956e-05,1.0604e-05,1.2329e-05,8.6542e-05,8.3824e-05,0.00010261,4.3007e-06,4.3191e-06,5.2776e-06
7523.56,0.0010954,0.0010831,0.001114,2.9012e-05,1.058e-05,1.2238e-05,8.5487e-05,8.3375e-05,0.0001021,4.3568e-06,4.296e-06,5.2509e-06
7537.17,0.001091,0.0010781,0.001109,2.8395e-05,1.0561e-05,1.2152e-05,8.4442e-05,8.2924e-05,0.00010158,4.4319e-06,4.2726e-06,5.2241e-06
7550.77,0.001087,0.0010735,0.0011042,2.7748e-05,1.0572e-05,1.2101e-05,8.3436e-05,8.2501e-05,0.00010109,4.5001e-06,4.2504e-06,5.1989e-06
7564.38,0.0010827,0.0010685,0.0010992,2.6967e-05,1.0546e-05,1.2008e-05,8.2426e-05,8.2059e-05,0.00010058,4.533e-06,4.227e-06,5.1723e-06
7577.98,0.0010783,0.0010635,0.0010942,2.614e-05,1.0527e-05,1.1924e-05,8.1431e-05,8.1617e-05,0.00010007,4.5133e-06,4.2035e-06,5.1458e-06
7591.59,0.0010739,0.0010585,0.0010891,2.5268e-05,1.051e-05,1.1842e-05,8.0452e-05,8.1174e-05,9.9553e-05,4.4352e-06,4.18e-06,5.1191e-06
7605.19,0.0010695,0.0010535,0.001084,2.436e-05,1.0494e-05,1.1762e-05,7.9491e-05,8.073e-05,9.9036e-05,4.3073e-06,4.1565e-06,5.0923e-06
7618.8,0.0010651,0.0010485,0.0010789,2.3427e-05,1.0478e-05,1.1684e-05,7.855e-05,8.0288e-05,9.8519e-05,4.1496e-06,4.1333e-06,5.0655e-06
7632.4,0.0010607,0.0010435,0.0010738,2.2478e-05,1.0463e-05,1.1607e-05,7.7632e-05,7.9848e-05,9.8005e-05,3.9881e-06,4.1104e-06,5.0389e-06
7646.01,0.0010563,0.0010385,0.0010688,2.1524e-05,1.0448e-05,1.153e-05,7.674e-05,7.9414e-05,9.7496e-05,3.8487e-06,4.088e-06,5.0125e-06
7659.61,0.001052,0.0010336,0.0010638,2.0576e-05,1.0432e-05,1.1454e-05,7.5876e-05,7.8988e-05,9.6994e-05,3.7511e-06,4.0661e-06,4.9865e-06
7673.22,0.0010478,0.0010288,0.001059,1.9642e-05,1.0414e-05,1.1377e-05,7.504e-05,7.8569e-05,9.6502e-05,3.7058e-06,4.0447e-06,4.961e-06
7686.82,0.0010437,0.0010241,0.0010542,1.8731e-05,1.0394e-05,1.1298e-05,7.4233e-05,7.8159e-05,9.6019e-05,3.7129e-06,4.0237e-06,4.9359e-06
7700.43,0.0010396,0.0010194,0.0010495,1.7831e-05,1.0361e-05,1.1206e-05,7.345e-05,7.7753e-05,9.554e-05,3.7616e-06,4.0028e-06,4.9111e-06
7714.03,0.0010359,0.0010151,0.0010451,1.7092e-05,1.039e-05,1.1184e-05,7.2715e-05,7.7376e-05,9.5095e-05,3.8344e-06,3.9831e-06,4.888e-06
7727.64,0.0010319,0.0010105,0.0010405,1.6283e-05,1.0353e-05,1.109e-05,7.1982e-05,7.698e-05,9.4627e-05,3.9047e-06,3.9623e-06,4.8637e-06
7741.24,0.001028,0.001006,0.0010359,1.5552e-05,1.0329e-05,1.1011e-05,7.1274e-05,7.6591e-05,9.4166e-05,3.9495e-06,3.9417e-06,4.8398e-06
7754.85,0.0010241,0.0010015,0.0010313,1.4884e-05,1.0306e-05,1.0936e-05,7.0584e-05,7.6202e-05,9.3704e-05,3.9497e-06,3.921e-06,4.8159e-06
7768.45,0.0010201,0.00099693,0.0010267,1.4278e-05,1.0284e-05,1.0862e-05,6.991e-05,7.5812e-05,9.324e-05,3.8967e-06,3.9002e-06,4.7918e-06
7782.06,0.0010161,0.00099233,0.0010221,1.3737e-05,1.0262e-05,1.079e-05,6.9251e-05,7.5419e-05,9.2772e-05,3.7946e-06,3.8793e-06,4.7675e-06
7795.66,0.001012,0.0009877,0.0010174,1.326e-05,1.0241e-05,1.0719e-05,6.8605e-05,7.5025e-05,9.2301e-05,3.6588e-06,3.8586e-06,4.7431e-06
7809.27,0.0010079,0.00098303,0.0010127,1.2848e-05,1.022e-05,1.065e-05,6.7972e-05,7.463e-05,9.1829e-05,3.5117e-06,3.838e-06,4.7187e-06
7822.87,0.0010038,0.00097837,0.001008,1.25e-05,1.0199e-05,1.0581e-05,6.7352e-05,7.4236e-05,9.1358e-05,3.377e-06,3.8176e-06,4.6942e-06
7836.48,0.00099972,0.00097374,0.0010033,1.2215e-05,1.0178e-05,1.0513e-05,6.6746e-05,7.3845e-05,9.0889e-05,3.2745e-06,3.7976e-06,4.6699e-06
7850.08,0.00099566,0.00096913,0.0009986,1.199e-05,1.0155e-05,1.0445e-05,6.6151e-05,7.3457e-05,9.0423e-05,3.2166e-06,3.7778e-06,4.6458e-06
7863.69,0.00099153,0.00096445,0.00099387,1.182e-05,1.013e-05,1.0374e-05,6.5561e-05,7.3065e-05,8.9952e-05,3.2063e-06,3.7578e-06,4.6214e-06
7877.29,0.00098802,0.00096037,0.00098975,1.1715e-05,1.0105e-05,1.0304e-05,6.5019e-05,7.2719e-05,8.9537e-05,3.2396e-06,3.7401e-06,4.5999e-06
7890.9,0.00098498,0.00095676,0.00098612,1.1702e-05,1.0099e-05,1.0256e-05,6.4514e-05,7.241e-05,8.9167e-05,3.3018e-06,3.7241e-06,4.5806e-06
7904.5,0.00098107,0.00095232,0.00098163,1.1701e-05,1.0072e-05,1.0184e-05,6.3956e-05,7.2038e-05,8.8719e-05,3.3685e-06,3.7048e-06,4.5574e-06
7918.11,0.00097738,0.00094808,0.00097735,1.1759e-05,1.0046e-05,1.0116e-05,6.3414e-05,7.1683e-05,8.8291e-05,3.4209e-06,3.6862e-06,4.5352e-06
7931.71,0.00097375,0.0009439,0.00097313,1.1869e-05,1.0022e-05,1.0049e-05,6.2876e-05,7.1333e-05,8.7869e-05,3.4392e-06,3.6677e-06,4.5134e-06
7945.32,0.00097011,0.00093973,0.00096892,1.2029e-05,9.9973e-06,9.9821e-06,6.2339e-05,7.0984e-05,8.7448e-05,3.4114e-06,3.6492e-06,4.4915e-06
7958.92,0.00096644,0.00093552,0.00096467,1.2235e-05,9.9738e-06,9.9166e-06,6.1797e-05,7.0634e-05,8.7025e-05,3.3364e-06,3.6308e-06,4.4696e-06
7972.53,0.00096271,0.00093127,0.00096038,1.2486e-05,9.9513e-06,9.8522e-06,6.1248e-05,7.0282e-05,8.6598e-05,3.2241e-06,3.6123e-06,4.4475e-06
7986.13,0.00095893,0.00092697,0.00095604,1.2778e-05,9.9301e-06,9.7891e-06,6.0692e-05,6.9926e-05,8.6167e-05,3.0922e-06,3.5938e-06,4.4252e-06
7999.74,0.0009551,0.00092262,0.00095164,1.3108e-05,9.9101e-06,9.7271e-06,6.0126e-05,6.9568e-05,8.5732e-05,2.9622e-06,3.5754e-06,4.4026e-06
8013.34,0.0009512,0.00091822,0.0009472,1.3473e-05,9.8913e-06,9.6659e-06,5.9551e-05,6.9207e-05,8.5293e-05,2.8538e-06,3.557e-06,4.3799e-06
8026.95,0.0009472,0.00091371,0.00094264,1.3868e-05,9.8733e-06,9.6052e-06,5.8962e-05,6.8838e-05,8.4844e-05,2.7812e-06,3.5384e-06,4.3567e-06
8040.55,0.00094254,0.00090858,0.00093744,1.4281e-05,9.8549e-06,9.5434e-06,5.8324e-05,6.8424e-05,8.4339e-05,2.7496e-06,3.5174e-06,4.3305e-06
8054.16,0.00093932,0.00090485,0.00093369,1.4724e-05,9.8354e-06,9.4806e-06,5.7768e-05,6.8116e-05,8.3963e-05,2.7639e-06,3.5019e-06,4.3111e-06
8067.76,0.00093774,0.0009027,0.00093156,1.5235e-05,9.827e-06,9.4301e-06,5.7302e-05,6.7928e-05,8.3734e-05,2.8155e-06,3.4924e-06,4.2991e-06
8081.37,0.0009339,0.00089837,0.00092719,1.5715e-05,9.8107e-06,9.3696e-06,5.6688e-05,6.7576e-05,8.3304e-05,2.8775e-06,3.4743e-06,4.2769e-06
8094.97,0.00093035,0.00089432,0.00092311,1.6207e-05,9.7951e-06,9.3095e-06,5.6083e-05,6.7248e-05,8.2901e-05,2.938e-06,3.4573e-06,4.256e-06
8108.58,0.00092692,0.0008904,0.00091916,1.6705e-05,9.78e-06,9.2494e-06,5.5475e-05,6.6929e-05,8.251e-05,2.977e-06,3.4406e-06,4.2358e-06
8122.18,0.00092354,0.00088653,0.00091526,1.7202e-05,9.7654e-06,9.1896e-06,5.4861e-05,6.6615e-05,8.2124e-05,2.9794e-06,3.4241e-06,4.2158e-06
8135.79,0.00092018,0.00088267,0.00091137,1.7691e-05,9.7518e-06,9.1302e-06,5.4239e-05,6.6303e-05,8.174e-05,2.9383e-06,3.4077e-06,4.1959e-06
8149.39,0.00091678,0.00087879,0.00090746,1.8165e-05,9.7393e-06,9.0716e-06,5.3606e-05,6.5991e-05,8.1354e-05,2.8567e-06,3.3912e-06,4.1759e-06
8163.0,0.00091332,0.00087486,0.0009035,1.8618e-05,9.7283e-06,9.0138e-06,5.2962e-05,6.5676e-05,8.0964e-05,2.7467e-06,3.3748e-06,4.1557e-06
8176.6,0.00090978,0.00087085,0.00089946,1.9041e-05,9.719e-06,8.957e-06,5.2307e-05,6.5356e-05,8.0567e-05,2.626e-06,3.3583e-06,4.1352e-06
8190.21,0.00090612,0.00086674,0.00089531,1.9427e-05,9.7113e-06,8.9013e-06,5.1638e-05,6.5028e-05,8.016e-05,2.5135e-06,3.3416e-06,4.1142e-06
8203.81,0.0009022,0.00086237,0.0008909,1.9768e-05,9.7052e-06,8.8465e-06,5.0948e-05,6.4684e-05,7.9731e-05,2.4249e-06,3.3241e-06,4.092e-06
8217.42,0.00089657,0.00085639,0.00088482,2.0048e-05,9.7004e-06,8.7919e-06,5.016e-05,6.4219e-05,7.9153e-05,2.3669e-06,3.3005e-06,4.0622e-06
8231.02,0.00089916,0.00085825,0.00088684,2.0317e-05,9.6973e-06,8.7407e-06,4.9826e-05,6.4343e-05,7.9301e-05,2.3692e-06,3.3071e-06,4.0697e-06
8244.63,0.00089378,0.0008525,0.00088101,2.0477e-05,9.6944e-06,8.687e-06,4.9046e-05,6.3898e-05,7.8746e-05,2.3856e-06,3.2845e-06,4.041e-06
8258.23,0.00089001,0.00084831,0.00087677,2.0576e-05,9.692e-06,8.634e-06,4.8354e-05,6.3571e-05,7.8335e-05,2.4312e-06,3.2677e-06,4.0198e-06
8271.84,0.00088655,0.00084441,0.00087285,2.0605e-05,9.6897e-06,8.5809e-06,4.768e-05,6.3266e-05,7.7951e-05,2.4874e-06,3.252e-06,4e-06
8285.44,0.00088325,0.00084067,0.00086908,2.0559e-05,9.6873e-06,8.5276e-06,4.7015e-05,6.2975e-05,7.7582e-05,2.5363e-06,3.2368e-06,3.9809e-06
8299.05,0.00088005,0.00083702,0.00086541,2.0436e-05,9.6847e-06,8.4741e-06,4.6358e-05,6.2691e-05,7.7223e-05,2.5613e-06,3.2219e-06,3.9624e-06
8312.65,0.0008769,0.00083344,0.00086181,2.0238e-05,9.682e-06,8.4206e-06,4.5708e-05,6.2413e-05,7.687e-05,2.5508e-06,3.2071e-06,3.9441e-06
8326.26,0.00087378,0.00082987,0.00085823,1.9964e-05,9.6792e-06,8.3673e-06,4.5063e-05,6.2138e-05,7.6519e-05,2.5013e-06,3.1926e-06,3.926e-06
8339.86,0.00087063,0.0008263,0.00085463,1.9617e-05,9.6767e-06,8.3143e-06,4.4424e-05,6.1863e-05,7.6167e-05,2.4179e-06,3.178e-06,3.9078e-06
8353.47,0.00086742,0.00082266,0.00085098,1.92e-05,9.6746e-06,8.2619e-06,4.3788e-05,6.1585e-05,7.581e-05,2.3131e-06,3.1635e-06,3.8894e-06
8367.07,0.00086408,0.00081891,0.0008472,1.8718e-05,9.6729e-06,8.2102e-06,4.3154e-05,6.1299e-05,7.5443e-05,2.2034e-06,3.1487e-06,3.8704e-06
8380.68,0.00086044,0.00081488,0.00084314,1.8174e-05,9.6714e-06,8.159e-06,4.2515e-05,6.0993e-05,7.5051e-05,2.1049e-06,3.1329e-06,3.8502e-06
8394.28,0.00085466,0.00080883,0.00083698,1.757e-05,9.6659e-06,8.105e-06,4.1782e-05,6.0537e-05,7.4473e-05,2.0267e-06,3.1096e-06,3.8204e-06
8407.89,0.00085753,0.00081097,0.0008393,1.6936e-05,9.6812e-06,8.0677e-06,4.1482e-05,6.0694e-05,7.465e-05,2.0021e-06,3.1179e-06,3.8294e-06
8421.49,0.00085264,0.00080577,0.00083403,1.6244e-05,9.6783e-06,8.0167e-06,4.0815e-05,6.0304e-05,7.4151e-05,1.9945e-06,3.098e-06,3.8036e-06
8435.1,0.00084903,0.00080179,0.00083001,1.552e-05,9.6785e-06,7.9686e-06,4.0224e-05,6.0005e-05,7.3764e-05,2.0208e-06,3.0828e-06,3.7837e-06
8448.7,0.00084567,0.00079805,0.00082625,1.477e-05,9.6788e-06,7.921e-06,3.9658e-05,5.9725e-05,7.3401e-05,2.0691e-06,3.0683e-06,3.765e-06
8462.31,0.00084245,0.00079445,0.00082263,1.4003e-05,9.6784e-06,7.8736e-06,3.9113e-05,5.9457e-05,7.305e-05,2.1249e-06,3.0543e-06,3.7469e-06
8475.91,0.00083935,0.00079096,0.00081912,1.3227e-05,9.6769e-06,7.826e-06,3.8587e-05,5.9197e-05,7.271e-05,2.1726e-06,3.0407e-06,3.7293e-06
8489.52,0.00083633,0.00078756,0.00081571,1.2451e-05,9.6742e-06,7.7782e-06,3.808e-05,5.8945e-05,7.2379e-05,2.1976e-06,3.0272e-06,3.7122e-06
8503.12,0.00083339,0.00078423,0.00081236,1.1682e-05,9.6701e-06,7.7301e-06,3.759e-05,5.8699e-05,7.2054e-05,2.19e-06,3.0141e-06,3.6955e-06
8516.73,0.00083048,0.00078093,0.00080906,1.0928e-05,9.6647e-06,7.682e-06,3.7117e-05,5.8457e-05,7.1733e-05,2.1471e-06,3.0011e-06,3.6789e-06
8530.33,0.00082757,0.00077764,0.00080576,1.0196e-05,9.6581e-06,7.6338e-06,3.6658e-05,5.8215e-05,7.1413e-05,2.074e-06,2.9882e-06,3.6624e-06
8543.94,0.00082459,0.0007743,0.0008024,9.4932e-06,9.6502e-06,7.5855e-06,3.6211e-05,5.797e-05,7.1088e-05,1.9821e-06,2.9752e-06,3.6456e-06
8557.54,0.00082142,0.00077078,0.00079887,8.8232e-06,9.6402e-06,7.5367e-06,3.577e-05,5.7713e-05,7.0748e-05,1.8858e-06,2.9618e-06,3.6281e-06
8571.15,0.00081706,0.00076614,0.00079417,8.1878e-06,9.6184e-06,7.4805e-06,3.5292e-05,5.7372e-05,7.0305e-05,1.7974e-06,2.9442e-06,3.6053e-06
8584.75,0.0008182,0.00076667,0.00079483,7.6111e-06,9.655e-06,7.4665e-06,3.5064e-05,5.7419e-05,7.0336e-05,1.7431e-06,2.9466e-06,3.6068e-06
8598.36,0.00081385,0.00076205,0.00079015,7.0608e-06,9.6331e-06,7.4118e-06,3.4613e-05,5.7081e-05,6.9896e-05,1.7059e-06,2.9294e-06,3.5841e-06
8611.96,0.00081052,0.0007584,0.00078648,6.5592e-06,9.6229e-06,7.3663e-06,3.4219e-05,5.6816e-05,6.9545e-05,1.7014e-06,2.9159e-06,3.566e-06
8625.57,0.00080735,0.0007549,0.00078296,6.1043e-06,9.6143e-06,7.3226e-06,3.3844e-05,5.6563e-05,6.9207e-05,1.7237e-06,2.9029e-06,3.5486e-06
8639.17,0.00080425,0.00075147,0.00077952,5.6959e-06,9.6057e-06,7.2796e-06,3.3483e-05,5.6315e-05,6.8878e-05,1.7641e-06,2.8901e-06,3.5316e-06
8652.78,0.00080123,0.00074812,0.00077615,5.3334e-06,9.5965e-06,7.237e-06,3.3137e-05,5.6074e-05,6.8555e-05,1.8104e-06,2.8775e-06,3.515e-06
8666.38,0.00079828,0.00074485,0.00077287,5.0158e-06,9.5864e-06,7.1944e-06,3.2803e-05,5.5839e-05,6.8239e-05,1.8486e-06,2.8651e-06,3.4987e-06
8679.99,0.00079542,0.00074166,0.00076967,4.7419e-06,9.5751e-06,7.1516e-06,3.2482e-05,5.5611e-05,6.7932e-05,1.8662e-06,2.853e-06,3.4829e-06
8693.59,0.00079263,0.00073854,0.00076655,4.5099e-06,9.5623e-06,7.1085e-06,3.2173e-05,5.5388e-05,6.7631e-05,1.8548e-06,2.8411e-06,3.4674e-06
8707.2,0.00078991,0.00073549,0.00076349,4.3178e-06,9.5479e-06,7.0649e-06,3.1872e-05,5.5171e-05,6.7337e-05,1.8121e-06,2.8295e-06,3.4522e-06
8720.8,0.00078721,0.00073246,0.00076046,4.1636e-06,9.5318e-06,7.0207e-06,3.158e-05,5.4956e-05,6.7045e-05,1.7428e-06,2.8182e-06,3.4371e-06
8734.41,0.00078448,0.00072942,0.00075741,4.0447e-06,9.5128e-06,6.9752e-06,3.1291e-05,5.4739e-05,6.6752e-05,1.657e-06,2.8068e-06,3.422e-06
8748.01,0.00078148,0.00072612,0.0007541,3.9573e-06,9.4824e-06,6.9224e-06,3.0996e-05,5.4505e-05,6.6437e-05,1.5674e-06,2.7947e-06,3.4057e-06
8761.62,0.00077844,0.0007228,0.00075076,3.9064e-06,9.4732e-06,6.8849e-06,3.0704e-05,5.4268e-05,6.6118e-05,1.4876e-06,2.7827e-06,3.3893e-06
8775.22,0.00077698,0.00072094,0.00074895,3.8862e-06,9.4914e-06,6.8661e-06,3.0475e-05,5.4142e-05,6.5935e-05,1.4308e-06,2.7764e-06,3.3798e-06
8788.83,0.00077406,0.00071774,0.00074573,3.8877e-06,9.4708e-06,6.8213e-06,3.0191e-05,5.3916e-05,6.5628e-05,1.3976e-06,2.765e-06,3.3641e-06
8802.43,0.00077118,0.00071457,0.00074256,3.9149e-06,9.4547e-06,6.78e-06,2.991e-05,5.3692e-05,6.5326e-05,1.3927e-06,2.7538e-06,3.3485e-06
8816.04,0.0007683,0.00071141,0.00073939,3.9657e-06,9.4404e-06,6.7401e-06,2.9628e-05,5.3469e-05,6.5024e-05,1.4131e-06,2.7426e-06,3.3329e-06
8829.64,0.00076541,0.00070825,0.00073622,4.0383e-06,9.4273e-06,6.7011e-06,2.9346e-05,5.3246e-05,6.4723e-05,1.4517e-06,2.7313e-06,3.3173e-06
8843.25,0.00076255,0.00070512,0.00073308,4.1312e-06,9.4147e-06,6.6626e-06,2.9063e-05,5.3026e-05,6.4424e-05,1.4981e-06,2.72e-06,3.302e-06
8856.85,0.00075974,0.00070204,0.00073,4.2432e-06,9.4024e-06,6.6243e-06,2.8779e-05,5.281e-05,6.413e-05,1.54e-06,2.7088e-06,3.2868e-06
8870.46,0.00075699,0.00069903,0.00072697,4.3728e-06,9.3899e-06,6.586e-06,2.8495e-05,5.2599e-05,6.3842e-05,1.5656e-06,2.6977e-06,3.272e-06
8884.06,0.00075432,0.00069608,0.00072403,4.5188e-06,9.3769e-06,6.5473e-06,2.8211e-05,5.2394e-05,6.3562e-05,1.5661e-06,2.6869e-06,3.2575e-06
8897.67,0.00075172,0.00069322,0.00072116,4.68e-06,9.3629e-06,6.508e-06,2.7925e-05,5.2195e-05,6.3288e-05,1.538e-06,2.6764e-06,3.2434e-06
8911.27,0.00074919,0.00069041,0.00071836,4.8547e-06,9.347e-06,6.4674e-06,2.7637e-05,5.2001e-05,6.302e-05,1.484e-06,2.6662e-06,3.2296e-06
8924.88,0.00074669,0.00068765,0.0007156,5.0393e-06,9.3247e-06,6.4224e-06,2.7346e-05,5.181e-05,6.2757e-05,1.4119e-06,2.6563e-06,3.2159e-06
8938.48,0.00074415,0.00068485,0.0007128,5.2414e-06,9.3131e-06,6.385e-06,2.7049e-05,5.1617e-05,6.249e-05,1.333e-06,2.6464e-06,3.2022e-06
8952.09,0.00074181,0.00068223,0.0007102,5.4655e-06,9.3409e-06,6.3731e-06,2.6753e-05,5.1438e-05,6.2241e-05,1.2594e-06,2.6373e-06,3.1893e-06
8965.69,0.00073931,0.00067948,0.00070744,5.6769e-06,9.3182e-06,6.3278e-06,2.6446e-05,5.1249e-05,6.1978e-05,1.2005e-06,2.6279e-06,3.1758e-06
8979.3,0.00073676,0.00067669,0.00070466,5.8957e-06,9.3041e-06,6.288e-06,2.6132e-05,5.1058e-05,6.1713e-05,1.1631e-06,2.6184e-06,3.1621e-06
8992.9,0.00073417,0.00067386,0.00070183,6.1167e-06,9.2931e-06,6.2502e-06,2.5811e-05,5.0864e-05,6.1445e-05,1.1499e-06,2.6088e-06,3.1483e-06
9006.51,0.00073153,0.00067099,0.00069896,6.3361e-06,9.2842e-06,6.2136e-06,2.5484e-05,5.0667e-05,6.1173e-05,1.1597e-06,2.599e-06,3.1342e-06
9020.11,0.00072885,0.00066809,0.00069605,6.5502e-06,9.2771e-06,6.1779e-06,2.515e-05,5.0469e-05,6.0898e-05,1.1875e-06,2.589e-06,3.1201e-06
9033.72,0.00072615,0.00066518,0.00069314,6.7551e-06,9.2714e-06,6.143e-06,2.4812e-05,5.027e-05,6.0623e-05,1.2253e-06,2.5789e-06,3.1059e-06
9047.32,0.00072346,0.00066228,0.00069023,6.9468e-06,9.2667e-06,6.1084e-06,2.4469e-05,5.0072e-05,6.0349e-05,1.2628e-06,2.5688e-06,3.0917e-06
9060.93,0.0007208,0.00065941,0.00068736,7.1212e-06,9.2626e-06,6.0741e-06,2.4124e-05,4.9877e-05,6.0078e-05,1.2897e-06,2.5587e-06,3.0777e-06
9074.53,0.00071818,0.00065659,0.00068454,7.2741e-06,9.2586e-06,6.0395e-06,2.3777e-05,4.9687e-05,5.9812e-05,1.2972e-06,2.5487e-06,3.064e-06
9088.14,0.00071563,0.00065383,0.00068178,7.4014e-06,9.2538e-06,6.0043e-06,2.343e-05,4.9501e-05,5.9551e-05,1.2808e-06,2.5389e-06,3.0506e-06
9101.74,0.00071314,0.00065113,0.00067908,7.498e-06,9.2463e-06,5.9673e-06,2.3082e-05,4.932e-05,5.9296e-05,1.2408e-06,2.5294e-06,3.0374e-06
9115.35,0.00071058,0.00064837,0.00067632,7.5464e-06,9.2221e-06,5.9191e-06,2.2731e-05,4.9136e-05,5.9036e-05,1.1827e-06,2.5198e-06,3.024e-06
9128.95,0.00070873,0.00064628,0.00067425,7.6479e-06,9.2866e-06,5.9291e-06,2.2401e-05,4.9002e-05,5.8837e-05,1.1167e-06,2.5129e-06,3.0137e-06
9142.56,0.00070625,0.0006436,0.00067158,7.6246e-06,9.2581e-06,5.8784e-06,2.2051e-05,4.8824e-05,5.8584e-05,1.0509e-06,2.5039e-06,3.0006e-06
9156.16,0.00070391,0.00064106,0.00066904,7.5819e-06,9.2496e-06,5.8408e-06,2.1706e-05,4.8657e-05,5.8344e-05,9.9591e-07,2.4955e-06,2.9883e-06
9169.77,0.00070157,0.00063852,0.00066651,7.5029e-06,9.2442e-06,5.8052e-06,2.1362e-05,4.8491e-05,5.8105e-05,9.5838e-07,2.4872e-06,2.9759e-06
9183.37,0.00069919,0.00063596,0.00066396,7.3855e-06,9.2402e-06,5.7707e-06,2.1018e-05,4.8323e-05,5.7864e-05,9.4195e-07,2.4789e-06,2.9635e-06
9196.98,0.00069677,0.00063336,0.00066136,7.2294e-06,9.2374e-06,5.737e-06,2.0676e-05,4.8153e-05,5.7619e-05,9.4692e-07,2.4704e-06,2.9508e-06
9210.58,0.00069429,0.00063071,0.00065872,7.0352e-06,9.2356e-06,5.7041e-06,2.0335e-05,4.798e-05,5.7371e-05,9.7039e-07,2.4617e-06,2.938e-06
9224.19,0.00069177,0.00062802,0.00065603,6.8043e-06,9.2349e-06,5.672e-06,1.9996e-05,4.7804e-05,5.7119e-05,1.0065e-06,2.4527e-06,2.925e-06
9237.79,0.00068921,0.00062531,0.00065331,6.5387e-06,9.2349e-06,5.6405e-06,1.9661e-05,4.7627e-05,5.6864e-05,1.0468e-06,2.4435e-06,2.9119e-06
9251.4,0.00068663,0.00062258,0.00065058,6.2411e-06,9.2353e-06,5.6095e-06,1.9331e-05,4.7449e-05,5.6609e-05,1.082e-06,2.4342e-06,2.8987e-06
9265.0,0.00068404,0.00061986,0.00064785,5.9147e-06,9.2356e-06,5.5786e-06,1.9007e-05,4.7272e-05,5.6354e-05,1.103e-06,2.4248e-06,2.8856e-06
9278.61,0.00068145,0.00061713,0.00064512,5.5634e-06,9.2351e-06,5.5474e-06,1.8688e-05,4.7095e-05,5.6099e-05,1.1033e-06,2.4154e-06,2.8724e-06
9292.21,0.00067874,0.0006143,0.00064228,5.1898e-06,9.2316e-06,5.5146e-06,1.8373e-05,4.691e-05,5.5835e-05,1.0808e-06,2.4055e-06,2.8588e-06
9305.82,0.00067675,0.00061213,0.00064013,4.8051e-06,9.2279e-06,5.4825e-06,1.8085e-05,4.6776e-05,5.5631e-05,1.0393e-06,2.3983e-06,2.8483e-06
9319.42,0.00067544,0.00061058,0.00063863,4.4279e-06,9.2475e-06,5.4658e-06,1.7822e-05,4.669e-05,5.5483e-05,9.8528e-07,2.3936e-06,2.8406e-06
9333.03,0.00067278,0.00060782,0.00063586,4.0238e-06,9.2385e-06,5.431e-06,1.7531e-05,4.6511e-05,5.5226e-05,9.2465e-07,2.3843e-06,2.8273e-06
9346.63,0.00067046,0.00060536,0.0006334,3.6245e-06,9.2324e-06,5.3987e-06,1.7256e-05,4.6357e-05,5.4996e-05,8.69e-07,2.3763e-06,2.8155e-06
9360.24,0.00066823,0.00060298,0.00063103,3.2324e-06,9.2261e-06,5.3669e-06,1.6993e-05,4.6208e-05,5.4774e-05,8.2546e-07,2.3687e-06,2.804e-06
9373.84,0.00066601,0.00060062,0.00062869,2.8521e-06,9.2194e-06,5.3356e-06,1.6738e-05,4.6062e-05,5.4554e-05,7.989e-07,2.3613e-06,2.7926e-06
9387.45,0.00066377,0.00059826,0.00062633,2.4879e-06,9.2123e-06,5.3046e-06,1.6491e-05,4.5915e-05,5.4333e-05,7.9132e-07,2.3538e-06,2.7812e-06
9401.05,0.00066149,0.00059585,0.00062393,2.1439e-06,9.2051e-06,5.2742e-06,1.6252e-05,4.5765e-05,5.4109e-05,8.0186e-07,2.3463e-06,2.7697e-06
9414.66,0.00065915,0.00059341,0.00062149,1.8236e-06,9.198e-06,5.2445e-06,1.6021e-05,4.5613e-05,5.3881e-05,8.2694e-07,2.3384e-06,2.7579e-06
9428.26,0.00065676,0.00059091,0.00061899,1.5299e-06,9.191e-06,5.2153e-06,1.5796e-05,4.5456e-05,5.3648e-05,8.6053e-07,2.3303e-06,2.7459e-06
9441.87,0.00065429,0.00058836,0.00061643,1.2652e-06,9.1841e-06,5.1869e-06,1.5579e-05,4.5296e-05,5.3411e-05,8.9478e-07,2.3218e-06,2.7337e-06
9455.47,0.00065176,0.00058574,0.00061381,1.031e-06,9.1772e-06,5.1589e-06,1.5368e-05,4.5131e-05,5.3168e-05,9.2126e-07,2.3131e-06,2.7212e-06
9469.08,0.00064909,0.00058302,0.00061108,8.2837e-07,9.1699e-06,5.1311e-06,1.5163e-05,4.4958e-05,5.2916e-05,9.3259e-07,2.3038e-06,2.7082e-06
9482.68,0.00064589,0.00057982,0.00060784,6.5735e-07,9.1613e-06,5.1029e-06,1.4954e-05,4.4748e-05,5.262e-05,9.2377e-07,2.2926e-06,2.693e-06
9496.29,0.00064412,0.0005779,0.00060595,5.1856e-07,9.1503e-06,5.0744e-06,1.4786e-05,4.4637e-05,5.2441e-05,8.972e-07,2.2865e-06,2.6838e-06
9509.89,0.00064396,0.00057744,0.00060559,4.1213e-07,9.1468e-06,5.052e-06,1.4662e-05,4.4639e-05,5.2395e-05,8.5662e-07,2.2863e-06,2.6813e-06
9523.5,0.00064116,0.00057462,0.00060275,3.3298e-07,9.1349e-06,5.0239e-06,1.4484e-05,4.4458e-05,5.2134e-05,8.0307e-07,2.2768e-06,2.6678e-06
9537.1,0.00063879,0.00057218,0.00060031,2.8132e-07,9.122e-06,4.9959e-06,1.4323e-05,4.4307e-05,5.1908e-05,7.4885e-07,2.2689e-06,2.6562e-06
9550.71,0.00063658,0.00056989,0.00059802,2.5451e-07,9.1077e-06,4.9679e-06,1.4172e-05,4.4168e-05,5.1695e-05,7.0125e-07,2.2618e-06,2.6453e-06
9564.31,0.00063444,0.00056767,0.00059581,2.4969e-07,9.0921e-06,4.9397e-06,1.4029e-05,4.4034e-05,5.1489e-05,6.6606e-07,2.255e-06,2.6346e-06
9577.92,0.00063233,0.00056548,0.00059363,2.6377e-07,9.0755e-06,4.9115e-06,1.3892e-05,4.3902e-05,5.1287e-05,6.4678e-07,2.2483e-06,2.6242e-06
9591.52,0.00063022,0.00056329,0.00059145,2.9348e-07,9.0581e-06,4.8835e-06,1.376e-05,4.3771e-05,5.1084e-05,6.444e-07,2.2417e-06,2.6137e-06
9605.13,0.00062807,0.00056108,0.00058925,3.3554e-07,9.0404e-06,4.8559e-06,1.3631e-05,4.3638e-05,5.0879e-05,6.5757e-07,2.235e-06,2.6032e-06
9618.73,0.00062587,0.00055882,0.00058699,3.8667e-07,9.0228e-06,4.8287e-06,1.3505e-05,4.3501e-05,5.067e-05,6.8264e-07,2.228e-06,2.5924e-06
9632.34,0.00062358,0.00055649,0.00058466,4.4374e-07,9.0054e-06,4.802e-06,1.3381e-05,4.3358e-05,5.0455e-05,7.1396e-07,2.2207e-06,2.5814e-06
9645.94,0.00062118,0.00055406,0.00058223,5.038e-07,8.9884e-06,4.776e-06,1.3258e-05,4.3208e-05,5.0231e-05,7.4441e-07,2.2128e-06,2.5698e-06
9659.55,0.00061855,0.00055143,0.00057959,5.6417e-07,8.972e-06,4.7505e-06,1.3132e-05,4.3042e-05,4.9989e-05,7.6647e-07,2.2041e-06,2.5574e-06
9673.15,0.00061499,0.00054799,0.00057609,6.2243e-07,8.9558e-06,4.7252e-06,1.2989e-05,4.2813e-05,4.9673e-05,7.7315e-07,2.1921e-06,2.5412e-06
9686.76,0.00061325,0.00054616,0.00057428,6.767e-07,8.9414e-06,4.701e-06,1.2885e-05,4.2709e-05,4.9504e-05,7.6454e-07,2.1865e-06,2.5324e-06
9700.36,0.00061405,0.0005466,0.00057487,7.2525e-07,8.925e-06,4.6772e-06,1.2836e-05,4.2783e-05,4.9541e-05,7.4168e-07,2.19e-06,2.5342e-06
9713.97,0.00061118,0.00054378,0.00057202,7.6665e-07,8.9088e-06,4.6526e-06,1.271e-05,4.2602e-05,4.9282e-05,7.0073e-07,2.1805e-06,2.5209e-06
9727.57,0.00060876,0.00054136,0.00056959,8.0015e-07,8.8921e-06,4.6281e-06,1.2593e-05,4.2452e-05,4.9059e-05,6.5308e-07,2.1727e-06,2.5095e-06
9741.18,0.00060652,0.00053911,0.00056734,8.2527e-07,8.8747e-06,4.6033e-06,1.248e-05,4.2315e-05,4.8852e-05,6.0555e-07,2.1657e-06,2.4988e-06
9754.78,0.00060439,0.00053696,0.00056519,8.4188e-07,8.8565e-06,4.5783e-06,1.2368e-05,4.2186e-05,4.8654e-05,5.6458e-07,2.1592e-06,2.4886e-06
9768.39,0.00060233,0.00053487,0.00056312,8.5024e-07,8.8375e-06,4.5531e-06,1.2257e-05,4.2063e-05,4.8462e-05,5.3498e-07,2.1531e-06,2.4788e-06
9781.99,0.00060032,0.00053284,0.00056109,8.5087e-07,8.8179e-06,4.5277e-06,1.2144e-05,4.1943e-05,4.8275e-05,5.1947e-07,2.1472e-06,2.4691e-06
9795.6,0.00059832,0.00053081,0.00055908,8.4456e-07,8.798e-06,4.5022e-06,1.203e-05,4.1824e-05,4.8089e-05,5.187e-07,2.1414e-06,2.4596e-06
9809.2,0.0005963,0.00052878,0.00055705,8.3227e-07,8.7781e-06,4.4769e-06,1.1914e-05,4.1704e-05,4.7902e-05,5.3131e-07,2.1354e-06,2.4499e-06
9822.81,0.00059423,0.0005267,0.00055498,8.1506e-07,8.7585e-06,4.4517e-06,1.1793e-05,4.158e-05,4.7711e-05,5.5408e-07,2.1293e-06,2.4401e-06
9836.41,0.00059205,0.00052454,0.00055282,7.9405e-07,8.7395e-06,4.4269e-06,1.1668e-05,4.145e-05,4.7513e-05,5.8202e-07,2.1227e-06,2.4299e-06
9850.02,0.00058966,0.00052219,0.00055046,7.7031e-07,8.7209e-06,4.4023e-06,1.1536e-05,4.1305e-05,4.7297e-05,6.0887e-07,2.1152e-06,2.4188e-06
9863.62,0.00058644,0.0005191,0.00054732,7.4473e-07,8.7004e-06,4.3769e-06,1.1385e-05,4.1102e-05,4.7016e-05,6.2756e-07,2.1047e-06,2.4044e-06
9877.23,0.00058449,0.00051715,0.00054538,7.1897e-07,8.6922e-06,4.357e-06,1.1256e-05,4.0988e-05,4.6837e-05,6.3504e-07,2.0987e-06,2.3952e-06
9890.83,0.00058539,0.00051773,0.00054611,6.9322e-07,8.685e-06,4.3376e-06,1.1178e-05,4.1075e-05,4.6886e-05,6.302e-07,2.103e-06,2.3977e-06
9904.44,0.00058259,0.00051504,0.00054338,6.6753e-07,8.6696e-06,4.3143e-06,1.1026e-05,4.0903e-05,4.6641e-05,6.0619e-07,2.0941e-06,2.3851e-06
9918.04,0.00058019,0.0005127,0.00054103,6.4288e-07,8.6564e-06,4.2919e-06,1.0879e-05,4.0759e-05,4.6427e-05,5.7086e-07,2.0866e-06,2.3741e-06
9931.65,0.00057794,0.0005105,0.00053883,6.1942e-07,8.6438e-06,4.2697e-06,1.0731e-05,4.0626e-05,4.6226e-05,5.2947e-07,2.0798e-06,2.3637e-06
9945.25,0.00057579,0.00050839,0.00053671,5.9715e-07,8.6314e-06,4.2475e-06,1.0583e-05,4.05e-05,4.6033e-05,4.8824e-07,2.0734e-06,2.3538e-06
9958.86,0.00057372,0.00050636,0.00053469,5.7592e-07,8.6187e-06,4.2251e-06,1.0433e-05,4.0381e-05,4.5847e-05,4.5279e-07,2.0675e-06,2.3443e-06
9972.46,0.00057173,0.00050439,0.00053273,5.5543e-07,8.6056e-06,4.2024e-06,1.0283e-05,4.0267e-05,4.5667e-05,4.273e-07,2.0619e-06,2.3351e-06
9986.07,0.00056979,0.00050248,0.00053083,5.3528e-07,8.592e-06,4.1795e-06,1.0131e-05,4.0157e-05,4.5493e-05,4.1414e-07,2.0565e-06,2.3261e-06
9999.67,0.00056788,0.00050061,0.00052896,5.1496e-07,8.5779e-06,4.1563e-06,9.9779e-06,4.005e-05,4.5322e-05,4.1395e-07,2.0513e-06,2.3173e-06
